Platform Category,Platform Name,Target Employer Segment,Bengaluru Job Volume Benchmark,Portal Direct URL,Search Filter / Target Query
National Giant Job Exchanges,Naukri.com,"All GCCs, Tech Parks, Indian Enterprises, Freshers","150,000+ Active Listings",https://www.naukri.com/jobs-in-bangalore,Keyword: Operations / Support / Freshers | City: Bangalore
National Giant Job Exchanges,LinkedIn Jobs India,"Global Tech Giants, Fortune 500, GCCs, Unicorns","90,000+ Active Listings",https://www.linkedin.com/jobs/jobs-in-bengaluru/,"Operations, Client Support, Associate, Graduate | Location: Bengaluru"
National Giant Job Exchanges,Foundit (Formerly Monster India),"IT Services, Telecom, Consulting, Real Estate, GCCs","45,000+ Active Listings",https://www.foundit.in/search/jobs-in-bengaluru-bangalore,Function: Operations / Customer Service | City: Bengaluru
National Giant Job Exchanges,Indeed India,"Mass Corporate, E-Commerce, Logistics, Operations","60,000+ Active Listings",https://in.indeed.com/jobs?l=Bengaluru%2C+Karnataka,"Operations Trainee, Client Specialist, BBA Graduate"
National Giant Job Exchanges,Glassdoor India,"Verified Salary Benchmark Requisitions, MNCs","35,000+ Active Listings","https://www.glassdoor.co.in/Job/bangalore-jobs-SRCH_IL.0,9_IC2940587.htm","Early Career Operations, Business Associate"
National Giant Job Exchanges,TimesJobs,"Manufacturing, Large Indian Conglomerates, Telecom","25,000+ Active Listings",https://www.timesjobs.com/candidate/job-search.html?from=submit&actualTxtKeywords=&searchBy=0&rdoOperator=OR&searchType=personalized&luceneResultSize=25&postWeek=60&txtKeywords=&cboWorkExp1=0&cboWorkExp2=2&txtLocation=Bangalore,Experience: 0-2 Yrs | Location: Bangalore
National Giant Job Exchanges,Shine.com,"Banking, Insurance, Corporate Shared Services","30,000+ Active Listings",https://www.shine.com/job-search/jobs-in-bangalore,Category: Operations / BPO / KPO / Executive Support
National Giant Job Exchanges,Apna,"High-Velocity Operations, Logistics, Field & Retail","40,000+ Active Listings",https://apna.co/jobs/jobs-in-bangalore,Graduate / Operations / Back Office / Bengaluru
Startup & Unicorn Talent Hubs,Instahyre,"Series A-E Startups, Tech Unicorns, Global GCCs","6,870+ Premium Requisitions",https://www.instahyre.com/jobs-in-bangalore/,"Non-Tech Roles: Business Operations, Sales, Customer Success"
Startup & Unicorn Talent Hubs,Cutshort,Early-Stage to Series D Tech Startups (HSR/Koramangala),"13,588+ Startup Requisitions",https://cutshort.io/jobs/startup-jobs-in-bangalore-bengaluru,"Operations, Founders Office, Customer Success"
Startup & Unicorn Talent Hubs,Wellfound (Formerly AngelList Talent),Global & Bengaluru Seed to Growth Startups,"4,200+ Startup Openings",https://wellfound.com/location/bangalore,"Operations, Growth, Customer Support | Bangalore"
Startup & Unicorn Talent Hubs,Y Combinator (Work at a Startup),YC Backed Startups in Bengaluru / India Hubs,350+ Elite YC Roles,https://www.workatastartup.com/jobs/v2?role=operations,Location: Bengaluru / India | Role: Operations / Growth
Startup & Unicorn Talent Hubs,"Hirist.tech (Product, E-Com & FinTech)",Info Edge Tech Portal for Startups & GCCs,"12,000+ Specialized Roles",https://www.hirist.tech/,"Tracks: Product Jobs, E-Commerce Jobs, FinTech Jobs"
Startup & Unicorn Talent Hubs,Hasjob,India's Open FOSS & Bootstrap Tech Startup Board,400+ Direct Founder Listings,https://hasjob.co/,"City: Bengaluru | Tags: operations, generalist"
Startup & Unicorn Talent Hubs,eChai Ventures Jobs,Vibrant Indian Founder Community Hiring,250+ Startup Openings,https://echai.ventures/jobs,Bengaluru Startups / Early Stage
Startup & Unicorn Talent Hubs,Inc42 Startup Job Board,Indian Tech Startups & Direct Media Backed Openings,"1,200+ Tech Ecosystem Roles",https://inc42.com/jobs/,Location: Bengaluru
Startup & Unicorn Talent Hubs,YourStory Job Board,Indian Startup Ecosystem Stories & Emerging Startups,800+ Direct Startup Roles,https://yourstory.com/jobs,Bangalore Startups
Direct Enterprise ATS Engines,AshbyHQ Global Sourcing,"Modern Silicon Valley & Bengaluru Unicorns (Ramp, Linear)","1,500+ Unindexed High-Pay Roles",https://jobs.ashbyhq.com/,Google Dork: site:jobs.ashbyhq.com 'Operations' 'Bengaluru'
Direct Enterprise ATS Engines,Greenhouse.io Job Boards,"Stripe, Airbnb, Coinbase, Deliveroo, Target in India","3,000+ Direct Corporate Roles",https://boards.greenhouse.io/,Google Dork: site:boards.greenhouse.io 'Bangalore' 'Operations'
Direct Enterprise ATS Engines,Lever.co Job Boards,"Netflix, Shopify, High-Growth Enterprise SaaS","2,200+ Direct Corporate Roles",https://jobs.lever.co/,Google Dork: site:jobs.lever.co 'Bangalore' ('Operations' OR 'Support')
Direct Enterprise ATS Engines,Workday Enterprise Careers,"Walmart, Target, Amazon, Google, Diageo, Shell GCCs","15,000+ Fortune 500 GCC Roles",https://www.myworkdayjobs.com/,Google Dork: site:myworkdayjobs.com 'Bengaluru' 'Analyst' OR 'Associate'
Direct Enterprise ATS Engines,Workable Job Boards,Mid-Market Global SaaS with India Development Hubs,"1,100+ Direct Roles",https://apply.workable.com/,Google Dork: site:apply.workable.com 'Bengaluru' 'Operations'
Direct Enterprise ATS Engines,SmartRecruiters,"Visa, Bosch, Schneider Electric, Publicis Sapient","2,500+ Enterprise Requisitions",https://careers.smartrecruiters.com/,Google Dork: site:careers.smartrecruiters.com 'Bangalore'
Global Remote & USD Contracts,Jobspresso,100% Remote Global Companies with Direct ATS Links,800+ Active Worldwide Roles,https://jobspresso.co/remote-work/,"Categories: Operations, Support, Marketing"
Global Remote & USD Contracts,WeWorkRemotely (WWR),"World's Largest Remote Community (Basecamp, Automattic)","1,200+ Remote Positions",https://weworkremotely.com/categories/remote-customer-support-jobs,"Remote Customer Support, Operations, Management"
Global Remote & USD Contracts,RemoteOK,"Worldwide Remote Openings in Tech, Support & Operations","2,000+ Worldwide Remote Roles",https://remoteok.com/,"Tags: Operations, Non-Tech, Support, Worldwide"
Global Remote & USD Contracts,FlexJobs,Vetted Remote Entry-Level Roles with Full US/Global Benefits,500+ India/Global Remote Roles,https://www.flexjobs.com/search,Anywhere in World / India Eligible | Entry-Level
Global Remote & USD Contracts,Working Nomads,Digital Nomad & Async Global Teams,600+ Global Positions,https://www.workingnomads.com/jobs,"Category: Customer Support, Administration, Management"
Global Remote & USD Contracts,Himalayas,Transparent Salary Remote Jobs with Timezone Filtering,"1,500+ Remote Roles",https://himalayas.app/jobs,"Country: India | Roles: Operations, Customer Success"
Global Remote & USD Contracts,Upwork Global Contracts,"$500 - $5,000 Milestones / $35 - $85/hr Outbound & Automation","10,000+ Active Fixed/Hourly Contracts",https://www.upwork.com/nx/s/find-work/best-matches/,"Keywords: n8n, Clay, Lead Generation, Operations"
Global Remote & USD Contracts,Contra,0% Commission High-Ticket Remote Freelance Network,800+ High-Ticket Visual & Ops Contracts,https://contra.com/,"Automation, Workflow Design, Outbound Systems"
Specialized Sector Portals,Hospitality Online,"Marriott, Ritz-Carlton, Hilton, Hyatt, IHG",450+ Luxury Hotel Requisitions,https://www.hospitalityonline.com/,"Front Office, Concierge, Guest Relations | Bangalore"
Specialized Sector Portals,HCareers,"Executive Hospitality, Resort Operations & Pre-Opening",300+ Premium Hospitality Roles,https://www.hcareers.com/,Bangalore / Luxury Hotel Operations
Specialized Sector Portals,CatererGlobal,International Ultra-Luxury Brands & Five-Star Properties,250+ Elite Openings,https://www.catererglobal.com/,Location: India / Bengaluru
Specialized Sector Portals,AeroJobs / Aviation Job Search,"AERO India, HAL, Collins Aerospace, Boeing India (BIETC)",200+ Aerospace Operations Openings,https://www.aviationjobsearch.com/,"Operations Coordinator, Supply Chain | Bengaluru"
Executive Search & Recruitment Agencies,Randstad India,"Tier-1 IT, FinTech, Shared Services & Lateral Sourcing","1,500+ Exclusive Sourced Roles",https://www.randstad.in/jobs/bangalore/,"Domain: Corporate Operations, Shared Services, Sales"
Executive Search & Recruitment Agencies,Michael Page India,"Mid-to-Senior Management, Global MNCs, Shared Services",800+ Curated Exclusive Mandates,https://www.michaelpage.co.in/jobs/bangalore,"Discipline: Operations, Procurement, Supply Chain"
Executive Search & Recruitment Agencies,ABC Consultants,"Executive Search, Leadership & Campus Lateral Placement",600+ Strategic Mandates,https://www.abcconsultants.in/,"Practices: Consumer & Retail, Technology, GCCs"
Executive Search & Recruitment Agencies,Adecco India,"High-Volume Corporate Staffing, E-Commerce, Logistics","1,200+ Corporate Openings",https://www.adecco.co.in/jobs-in-bangalore/,"Roles: Operations Associate, Support Executive"
Executive Search & Recruitment Agencies,Kelly Services India,"Life Sciences, Tech Services & Financial Institutions",700+ Mandates,https://www.kellyservices.co.in/,Bangalore Corporate Hubs
Executive Search & Recruitment Agencies,ManpowerGroup India,"Multinational Enterprises, GCC Shared Services",900+ Openings,https://www.manpowergroup.co.in/,Operations / Customer Experience / Bangalore
