Company ID,Company Name,Stock Exchange Listing,Market Cap / Valuation,Country,Industry Sector,Bangalore Tech Park / Location,Target Role (Non-Sales),Total CTC Range (LPA),HR / Talent Lead,Direct HR Email,Desk Phone,Careers Portal URL
LST-001,Apple Inc. (Apple India),NASDAQ: AAPL,"$3,400 Billion (World #1)",USA,"Consumer Tech, Hardware & Retail","Prestige Minsk Square, Cubbon Road / UB City",Retail Operations & SCM Coordinator,₹8.5L - ₹11.5L,Sunil Nair,india_recruitment@apple.com,+91-80-4045-5000,https://www.apple.com/careers/in/
LST-002,Microsoft Corporation (Microsoft India),NASDAQ: MSFT,"$3,100 Billion",USA,"Enterprise Cloud, Software & AI","Prestige Ferns Galaxy & Vigyan, Bellandur, ORR",Global Business Operations & Commercial Contracts,₹9.5L - ₹13.5L,Ashwini Ramdas,indiacareers@microsoft.com,+91-80-6699-0000,https://careers.microsoft.com/
LST-003,NVIDIA Corporation (NVIDIA India),NASDAQ: NVDA,"$2,800 Billion",USA,AI Semiconductors & Accelerated Compute,Manyata Embassy Business Park & Bagmane Tech Park,Global Operations & Supply Planning Analyst,₹10.5L - ₹15.0L,Kavita Rao,india-recruitment@nvidia.com,+91-80-4138-0000,https://www.nvidia.com/en-us/about-nvidia/careers/
LST-004,Alphabet Inc. (Google India),NASDAQ: GOOGL,"$2,200 Billion",USA,"Search, Cloud Tech & Digital Ecosystems","RMZ Infinity, Old Madras Road & Bagmane Tech Park",Business Operations & Partner Services Associate,₹10.0L - ₹14.5L,Karthik Nair,in-recruitment@google.com,+91-80-6721-8000,https://careers.google.com/locations/bangalore/
LST-005,Amazon.com Inc. (Amazon India),NASDAQ: AMZN,"$1,900 Billion",USA,"E-Commerce, Cloud & Logistics","World Trade Center (WTC), Rajajinagar & Bagmane ORR",Operations Specialist / TRMS Risk Investigator,₹7.2L - ₹9.8L,Sreeja Govindankutty,operations-in-jobs@amazon.com,+91-80-4197-0000,https://www.amazon.jobs/en/locations/bangalore-india
LST-006,Meta Platforms Inc. (Meta India),NASDAQ: META,"$1,300 Billion",USA,Social Technology & AI Infrastructure,Central CBD / Richmond Road Corridor,Global Business Operations & Risk Associate,₹9.5L - ₹13.5L,Talent Acquisition Desk,apac-careers@meta.com,+91-80-4567-0000,https://www.metacareers.com/locations/bangalore/
LST-007,Walmart Inc. (Walmart Global Tech),NYSE: WMT,$650 Billion (Fortune #1),USA,Global Retail Tech & Supply Chain,"RMZ Ecospace, Outer Ring Road, Bellandur",Associate Operations Analyst (Global SCM),₹7.5L - ₹9.5L,Ammini Swetha Ravindran,indiacareers@walmart.com,+91-80-6784-0000,https://careers.walmart.com/
LST-008,JPMorgan Chase & Co. (JPMorgan India),NYSE: JPM,$580 Billion,USA,Global Investment Banking & Financial Markets,"Embassy TechVillage, Outer Ring Road, Bellandur",Global Operations & Trade Finance Associate,₹9.0L - ₹12.0L,Sanya Malhotra,india.campus.recruitment@jpmorgan.com,+91-80-6725-5000,https://careers.jpmorganchase.com/
LST-009,Novo Nordisk A/S (Novo Nordisk GBS),CPH: NOVO-B,$550 Billion,Denmark,Biotech & Global Healthcare SCM,"Prestige Tech Park, Outer Ring Road, Kadubeesanahalli",Global Business Operations & Data Analyst,₹8.0L - ₹10.5L,Talent Sourcing Desk,globalpeopleops@novonordisk.com,+91-80-4030-3000,https://www.novonordisk.co.in/careers.html
LST-010,ExxonMobil Corporation,NYSE: XOM,$480 Billion,USA,"Energy, Petrochemicals & SCM Logistics","Prestige Shantiniketan, Whitefield Main Road",Commercial Logistics & Fleet Procurement Trainee,₹7.5L - ₹9.8L,Exxon Campus Sourcing,india.recruitment@exxonmobil.com,+91-80-4911-0000,https://jobs.exxonmobil.com/
LST-011,Oracle Corporation (Oracle India),NYSE: ORCL,$380 Billion,USA,Enterprise Cloud & Database Tech,"Kalyani Magnum Tech Park, JP Nagar & Prestige Tech Park",Commercial Contracts & Operations Specialist,₹7.5L - ₹9.8L,Oracle Campus Talent Team,india_recruitment@oracle.com,+91-80-4108-0000,https://www.oracle.com/corporate/careers/
LST-012,Bank of America (BofA Continuum),NYSE: BAC,$310 Billion,USA,Global Commercial & Investment Banking,Manyata Embassy Business Park & RMZ Ecoworld,Global Trade Operations Associate,₹8.5L - ₹11.0L,Early Careers India,indiacampus@bofa.com,+91-80-4138-5000,https://campus.bankofamerica.com/
LST-013,Cisco Systems Inc. (Cisco India),NASDAQ: CSCO,$220 Billion,USA,"Networking, Telecom Systems & Cloud","Cessna Business Park, Kadubeesanahalli, ORR",Global Supply Chain Operations Analyst,₹8.0L - ₹10.5L,Shimna M,talent-india@cisco.com,+91-80-4426-0000,https://jobs.cisco.com/
LST-014,Shell plc (Shell Technology Centre),LSE: SHEL,$220 Billion,UK,"Energy Technology, LNG & Global Trade","Shell Technology Centre, Devanahalli / Whitefield",Supply Chain & Trade Operations Associate,₹8.0L - ₹10.5L,Shell India Careers,careers-india@shell.com,+91-80-6777-0000,https://www.shell.in/careers.html
LST-015,Morgan Stanley Advantage Services,NYSE: MS,$170 Billion,USA,Institutional Equity & Trade Settlements,"RMZ Ecoworld, Bellandur, Outer Ring Road",Institutional Operations & Settlements Analyst,₹9.0L - ₹12.5L,Campus Recruitment Team,msindia_recruitment@morganstanley.com,+91-80-6789-5000,https://www.morganstanley.com/about-us/careers
LST-016,Goldman Sachs Group (Goldman Sachs India),NYSE: GS,$160 Billion,USA,Global Investment Banking & Securities,"Helios Business Park, Kadubeesanahalli, ORR",Global Markets Operations Analyst (Settlements),₹9.5L - ₹13.0L,Akshitha R,bengalurucampus@gs.com,+91-80-4127-0000,https://www.goldmansachs.com/careers/
LST-017,International Business Machines (IBM India),NYSE: IBM,$160 Billion,USA,"Enterprise Cloud, AI & Business Services","Manyata Embassy Business Park, Hebbal ORR",Supply Chain & Operations Consultant,₹7.2L - ₹9.2L,Manisha Suna,recruitment-india@ibm.com,+91-80-4177-4000,https://www.ibm.com/in-en/employment/
LST-018,Siemens AG (Siemens Technology STS),FWB: SIE,$140 Billion,Germany,Industrial Automation & GBS Operations,"Gold Hill Supreme Park, Electronic City Phase 2",Industrial Operations & Business Support Analyst,₹7.2L - ₹9.2L,Anil Kulkarni,careers.india.sts@siemens.com,+91-80-3028-5000,https://jobs.siemens.com/
LST-019,HSBC Holdings plc (HSBC EDPI),LSE: HSBA,$140 Billion,UK,"Global Banking, Trade & Export Receivables","RMZ Ecoworld, Bellandur, Outer Ring Road",Global Trade & Receivables Finance Associate,₹7.2L - ₹9.2L,Nandita Sen,edpi.recruitment@hsbc.co.in,+91-80-4180-8000,https://www.hsbc.com/careers
LST-020,Schneider Electric SE (Schneider India),EPA: SU,$125 Billion,France,Energy Management & Industrial SCM,"Bearys Global Research Triangle, Whitefield",Global Supply Chain Executive (Industrial),₹7.0L - ₹9.0L,Suhasini Rao,careers.india@se.com,+91-80-6828-4000,https://www.se.com/in/en/about-us/careers/
LST-021,Airbus SE (Airbus India),EPA: AIR,$115 Billion,France/EU,Commercial Aviation & Aerospace SCM,"Divyasree Technopolis, Yemalur / HAL Airport Road",Aviation Supply Chain Coordinator,₹7.5L - ₹9.8L,Early Careers India,airbus.careers.india@airbus.com,+91-80-4194-5000,https://www.airbus.com/en/careers
LST-022,The Boeing Company (Boeing India BIETC),NYSE: BA,$110 Billion,USA,Commercial & Defense Aerospace,"Boeing India Engineering Center, Aerospace Park, Devanahalli",Supply Chain & Logistics Operations Trainee,₹7.8L - ₹10.2L,Rohan Mehra,indiajobs@boeing.com,+91-80-6765-1000,https://jobs.boeing.com/location/bangalore-jobs/185/1277333/2
LST-023,Sony Group Corporation (Sony India),TYO: 6758,$100 Billion,Japan,"Consumer Electronics, Media & Tech","Embassy TechVillage, Outer Ring Road, Bellandur",Commercial Operations & Vendor SLA Associate,₹7.0L - ₹9.2L,Sony India Talent Desk,sonyindia.careers@sony.com,+91-80-6746-8000,https://www.sony.co.in/careers
LST-024,Dell Technologies Inc. (Dell India),NYSE: DELL,$90 Billion,USA,Cloud Infrastructure & SCM Operations,"Embassy GolfLinks Business Park (EGL), Domlur",Global Supply Chain & Logistics Operations Associate,₹7.5L - ₹9.6L,Kiran George,india.careers@dell.com,+91-80-2506-8000,https://jobs.dell.com/location/bangalore-jobs/375/1277333/2
LST-025,Mercedes-Benz Group AG (MBRDI),FWB: MBG,$75 Billion,Germany,Luxury Mobility & Automotive SCM R&D,"Brigade Tech Gardens (BTG), Brookefield, Whitefield",Automotive Supply Chain & Vendor Operations Trainee,₹7.2L - ₹9.5L,MBRDI Talent Team,careers_mbrdi@mercedes-benz.com,+91-80-6768-6000,https://www.mbrdi.co.in/careers/
LST-026,A.P. Moller - Maersk (Maersk India),CPH: MAERSK-B,$35 Billion,Denmark,"Global Ocean Freight, Logistics & Ports","Bagmane Constellation Business Park, Doddanekkundi, ORR",Ocean Logistics & Supply Chain Operations Trainee,₹6.8L - ₹8.8L,Divya Philip,india.careers@maersk.com,+91-80-6701-7000,https://www.maersk.com/careers
LST-027,Reliance Industries Limited (Retail & Jio Tech),NSE: RELIANCE,"₹20,00,000 Cr ($240B)",India,"Retail Supply Chain, Telecom & Energy","Reliance Retail Tech Hub, Bellandur & Whitefield",Supply Chain Operations Specialist / Vendor SLA Lead,₹7.5L - ₹10.0L,Reliance Early Careers Desk,careers.retail@ril.com,+91-80-4900-1000,https://careers.ril.com/
LST-028,Tata Consultancy Services (TCS) / Tata Group,NSE: TCS,"₹14,50,000 Cr ($175B)",India,Enterprise Tech & Global Business Solutions,"ThinkCampus, Electronic City Phase 2 & Whitefield",Global Process Associate / Operations Analyst,₹4.2L - ₹5.8L,TCS Campus Hiring Desk,careers.bps@tcs.com,+91-80-6724-0000,https://www.tcs.com/careers/india
LST-029,HDFC Bank Limited,NSE: HDFCBANK,"₹12,80,000 Cr ($155B)",India,"Private Banking, Treasury & Global Back-Office",Central CBD / Kasturba Road & Koramangala Hubs,Commercial Banking Operations & Trade Credit Analyst,₹6.5L - ₹8.5L,HDFC Bank Talent Team,careers@hdfcbank.com,+91-80-4900-2222,https://www.hdfcbank.com/careers
LST-030,Bharti Airtel Limited (Airtel Digital),NSE: BHARTIARTL,"₹9,20,000 Cr ($110B)",India,Telecom Infrastructure & Enterprise Network,"Airtel Centre, Divyasree Technopolis, Yemalur",Network Operations & Vendor SLA Coordinator,₹6.8L - ₹9.0L,Airtel Campus Cell,careers@airtel.com,+91-80-4190-0000,https://www.airtel.in/careers/
LST-031,State Bank of India (SBI Corporate Hub),NSE: SBIN,"₹7,20,000 Cr ($86B)",India,State-Owned Banking & Trade Clearing,"SBI Local Head Office, St. Mark's Road, Bengaluru",Trade Finance Operations & Clearing Officer,₹6.0L - ₹8.0L,SBI HR Recruitment Cell,recruitment@sbi.co.in,+91-80-2594-3000,https://bank.sbi/careers
LST-032,Infosys Limited (Global Headquarters),NSE: INFY,"₹7,80,000 Cr ($94B)",India,"Enterprise Tech, BPM & Digital Services","Infosys Electronic City Global Campus, Hosur Road",Supply Chain & Order Management Process Executive,₹4.5L - ₹6.5L,Infosys BPM Campus Desk,bpmcareers@infosys.com,+91-80-2852-0261,https://www.infosysbpm.com/careers.html
LST-033,Hindustan Unilever Limited (HUL),NSE: HINDUNILVR,"₹6,00,000 Cr ($72B)",UK/India,Consumer Goods & SCM Distribution,"Unilever Campus, Whitefield Main Road, Bengaluru",Supply Chain Operations Trainee / Demand Planning,₹8.5L - ₹11.0L,Alok Sharma,careers.hul@unilever.com,+91-80-3983-0000,https://www.hul.co.in/careers/
LST-034,Larsen & Toubro (L&T Technology Services HQ),NSE: LT,"₹5,10,000 Cr ($61B)",India,"Industrial Engineering, Infrastructure & Defense","Manyata Tech Park & Electronic City, Bengaluru",Engineering Operations & Procurement Coordinator,₹6.5L - ₹8.8L,LTTS Talent Sourcing,careers@ltts.com,+91-80-6767-5000,https://www.ltts.com/careers
LST-035,Titan Company Limited (Global Headquarters),NSE: TITAN,"₹3,10,000 Cr ($37B)",India (Tata Group),"Luxury Retail, Jewelry, Eyewear & Watches","'Integrity', #132/133, Hosur Road, Electronic City",Retail Supply Chain & Merchandising Operations Associate,₹7.0L - ₹9.5L,Titan Human Resources Cell,careers@titan.co.in,+91-80-6704-7000,https://www.titancompany.in/careers
LST-036,Hindustan Aeronautics Limited (HAL Global HQ),NSE: HAL,"₹3,10,000 Cr ($37B)",India (Defense PSU),Military Aerospace & Fighter Aircraft Manufacturing,"15/1, Cubbon Road & Old Airport Road, Bengaluru",Aerospace Logistics & Component Procurement Trainee,₹6.5L - ₹8.5L,HAL Executive Recruitment Cell,careers@hal-india.co.in,+91-80-2232-0100,https://hal-india.co.in/Careers
LST-037,Wipro Limited (Global Headquarters),NSE: WIPRO,"₹2,60,000 Cr ($31B)",India,"IT Services, Global Operations & BPS","Doddakannelli, Sarjapur Road, Bengaluru",Logistics & Commercial Process Associate,₹4.5L - ₹6.2L,Wipro Campus Operations,manager.campus@wipro.com,+91-80-2844-0011,https://careers.wipro.com/global-operations
LST-038,Bharat Electronics Limited (BEL Global HQ),NSE: BEL,"₹2,20,000 Cr ($26B)",India (Defense PSU),"Defense Radar, Missile Systems & Avionics","Outer Ring Road, Nagavara & Jalahalli, Bengaluru",Materials Management & Commercial Operations Officer,₹6.5L - ₹8.5L,BEL Recruitment Division,recruitment@bel.co.in,+91-80-2503-9300,https://bel-india.in/Careers/
LST-039,Trent Limited (Westside / Zudio / Tata Group),NSE: TRENT,"₹2,40,000 Cr ($29B)",India (Tata Group),High-Growth Fashion Retail & Fast-Moving SCM,Bangalore Regional Hub & Central Distribution Center,Retail SCM & Inventory Allocation Analyst,₹7.2L - ₹9.5L,Trent Talent Acquisition,careers@trent-tata.com,+91-80-4900-5555,https://mywestside.com/pages/careers
LST-040,Zomato Limited (Blinkit Quick-Commerce Ops),NSE: ZOMATO,"₹2,40,000 Cr ($29B)",India,Food Delivery & Hyperlocal Quick Commerce,Koramangala 4th Block & HSR Layout Corridors,City Logistics Operations & Dark Store SCM Lead,₹7.5L - ₹10.5L,Zomato / Blinkit Talent Desk,careers@zomato.com,+91-80-6819-7000,https://www.zomato.com/careers
LST-041,Tata Elxsi Limited (Global Headquarters),NSE: TATAELXSI,"₹45,000 Cr ($5.5B)",India (Tata Group),Design & Technology Services (Auto & Media),"ITPB Road, Whitefield, Bengaluru",Business Operations & Project Governance Associate,₹6.5L - ₹8.8L,Tata Elxsi Early Careers,careers@tataelxsi.com,+91-80-2297-9123,https://www.tataelxsi.com/careers
LST-042,Britannia Industries Limited (Global HQ),NSE: BRITANNIA,"₹1,25,000 Cr ($15B)",India (Wadia Group),"FMCG, Food Products & Pan-India Distribution","Britannia Gardens, Old Airport Road, Vimanapura",Supply Chain & Logistics Operations Trainee,₹7.0L - ₹9.2L,Britannia People Team,careers@britindia.com,+91-80-3940-0000,https://www.britannia.co.in/careers
LST-043,Biocon Limited (Global Headquarters),NSE: BIOCON,"₹40,000 Cr ($4.8B)",India,"Biopharmaceuticals, Biosimilars & Healthcare SCM","20th KM, Hosur Road, Electronic City, Bengaluru",Cold Chain Logistics & Regulatory Documentation Associate,₹6.5L - ₹8.8L,Biocon Talent Acquisition,careers@biocon.com,+91-80-2808-2808,https://www.biocon.com/careers/
LST-044,Swiggy Limited (Newly Listed Unicorn),NSE: SWIGGY,"₹90,000 Cr ($11B)",India,"Consumer Internet, Food & Instamart Quick Commerce","Embassy TechVillage, Outer Ring Road, Devarabeesanahalli",Instamart Category Operations & Vendor SLA Associate,₹6.5L - ₹8.5L,Arun Kumar,recruitment@swiggy.in,+91-80-6746-6700,https://careers.swiggy.com/
LST-045,Bosch Limited India (Global HQ & Plants),NSE: BOSCHLTD,"₹95,000 Cr ($11.5B)",Germany/India,Automotive Technology & Industrial Mobility,"Hosur Road, Adugodi & Electronic City, Bengaluru",Automotive Operations & Supply Chain Trainee,₹6.8L - ₹8.8L,Naveen Prasad,careers@in.bosch.com,+91-80-6752-1111,https://www.bosch.in/careers/
