reference_id,job_title,job_family,job_family_group,function_subtype,management_level,time_type,location,posting_start_date,workday_apply_url
JR1129971,Tech & Solution Architect - Finance,Technology Service Delivery,Technology,Finance,4 Level 4,Full time,"Bangalore, India",2026-10-09,https://diageo.wd3.myworkdayjobs.com/Diageo_Careers/job/Bangalore-India/Tech---Solution-Architect---Finance_JR1129971
JR1130798,GBS Finance Manager,Finance Business Partnering,Finance,Finance,5 Level 5,Full time,"Bangalore, India",2026-10-09,https://diageo.wd3.myworkdayjobs.com/Diageo_Careers/job/Bangalore-India/GBS-Finance-Manager_JR1130798-1
JR1129151,Junior Manager- Benefits Operations - 5C,Payroll,Human Resources,DBS,5 Level 5,Full time,"Bangalore, India",2026-10-09,https://diageo.wd3.myworkdayjobs.com/Diageo_Careers/job/Bangalore-India/Junior-Manager--Payroll-Operations---5C_JR1129151
JR1130878,NAM Tax Compliance Senior Manager,Tax,Finance,Finance,4 Level 4,Full time,"Budapest, Hungary",2026-10-09,https://diageo.wd3.myworkdayjobs.com/Diageo_Careers/job/Budapest-Hungary/NAM-Tax-Compliance-Senior-Manager_JR1130878
JR1130854,Senior Analyst – Order Management & Customer Service,Finance Service Delivery,Finance,DBS,6 Level 6,Full time,"Bangalore, India",2026-10-09,https://diageo.wd3.myworkdayjobs.com/Diageo_Careers/job/Bangalore-India/Senior-Analyst---Order-Management---Customer-Service_JR1130854
JR1130334,Vice President - Strategic Partnerships Manager,Strategy,Strategy and Transformation,Strategy & BD,4 Level 4,Full time,"Bangalore, India",2026-10-09,https://diageo.wd3.myworkdayjobs.com/Diageo_Careers/job/Bangalore-India/Vice-President---Strategic-Partnerships-Manager_JR1130334
JR1128973,Manager -  S2P Process Excellence,Project Management,Strategy and Transformation,DBS,5 Level 5,Full time,"Bangalore, India",2026-10-08,https://diageo.wd3.myworkdayjobs.com/Diageo_Careers/job/Bangalore-India/Manager----S2P-Process-Excellence_JR1128973-1
JR1128284,"Manager, Process Excellence & Change",Project Management,Strategy and Transformation,DBS,5 Level 5,Full time,"Bangalore, India",2026-10-08,https://diageo.wd3.myworkdayjobs.com/Diageo_Careers/job/Bangalore-India/Manager--Process-Excellence---Change_JR1128284
JR1130468,Senior Manager - EHS (South Region)/Environment,Health and Safety,Supply Technical,Supply,5 Level 5,Full time,"Bangalore, India",2026-10-08,https://diageo.wd3.myworkdayjobs.com/Diageo_Careers/job/Bangalore-India/Senior-Manager---EHS--South-Region--Environment_JR1130468
JR1128697,Associate Vice President - Transformation & Portfolio Management,Project Management,Strategy and Transformation,DBS,4 Level 4,Full time,"Bangalore, India",2026-10-07,https://diageo.wd3.myworkdayjobs.com/Diageo_Careers/job/Bangalore-India/Associate-Vice-President---Transformation---Portfolio-Management_JR1128697-1
JR1128945,"VP, Commercial Effectiveness and Pricing",Finance Service Delivery,Finance,DBS,4 Level 4,Full time,"Bangalore, India",2026-10-07,https://diageo.wd3.myworkdayjobs.com/Diageo_Careers/job/Bangalore-India/VP--Commercial-Effectiveness-and-Pricing_JR1128945-1
JR1129899,Manager - Billing & E-invoicing,Finance Service Delivery,Finance,DBS,5 Level 5,Full time,"Bangalore, India",2026-10-07,https://diageo.wd3.myworkdayjobs.com/Diageo_Careers/job/Bangalore-India/Specialist---Billing---E-invoicing_JR1129899-1
JR1130557,Senior Manager – Continuous Improvement & Transformation,Finance Business Partnering,Finance,Finance,5 Level 5,Full time,"Bangalore, India",2026-10-06,https://diageo.wd3.myworkdayjobs.com/Diageo_Careers/job/Bangalore-India/Senior-Manager---Continuous-Improvement---Transformation_JR1130557
JR1130447,Global Audit Manager,Audit and Risk,Finance,Finance,4 Level 4,Full time,"London, England",2026-10-06,https://diageo.wd3.myworkdayjobs.com/Diageo_Careers/job/London-England/Global-Audit-Manager_JR1130447
JR1129907,Manager – Order Enquiries/ Resolution,Finance Service Delivery,Finance,DBS,5 Level 5,Full time,"Bangalore, India",2026-10-06,https://diageo.wd3.myworkdayjobs.com/Diageo_Careers/job/Bangalore-India/Manager---Order-Enquiries--Resolution_JR1129907
JR1130292,Manager – OTC Business Analysis-1,Finance Service Delivery,Finance,DBS,5 Level 5,Full time,"Bangalore, India",2026-10-05,https://diageo.wd3.myworkdayjobs.com/Diageo_Careers/job/Bangalore-India/Manager---OTC-Business-Analysis-1_JR1130292-1
JR1129850,Senior Manager - Federal Tax Compliance,Tax,Finance,Finance,4 Level 4,Full time,"Budapest, Hungary",2026-10-05,https://diageo.wd3.myworkdayjobs.com/Diageo_Careers/job/Budapest-Hungary/Senior-Manager---Federal-Tax-Compliance_JR1129850
JR1130616,Legal Business Solution Owner,Application Development,Technology,GF - D&T,5 Level 5,Full time,"Bangalore, India",2026-10-05,https://diageo.wd3.myworkdayjobs.com/Diageo_Careers/job/Bangalore-India/Legal-Business-Solution-Owner_JR1130616
JR1128274,Manager - Process Excellence,Project Management,Strategy and Transformation,DBS,4 Level 4,Full time,"Bangalore, India",2026-10-05,https://diageo.wd3.myworkdayjobs.com/Diageo_Careers/job/Bangalore-India/Manager---Process-Excellence_JR1128274
JR1130393,Manager Sustainable Operations and Resource Efficiency,Society and Sustainability,Corporate Relations,Supply,5 Level 5,Full time,"Bangalore, India",2026-10-01,https://diageo.wd3.myworkdayjobs.com/Diageo_Careers/job/Bangalore-India/Manager-Sustainable-Operations-and-Resource-Efficiency_JR1130393
JR1129187,Senior Manager - SAP FICO,Enterprise Architecture,Technology,DBS,5 Level 5,Full time,"Bangalore, India",2026-09-30,https://diageo.wd3.myworkdayjobs.com/Diageo_Careers/job/Bangalore-India/Senior-Manager---SAP-FICO_JR1129187-1
JR1130203,Senior Payroll Analyst,Payroll,Human Resources,DBS,6 Level 6,Full time,"Bangalore, India",2026-09-30,https://diageo.wd3.myworkdayjobs.com/Diageo_Careers/job/Bangalore-India/Senior-Payroll-Specialist_JR1130203-1
JR1129154,Junior Manager - Global Reward and Benefits Operations,Administration and Clerical,Business Operations Support,DBS,5 Level 5,Full time,"Bangalore, India",2026-09-30,https://diageo.wd3.myworkdayjobs.com/Diageo_Careers/job/Bangalore-India/Junior-Manager---Global-Reward-and-Benefits-Operations_JR1129154
JR1129152,Junior Manager - Payroll Operations,Human Resource Operations,Human Resources,DBS,5 Level 5,Full time,"Bangalore, India",2026-09-30,https://diageo.wd3.myworkdayjobs.com/Diageo_Careers/job/Bangalore-India/Junior-Manager---Payroll-Operations_JR1129152-1
JR1130271,Change Manager,Project Management,Strategy and Transformation,DBS,5 Level 5,Full time,"Bangalore, India",2026-09-29,https://diageo.wd3.myworkdayjobs.com/Diageo_Careers/job/Bangalore-India/Change-Manager_JR1130271
JR1128938,Senior Practice Lead - P2R Process Excellence,Project Management,Strategy and Transformation,DBS,4 Level 4,Full time,"Bangalore, India",2026-09-29,https://diageo.wd3.myworkdayjobs.com/Diageo_Careers/job/Bangalore-India/Senior-Practice-Lead---P2R-Process-Excellence_JR1128938-1
JR1130118,Associate Vice President -Global process Owner,Project Management,Strategy and Transformation,DBS,4 Level 4,Full time,"Bangalore, India",2026-09-28,https://diageo.wd3.myworkdayjobs.com/Diageo_Careers/job/Bangalore-India/Associate-Vice-President--Global-process-Owner_JR1130118
JR1130223,Employee Experience HR Service Now Lead,Project Management,Strategy and Transformation,DBS,4 Level 4,Full time,"Bangalore, India",2026-09-28,https://diageo.wd3.myworkdayjobs.com/Diageo_Careers/job/Bangalore-India/Employee-Experience-HR-Service-Now-Lead_JR1130223
JR1129162,Junior Manager – Global Payroll Operations,Payroll,Human Resources,DBS,5 Level 5,Full time,"Bangalore, India",2026-09-28,https://diageo.wd3.myworkdayjobs.com/Diageo_Careers/job/Bangalore-India/Junior-Manager---Global-Payroll-Operations_JR1129162
JR1130199,Payroll - Process Lead,Payroll,Human Resources,DBS,5 Level 5,Full time,"Bangalore, India",2026-09-28,https://diageo.wd3.myworkdayjobs.com/Diageo_Careers/job/Bangalore-India/Payroll---Process-Lead_JR1130199
JR1130265,"Senior Analyst, Rewards Operations",Payroll,Human Resources,DBS,6 Level 6,Full time,"Bangalore, India",2026-09-28,https://diageo.wd3.myworkdayjobs.com/Diageo_Careers/job/Bangalore-India/Senior-Analyst--Rewards-Operations_JR1130265-1
JR1130220,Junior Manager GT Stock In Trade Data,Data Engineering and Management,Data and Analytics,GBO,5 Level 5,Full time,"Bangalore, India",2026-09-25,https://diageo.wd3.myworkdayjobs.com/Diageo_Careers/job/Bangalore-India/Junior-Manager-GT-Stock-In-Trade-Data_JR1130220
JR1128409,GB Commercial Systems Analyst,Finance Service Delivery,Finance,DBS,6 Level 6,Full time,"Bangalore, India",2026-09-24,https://diageo.wd3.myworkdayjobs.com/Diageo_Careers/job/Bangalore-India/GB-Commercial-Systems-Analyst_JR1128409-1
JR1129103,Senior Manager - Commercial Digital Partner (RGM),Application Development,Technology,DBS,5 Level 5,Full time,"Bangalore, India",2026-09-23,https://diageo.wd3.myworkdayjobs.com/Diageo_Careers/job/Bangalore-India/Senior-Manager---Commercial-Digital-Partner--RGM-_JR1129103
JR1129313,Senior Manager - Data Integration (S4 Hana),Enterprise Architecture,Technology,DBS,5 Level 5,Full time,"Bangalore, India",2026-09-23,https://diageo.wd3.myworkdayjobs.com/Diageo_Careers/job/Bangalore-India/Senior-Manager---Data-Integration--S4-Hana-_JR1129313-1
JR1129312,Senior Manager - SAP Basis,Enterprise Architecture,Technology,DBS,5 Level 5,Full time,"Bangalore, India",2026-09-17,https://diageo.wd3.myworkdayjobs.com/Diageo_Careers/job/Bangalore-India/Senior-Manager---SAP-Basis_JR1129312-1
JR1128143,Assistant Manager - Pricing & Commercial Operations,Finance Service Delivery,Finance,DBS,5 Level 5,Full time,"Bangalore, India",2026-09-12,https://diageo.wd3.myworkdayjobs.com/Diageo_Careers/job/Bangalore-India/Assistant-Manager---Pricing---Commercial-Operations_JR1128143-1
JR1129175,Senior Specialist - Identity & Access Management (PAM)),Application Development,Technology,GF - D&T,5 Level 5,Full time,"Bangalore, India",2026-09-08,https://diageo.wd3.myworkdayjobs.com/Diageo_Careers/job/Bangalore-India/Senior-Specialist---Identity---Access-Management--PAM--_JR1129175
JR1128298,Junior Manager-Source to Pay - Procurement Operations,Finance Service Delivery,Finance,DBS,5 Level 5,Full time,"Bangalore, India",2026-09-03,https://diageo.wd3.myworkdayjobs.com/Diageo_Careers/job/Bangalore-India/Junior-Manager-Source-to-Pay---Procurement-Operations_JR1128298
JR1126023,Manager - Global Media Partnerships & Procurement,Category Management,Procurement,DBS,5 Level 5,Full time,"Bangalore, India",2026-08-31,https://diageo.wd3.myworkdayjobs.com/Diageo_Careers/job/Bangalore-India/Manager---Global-Media-Partnerships---Procurement_JR1126023
JR1128270,Senior Executive - Logistics Procurement,Category Management,Procurement,Procurement,6 Level 6,Full time,"Bangalore, India",2026-08-14,https://diageo.wd3.myworkdayjobs.com/Diageo_Careers/job/Bangalore-India/Senior-Executive---Logistics-Procurement_JR1128270
JR1128290,Order Management & Customer Service,Commercial Planning,Marketing,DBS,6 Level 6,Full time,"Bangalore, India",2026-08-12,https://diageo.wd3.myworkdayjobs.com/Diageo_Careers/job/Bangalore-India/Order-Management---Customer-Service_JR1128290
JR1127675,Manager - Demand Planner,Planning,Logistics and Planning,Supply,5 Level 5,Full time,"Bangalore, India",2026-07-24,https://diageo.wd3.myworkdayjobs.com/Diageo_Careers/job/Bangalore-India/Manager---Demand-Planner_JR1127675
