Job ID,Job Title,Corporate Level,Division,Job Function,Location,Skills,Requisition URL
181727_GS_MID_CAREER,Corporate Planning & Management-Bengaluru-Associate-Risk Governance,Associate,Corporate Planning & Management,Risk Governance,"Bengaluru, Karnataka, India",,https://higher.gs.com/roles/181727_GS_MID_CAREER
174820_GS_MID_CAREER,The Core Engineering-L2-Bengaluru-Vice President-Software Engineering,Vice President,The Core Engineering,Software Engineering,"Bengaluru, Karnataka, India",,https://higher.gs.com/roles/174820_GS_MID_CAREER
186242_GS_MID_CAREER,Internal Audit - Foundational Engineering Auditor - Vice President - Bengaluru,Vice President,Internal Audit,Technology Audit,"Bengaluru, Karnataka, India",,https://higher.gs.com/roles/186242_GS_MID_CAREER
185363_GS_MID_CAREER,Global Banking & Markets Operations- IB Ops Client Onboarding-Vice President-Bengaluru,Vice President,Global Banking & Markets,Client Onboarding & Configuration,"Bengaluru, Karnataka, India",,https://higher.gs.com/roles/185363_GS_MID_CAREER
186252_GS_MID_CAREER,Asset & Wealth Management- MAS PMR- Vice President- Bengaluru,Vice President,Asset & Wealth Management,Investing & Portfolio Management - Public,"Bengaluru, Karnataka, India",,https://higher.gs.com/roles/186252_GS_MID_CAREER
186251_GS_MID_CAREER,Asset & Wealth Management- MAS PMR - Associate- Bengaluru,Associate,Asset & Wealth Management,Research & Portfolio Management Support,"Bengaluru, Karnataka, India",,https://higher.gs.com/roles/186251_GS_MID_CAREER
186248_GS_MID_CAREER,Asset &  Wealth Management- MAS PMR - Analyst- Bengaluru,Analyst,Asset & Wealth Management,Research & Portfolio Management Support,"Bengaluru, Karnataka, India",,https://higher.gs.com/roles/186248_GS_MID_CAREER
186253_GS_MID_CAREER,Asset & Wealth Management - MAS Research- Associate- Bengaluru,Associate,Asset & Wealth Management,Public Investing Research,"Bengaluru, Karnataka, India",,https://higher.gs.com/roles/186253_GS_MID_CAREER
181192_GS_MID_CAREER,GBM - Public Dept-Bengaluru-Vice President-Quantitative Engineering,Vice President,Global Banking & Markets,Quantitative Engineering,"Bengaluru, Karnataka, India",,https://higher.gs.com/roles/181192_GS_MID_CAREER
186312_GS_MID_CAREER,Corporate Planning & Management - Product Finance - Analyst - Bengaluru,Analyst,Corporate Planning & Management,Product Finance,"Bengaluru, Karnataka, India",,https://higher.gs.com/roles/186312_GS_MID_CAREER
186313_GS_MID_CAREER,Corporate Planning & Management - Product Finance - Associate - Bengaluru,Associate,Corporate Planning & Management,Product Finance,"Bengaluru, Karnataka, India",,https://higher.gs.com/roles/186313_GS_MID_CAREER
184222_GS_MID_CAREER,Global Banking Market -Portfolio Lifecycle Management-Senior Analyst-Bengaluru,Senior Analyst,Global Banking & Markets,Portfolio Lifecycle Management,"Bengaluru, Karnataka, India",,https://higher.gs.com/roles/184222_GS_MID_CAREER
186122_GS_MID_CAREER,Wealth Management-Private Lending Services-Associate -Bengaluru,Associate,Asset & Wealth Management,Client Onboarding & Configuration,"Bengaluru, Karnataka, India",,https://higher.gs.com/roles/186122_GS_MID_CAREER
185186_GS_MID_CAREER,Tax-Tax Documentation-Analyst-Bengaluru,Analyst,Tax,Tax Processing,"Bengaluru, Karnataka, India",,https://higher.gs.com/roles/185186_GS_MID_CAREER
185187_GS_MID_CAREER,Tax- Tax Documentation - Analyst - Bengaluru,Analyst,Tax,Tax Processing,"Bengaluru, Karnataka, India",,https://higher.gs.com/roles/185187_GS_MID_CAREER
176756_GS_MID_CAREER,The Core Engineering - Search & Entity Model Eng - Vice President - Bengaluru,Vice President,The Core Engineering,Software Engineering,"Bengaluru, Karnataka, India",,https://higher.gs.com/roles/176756_GS_MID_CAREER
171019_GS_MID_CAREER,Tax Operations - Tax Withholding- Senior Associate - Bengaluru,Senior Associate,Tax,Tax Processing,"Bengaluru, Karnataka, India",,https://higher.gs.com/roles/171019_GS_MID_CAREER
180778_GS_MID_CAREER,The Core Engineering- BLR/HYD,Associate,Engineering Division,,"Bengaluru, Karnataka, India",,https://higher.gs.com/roles/180778_GS_MID_CAREER
185513_GS_MID_CAREER,GBM - Loan Management & Due Diligence - CRE - Associate - Bengaluru,Associate,Global Banking & Markets,Loan Management & Due Diligence,"Bengaluru, Karnataka, India",,https://higher.gs.com/roles/185513_GS_MID_CAREER
171320_GS_MID_CAREER,"Asset & Wealth Management, Investment Grade Private Credit / Structured Corporate Credit – Analyst - Bengaluru",Analyst,Asset & Wealth Management,Investing & Portfolio Management - Private,"Bengaluru, Karnataka, India",,https://higher.gs.com/roles/171320_GS_MID_CAREER
185937_GS_MID_CAREER,GBM-Bengaluru-Vice President-Software Engineering,Vice President,Global Banking & Markets,Software Engineering,"Bengaluru, Karnataka, India",,https://higher.gs.com/roles/185937_GS_MID_CAREER
179689_GS_MID_CAREER,The Core-Bengaluru-Vice President-Software Engineering,Vice President,The Core Engineering,Software Engineering,"Bengaluru, Karnataka, India",,https://higher.gs.com/roles/179689_GS_MID_CAREER
185332_GS_MID_CAREER,Asset & Wealth management - Marcus Delivery - US Deposits Delivery - Analyst -Bengaluru,Analyst,Asset & Wealth Management,Digital Operations - Specialist,"Bengaluru, Karnataka, India",,https://higher.gs.com/roles/185332_GS_MID_CAREER
133819_GS_MID_CAREER,Wealth Management-Bengaluru-Digital Operations - UK Fulfilment - Specialist:,Call Center Representative,Asset & Wealth Management,,"Bengaluru, Karnataka, India",,https://higher.gs.com/roles/133819_GS_MID_CAREER
185350_GS_MID_CAREER,Compliance- Markets Surveillance -Analyst- Bengaluru,Analyst,Compliance Division,Financial Crime Controls,"Bengaluru, Karnataka, India",,https://higher.gs.com/roles/185350_GS_MID_CAREER
185273_GS_MID_CAREER,GBM - Public Dept-Bengaluru-Associate-Software Engineering,Associate,Global Banking & Markets,Software Engineering,"Bengaluru, Karnataka, India",,https://higher.gs.com/roles/185273_GS_MID_CAREER
145565_GS_MID_CAREER,Direct to Consumer - Bengaluru- US Deposits - Complaints,Call Center Representative,Asset & Wealth Management,,"Bengaluru, Karnataka, India",,https://higher.gs.com/roles/145565_GS_MID_CAREER
174641_GS_MID_CAREER,Asset & Wealth Management (Private)– Real Estate Asset Management Analyst - Bengaluru,Analyst,Asset & Wealth Management,Asset Management,"Bengaluru, Karnataka, India",,https://higher.gs.com/roles/174641_GS_MID_CAREER
176009_GS_MID_CAREER,GBM - Systematic Credit - Quantitative Engineering - Associate - Bengaluru,Associate,Global Banking & Markets,Quantitative Engineering,"Bengaluru, Karnataka, India",,https://higher.gs.com/roles/176009_GS_MID_CAREER
184665_GS_MID_CAREER,GBM - TxB - Project Management - Vice President - Bengaluru,Vice President,Global Banking & Markets,Project Management,"Bengaluru, Karnataka, India",,https://higher.gs.com/roles/184665_GS_MID_CAREER
184063_GS_MID_CAREER,GBM - Transaction Banking Technology - Bengaluru - Vice President - Data Engineering,Vice President,Global Banking & Markets,Software Engineering,"Bengaluru, Karnataka, India",,https://higher.gs.com/roles/184063_GS_MID_CAREER
176088_GS_MID_CAREER,GBM - TxB Platform Eng - Bengaluru - Vice President - Software Engineering,Vice President,Global Banking & Markets,Software Engineering,"Bengaluru, Karnataka, India",,https://higher.gs.com/roles/176088_GS_MID_CAREER
183844_GS_MID_CAREER,Tax-New Bus & Tax Reg Compliance-Vice President-Bengaluru,Vice President,Tax,Tax Processing,"Bengaluru, Karnataka, India",,https://higher.gs.com/roles/183844_GS_MID_CAREER
184679_GS_MID_CAREER,AWM - Administrative Assistant- Support- Bengaluru,Support,Asset & Wealth Management,Administrative Assistants - Non MC,"Bengaluru, Karnataka, India",,https://higher.gs.com/roles/184679_GS_MID_CAREER
180912_GS_MID_CAREER,The Core Engineering -Bengaluru-Associate-Software Engineering,Associate,Risk Division,Software Engineering,"Bengaluru, Karnataka, India",,https://higher.gs.com/roles/180912_GS_MID_CAREER
126158_GS_MID_CAREER,Wealth Management-Bengaluru-Chat Process -Digital Operations - Specialist,Call Center Representative,Asset & Wealth Management,,"Bengaluru, Karnataka, India",,https://higher.gs.com/roles/126158_GS_MID_CAREER
184878_GS_MID_CAREER,GBM-Bengaluru-Associate-Software Engineering,Associate,Global Banking & Markets,Software Engineering,"Bengaluru, Karnataka, India",,https://higher.gs.com/roles/184878_GS_MID_CAREER
164525_GS_MID_CAREER,Asset & Wealth Management - Private Family Office WSS - Analyst - Bengaluru,Analyst,Asset & Wealth Management,External Product Specialists,"Bengaluru, Karnataka, India",,https://higher.gs.com/roles/164525_GS_MID_CAREER
183541_GS_EARLY_CAREER,The Core Engineering-L2-Bengaluru-Vice President-Software Engineering,Vice President,The Core Engineering,Software Engineering,"Bengaluru, Karnataka, India",,https://higher.gs.com/roles/183541_GS_EARLY_CAREER
139716_GS_MID_CAREER,Wealth Management-Bengaluru / Hyderabad-Specialist-Deposit Fraud,Call Center Representative,Asset & Wealth Management,,"Bengaluru, Karnataka, India",,https://higher.gs.com/roles/139716_GS_MID_CAREER
154832_GS_MID_CAREER,Controllers - CA Freshers May 2026 - Analyst - Bengaluru/Hyderabad,Analyst,Controllers,,"Bengaluru, Karnataka, India",,https://higher.gs.com/roles/154832_GS_MID_CAREER
174141_GS_MID_CAREER,Asset & Wealth Management - AM Digital Product Management - Associate -Bengaluru,Associate,Asset & Wealth Management,Product Management,"Bengaluru, Karnataka, India",,https://higher.gs.com/roles/174141_GS_MID_CAREER
168826_GS_MID_CAREER,The Core Engineering-L2-Bengaluru-Vice President-Software Engineering,Vice President,The Core Engineering,Software Engineering,"Bengaluru, Karnataka, India",,https://higher.gs.com/roles/168826_GS_MID_CAREER
184365_GS_MID_CAREER,"Global Banking & Markets, Divisional Finance and Strategy, Associate, Bengaluru",Associate,Global Banking & Markets,Divisional CFO,"Bengaluru, Karnataka, India",,https://higher.gs.com/roles/184365_GS_MID_CAREER
184192_GS_MID_CAREER,AWM Management-F&S-Analyst-Bengaluru,Analyst,Asset & Wealth Management,Divisional CFO,"Bengaluru, Karnataka, India",,https://higher.gs.com/roles/184192_GS_MID_CAREER
182101_GS_MID_CAREER,Corporate Planning & Management-Bengaluru-Analyst-Contingent Workforce Management,Analyst,Corporate Planning & Management,Product Management,"Bengaluru, Karnataka, India",,https://higher.gs.com/roles/182101_GS_MID_CAREER
174451_GS_MID_CAREER,The Core Engineering-Bengaluru-Vice President-Software Engineering,Vice President,The Core Engineering,Software Engineering,"Bengaluru, Karnataka, India",,https://higher.gs.com/roles/174451_GS_MID_CAREER
179371_GS_MID_CAREER,The Core Engineering - Fiduciary Oversight Model Eng - Vice President - Bengaluru,Vice President,The Core Engineering,Software Engineering,"Bengaluru, Karnataka, India",,https://higher.gs.com/roles/179371_GS_MID_CAREER
182980_GS_MID_CAREER,The Core Engineering-L2-Bengaluru-Vice President-Software Engineering,Vice President,The Core Engineering,Software Engineering,"Bengaluru, Karnataka, India",,https://higher.gs.com/roles/182980_GS_MID_CAREER
148017_GS_MID_CAREER,Risk Division - Operational Risk - Vice President - Bengaluru,Vice President,Risk Division,Operational Risk,"Bengaluru, Karnataka, India",,https://higher.gs.com/roles/148017_GS_MID_CAREER
183392_GS_MID_CAREER,Corporate Planning & Management - Analyst - Digital Operations - Bengaluru,Senior Analyst,Corporate Planning & Management,Digital Operations - Management,"Bengaluru, Karnataka, India",,https://higher.gs.com/roles/183392_GS_MID_CAREER
182047_GS_MID_CAREER,The Core Engineering-Bengaluru-Vice President-Software Engineering,Vice President,The Core Engineering,Software Engineering,"Bengaluru, Karnataka, India",,https://higher.gs.com/roles/182047_GS_MID_CAREER
183217_GS_MID_CAREER,GBM - Prime Services Custody Engineering - Bengaluru - Vice President - Software Engineering,Vice President,Global Banking & Markets,Software Engineering,"Bengaluru, Karnataka, India",,https://higher.gs.com/roles/183217_GS_MID_CAREER
182888_GS_MID_CAREER,"Global Banking & Markets, Synthetic Trading, Associate/Vice President, Bengaluru",Vice President,Global Banking & Markets,Trading,"Bengaluru, Karnataka, India",,https://higher.gs.com/roles/182888_GS_MID_CAREER
182882_GS_MID_CAREER,Risk - Credit Risk - Vice President - Bengaluru,Vice President,Risk Division,Credit Risk,"Bengaluru, Karnataka, India",,https://higher.gs.com/roles/182882_GS_MID_CAREER
141730_GS_MID_CAREER,Human Capital Management - Employee Relations - Vice President - Bengaluru,Vice President,Human Capital Management Division,Employee Relations,"Bengaluru, Karnataka, India",,https://higher.gs.com/roles/141730_GS_MID_CAREER
181280_GS_MID_CAREER,Corporate Treasury - Liquidity Management - Analyst - Bengaluru,Associate,Corporate Treasury,Liquidity Execution,"Bengaluru, Karnataka, India",,https://higher.gs.com/roles/181280_GS_MID_CAREER
178006_GS_MID_CAREER,AWM Management-CSG COO- Analyst- Bengaluru,Analyst,Asset & Wealth Management,COO,"Bengaluru, Karnataka, India",,https://higher.gs.com/roles/178006_GS_MID_CAREER
180814_GS_MID_CAREER,Risk - Credit Risk - Associate - Bengaluru,Associate,Risk Division,Credit Risk,"Bengaluru, Karnataka, India",,https://higher.gs.com/roles/180814_GS_MID_CAREER
176006_GS_MID_CAREER,GBM - Systematic Credit - Quantitative Engineering - VP - Bengaluru,Analyst,Global Banking & Markets,Quantitative Engineering,"Bengaluru, Karnataka, India",,https://higher.gs.com/roles/176006_GS_MID_CAREER
177857_GS_MID_CAREER,GBM - STS AI Structuring - Sales Strats - Analyst/Associate - Bengaluru,Associate,Global Banking & Markets,Sales Strats,"Bengaluru, Karnataka, India",,https://higher.gs.com/roles/177857_GS_MID_CAREER
181759_GS_MID_CAREER,Global Banking & Markets – Non-Financial Risk – Vice President - Bengaluru,Vice President,Global Banking & Markets,,"Bengaluru, Karnataka, India",,https://higher.gs.com/roles/181759_GS_MID_CAREER
c7c9d153-ec79-4659-bf68-5f73029500b6,AWM Public - Client Solution Group (CSG) Management & Strategy - Associate - Bengaluru,Associate,Asset & Wealth Management,Business Unit COO,"Bengaluru, Karnataka, India",,https://higher.gs.com/roles/c7c9d153-ec79-4659-bf68-5f73029500b6
f3f8d4ff-17c0-4847-9374-2e2d16d949b9,Wealth Management-Bengaluru-Associate-Software Engineering,Associate,Asset & Wealth Management,Software Engineering,"Bengaluru, Karnataka, India",,https://higher.gs.com/roles/f3f8d4ff-17c0-4847-9374-2e2d16d949b9
e736e70b-2f5c-4b20-ab47-980b0b886fcf,Transaction Banking and Other-Bengaluru-Associate-Software Engineering,Associate,Platform Solutions,Software Engineering,"Bengaluru, Karnataka, India",,https://higher.gs.com/roles/e736e70b-2f5c-4b20-ab47-980b0b886fcf
7017c4f3-9e4b-4fe3-8b19-48759f811c79,Compliance-Bengaluru-Associate-Software Engineering,Associate,Compliance Division,Software Engineering,"Bengaluru, Karnataka, India",,https://higher.gs.com/roles/7017c4f3-9e4b-4fe3-8b19-48759f811c79
c02dfc49-5190-47f2-8455-022fcd8e19e9,"Asset & Wealth Management, Public, MAS, Portfolio Management & Risk, Analyst, Bengaluru",Analyst,Asset & Wealth Management,Investing & Portfolio Management - Public,"Bengaluru, Karnataka, India",,https://higher.gs.com/roles/c02dfc49-5190-47f2-8455-022fcd8e19e9
a9dd85ce-d5ef-4abc-ab2d-bede931a6745,"Asset & Wealth Management , Private Bank Lending, Underwriting, Associate, Bengaluru",Associate,Asset & Wealth Management,Risk Governance,"Bengaluru, Karnataka, India",,https://higher.gs.com/roles/a9dd85ce-d5ef-4abc-ab2d-bede931a6745
4563e584-0b0d-4332-a5a9-9a6f6218ab2d,Wealth Management-Bengaluru-Associate-Software Engineering,Associate,Asset & Wealth Management,Software Engineering,"Bengaluru, Karnataka, India",,https://higher.gs.com/roles/4563e584-0b0d-4332-a5a9-9a6f6218ab2d
ccae5403-a2f9-49e9-adb0-595497062453,Asset & Wealth Management Operations - PWM Ops Workflows & Configuration - Senior Vice President - Bengaluru,Senior Vice President,Asset & Wealth Management,Client Onboarding & Configuration,"Bengaluru, Karnataka, India",,https://higher.gs.com/roles/ccae5403-a2f9-49e9-adb0-595497062453
13b068c6-fea6-4e02-ae33-835ebe656861,Engineering- Tech Risk - Bengaluru - Vice President - Risk Governance,Vice President,Engineering Division,Risk Governance,"Bengaluru, Karnataka, India",,https://higher.gs.com/roles/13b068c6-fea6-4e02-ae33-835ebe656861
