Date,Company Name,Role Title,Location/Remote,Job Board / Portal,Application URL,Status,Follow-Up Date,Contact Person,Notes
2026-09-09,Deloitte US-India,Risk & Business Operations Advisory Analyst,Bengaluru (Manyata Hebbal),Direct Portal,https://www2.deloitte.com/ui/en/careers/careers.html,READY_TO_APPLY,2026-09-12,Sinchana B (Business Recruiting Coordinator),Target role fit: 88/100. Focus: Risk, workflow governance, EXIM compliance.
2026-09-09,EY (Ernst & Young GDS),Business Analyst - Global Advisory,Bengaluru (Bellandur),Direct Portal,https://www.ey.com/en_in/careers,READY_TO_APPLY,2026-09-12,Jaya Singh (Senior Talent Acquisition Partner),Target role fit: 87/100. Focus: Advisory analytics, requirement gathering, process mapping.
2026-09-09,PwC Service Delivery Center,Business Operations Analyst,Bengaluru,Direct Portal,https://www.pwc.in/careers.html,READY_TO_APPLY,2026-09-12,Latha Dhananjay (Technical Recruiter),Target role fit: 86/100. Focus: Operational SLA tracking, cross-functional reporting.
2026-09-09,Microsoft India,Business Operations Analyst,Bengaluru,Direct Portal,https://careers.microsoft.com/,READY_TO_APPLY,2026-09-13,Ashwini Ramdas (Senior Manager Talent Acquisition),Target role fit: 86/100. Focus: High-scale bizops, AI workflow leverage.
2026-09-09,Goldman Sachs,Global Markets Operations Analyst,Bengaluru,Direct Portal,https://www.goldmansachs.com/careers/,READY_TO_APPLY,2026-09-13,Akshitha R (Senior HR Coordinator),Target role fit: 85/100. Focus: Middle office operations, reconciliations, trade lifecycle.
2026-09-09,Amazon Bangalore,Operations & Vendor Management Executive,Bengaluru,Direct Portal,https://www.amazon.jobs/en/locations/bangalore-india,READY_TO_APPLY,2026-09-13,Sreeja Govindankutty (Senior HRBP),Target role fit: 85/100. Focus: Vendor governance, SLA delivery, operations logistics.
2026-09-09,Swiss Re,Operations & Reinsurance Risk Analyst,Bengaluru,Direct Portal,https://www.swissre.com/careers/,READY_TO_APPLY,2026-09-14,Simi Sarita Kerketta (AVP - Talent Acquisition),Target role fit: 83/100. Focus: Reinsurance operations, risk data modeling.
2026-09-09,Walmart Global Tech,Supply Chain & Retail Operations Analyst,Bengaluru,Direct Portal,https://careers.walmart.com/,READY_TO_APPLY,2026-09-14,Ammini Swetha Ravindran (Talent Partner),Target role fit: 82/100. Focus: Retail logistics, vendor inventory workflows.
2026-09-09,Novartis India,Business Operations Support Associate,Bengaluru,Direct Portal,https://www.novartis.in/careers,READY_TO_APPLY,2026-09-15,Direct Portal Only,Target role fit: 81/100. Focus: Global commercial operations, data accuracy.
2026-09-09,Groww,Operations & Compliance Associate,Bengaluru,Direct Portal,https://groww.in/careers,READY_TO_APPLY,2026-09-15,Direct Portal Only,Target role fit: 80/100. Focus: FinTech compliance, customer operations.
2026-09-10,Lattice Technologies Pvt Ltd,Associate Director - Technology & Internet,Bengaluru General Corridor,Indeed,https://1lattice.recruiterbox.com/jobs/fk0ztlp?fjb_hash=ezLpq610,READY_TO_APPLY,2026-09-13,Talent Acquisition Partner,"Target role fit: 80/100. Focus: B2B sales & outbound pipeline alignment (Pencil Mark / AERO India), AI data annotation & evaluation alignment (Instawork AI Data)."
2026-09-10,"Stride, Inc.",Sales Manager,Bengaluru General Corridor,Indeed,http://in.indeed.com/job/sales-manager-5660ed3fc10bd68f,READY_TO_APPLY,2026-09-13,Talent Acquisition Partner,"Target role fit: 98/100. Focus: B2B sales & outbound pipeline alignment (Pencil Mark / AERO India), AI data annotation & evaluation alignment (Instawork AI Data)."
2026-09-10,Confidential Employer,Business Development Associate,Bengaluru General Corridor,Indeed,http://in.indeed.com/job/business-development-associate-325cd44bcda910c0,READY_TO_APPLY,2026-09-13,Talent Acquisition Partner,"Target role fit: 98/100. Focus: B2B sales & outbound pipeline alignment (Pencil Mark / AERO India), AI data annotation & evaluation alignment (Instawork AI Data)."
2026-09-10,Amazon,Business Development Associate,Bengaluru General Corridor,LinkedIn,https://www.linkedin.com/jobs/view/4464324610,READY_TO_APPLY,2026-09-13,Talent Acquisition Partner,"Target role fit: 85/100. Focus: B2B sales & outbound pipeline alignment (Pencil Mark / AERO India), Fresher / entry-level friendly."
2026-09-10,Amazon,"Business Development Associate , Private Brands",Bengaluru General Corridor,LinkedIn,https://www.linkedin.com/jobs/view/4455913778,READY_TO_APPLY,2026-09-13,Talent Acquisition Partner,"Target role fit: 85/100. Focus: B2B sales & outbound pipeline alignment (Pencil Mark / AERO India), Fresher / entry-level friendly."
2026-09-10,Bhanzu,Refferals - Business Development Associate  -<< -- BDA (US),Bengaluru General Corridor,LinkedIn,https://www.linkedin.com/jobs/view/4464172965,READY_TO_APPLY,2026-09-13,Talent Acquisition Partner,"Target role fit: 85/100. Focus: B2B sales & outbound pipeline alignment (Pencil Mark / AERO India), Fresher / entry-level friendly."
2026-09-10,Ratch AI,Finance Associate,Bengaluru General Corridor (Remote),Indeed,http://in.indeed.com/job/finance-associate-40d8bd4970f7bf49,READY_TO_APPLY,2026-09-13,Talent Acquisition Partner,"Target role fit: 98/100. Focus: AI data annotation & evaluation alignment (Instawork AI Data), BBA International Business degree & trade operations capability."
2026-09-10,Deloitte,Data Modeler | Assurance - Tech Advisory | Bengaluru,Bengaluru General Corridor,Indeed,https://southasiacareers.deloitte.com/job/Bengaluru-Data-Modeler-Assurance-Tech-Advisory-Bengaluru/59664844/,READY_TO_APPLY,2026-09-13,Talent Acquisition Partner,"Target role fit: 85/100. Focus: AI data annotation & evaluation alignment (Instawork AI Data), Fresher / entry-level friendly."
2026-09-10,Demand pay,Business Development Associate,Bengaluru General Corridor,Indeed,http://in.indeed.com/job/business-development-associate-4a83c81b9c4a2100,READY_TO_APPLY,2026-09-13,Talent Acquisition Partner,"Target role fit: 98/100. Focus: B2B sales & outbound pipeline alignment (Pencil Mark / AERO India), AI data annotation & evaluation alignment (Instawork AI Data)."
2026-09-10,Genpact,Sr. Developer - Application Development JAVA S 4B,Bengaluru General Corridor (Remote),Indeed,https://genpact.wd108.myworkdayjobs.com/External_Careers/job/1401-GIPL-Prestige-Technology-Park-IV-Bangalore/Sr-Developer---Application-Development-JAVA-S-4B_JR10025354,READY_TO_APPLY,2026-09-13,Talent Acquisition Partner,"Target role fit: 85/100. Focus: AI data annotation & evaluation alignment (Instawork AI Data), Fresher / entry-level friendly."
2026-09-10,Agile Consultants,Business Development Associate,Bengaluru General Corridor,LinkedIn,https://www.linkedin.com/jobs/view/4463416826,READY_TO_APPLY,2026-09-13,Talent Acquisition Partner,"Target role fit: 85/100. Focus: B2B sales & outbound pipeline alignment (Pencil Mark / AERO India), Fresher / entry-level friendly."
2026-09-10,Airtribe,Business Development Associate( Pre-Sales ),Bengaluru General Corridor,LinkedIn,https://www.linkedin.com/jobs/view/4464526120,READY_TO_APPLY,2026-09-13,Talent Acquisition Partner,"Target role fit: 85/100. Focus: B2B sales & outbound pipeline alignment (Pencil Mark / AERO India), Fresher / entry-level friendly."
2026-09-10,Genpact,Specialist - SCM - Logistics Support 4A,Bengaluru General Corridor (Remote),Indeed,https://genpact.wd108.myworkdayjobs.com/External_Careers/job/1401-GIPL-Prestige-Technology-Park-IV-Bangalore/Specialist---SCM---Logistics-Support-4A_JR10022158,READY_TO_APPLY,2026-09-13,Talent Acquisition Partner,"Target role fit: 98/100. Focus: AI data annotation & evaluation alignment (Instawork AI Data), BBA International Business degree & trade operations capability."
2026-09-10,Amazon,"AI Benchmarking Specialist, SP Support - German, International Seller Growth",Bengaluru General Corridor,LinkedIn,https://www.linkedin.com/jobs/view/4465040248,READY_TO_APPLY,2026-09-13,Talent Acquisition Partner,"Target role fit: 85/100. Focus: AI data annotation & evaluation alignment (Instawork AI Data), Fresher / entry-level friendly."
2026-09-10,AstraZeneca,Junior Associate/Associate - AI Prompt & Market Rollout Specialist,Bengaluru General Corridor,LinkedIn,https://www.linkedin.com/jobs/view/4463243629,READY_TO_APPLY,2026-09-13,Talent Acquisition Partner,"Target role fit: 85/100. Focus: AI data annotation & evaluation alignment (Instawork AI Data), Fresher / entry-level friendly."
2026-09-10,Confidential Employer,Founder’s Associate – Business Development & Growth,Bengaluru General Corridor (Remote),Indeed,http://in.indeed.com/job/founders-associate-business-development-growth-db75bc24dc14b3d3,READY_TO_APPLY,2026-09-13,Talent Acquisition Partner,"Target role fit: 98/100. Focus: B2B sales & outbound pipeline alignment (Pencil Mark / AERO India), AI data annotation & evaluation alignment (Instawork AI Data)."
2026-09-10,Newton School,Business Development Associate (Presales) - B2B Corporate Relations,Bengaluru General Corridor,Indeed,http://in.indeed.com/job/business-development-associate-presales-b2b-corporate-relations-893c61c7e31f189b,READY_TO_APPLY,2026-09-13,Talent Acquisition Partner,"Target role fit: 98/100. Focus: B2B sales & outbound pipeline alignment (Pencil Mark / AERO India), AI data annotation & evaluation alignment (Instawork AI Data)."
2026-09-10,CEEC Global Ventures,Business Development Associate,Bengaluru General Corridor (Remote),Indeed,http://in.indeed.com/job/business-development-associate-aadfe2a08603b0c8,READY_TO_APPLY,2026-09-13,Talent Acquisition Partner,"Target role fit: 98/100. Focus: B2B sales & outbound pipeline alignment (Pencil Mark / AERO India), AI data annotation & evaluation alignment (Instawork AI Data)."
2026-09-10,Grant Thornton,Global People operations - Leaves Associate,Bengaluru General Corridor,Indeed,https://gtssc.ripplehire.com/candidate/?token=uATZP1OfBiW6W5vV1BYU&source=CAREERSITE#detail/job/907150,READY_TO_APPLY,2026-09-13,Talent Acquisition Partner,"Target role fit: 85/100. Focus: AI data annotation & evaluation alignment (Instawork AI Data), Fresher / entry-level friendly."
2026-09-10,JPMorganChase,Trade Lifecycle Associate I,Bengaluru General Corridor,Indeed,https://JPMorganChase.contacthr.com/153450123,READY_TO_APPLY,2026-09-13,Talent Acquisition Partner,"Target role fit: 85/100. Focus: AI data annotation & evaluation alignment (Instawork AI Data), Fresher / entry-level friendly."
2026-09-10,ID Business Solutions,"Associate Consultant (Lifescience, Wet Lab, Scientist)",Bengaluru General Corridor,Indeed,https://jobs.danaher.com/global/en/job/DANAGLOBALR1318119EXTERNALENGLOBAL/Associate-Consultant-Lifescience-Wet-Lab-Scientist?utm_source=indeed&utm_medium=phenom-feeds,READY_TO_APPLY,2026-09-13,Talent Acquisition Partner,"Target role fit: 85/100. Focus: AI data annotation & evaluation alignment (Instawork AI Data), Fresher / entry-level friendly."
2026-09-10,JPMorganChase,Applied AI ML Associate,Bengaluru General Corridor,LinkedIn,https://www.linkedin.com/jobs/view/4464683780,READY_TO_APPLY,2026-09-13,Talent Acquisition Partner,"Target role fit: 85/100. Focus: AI data annotation & evaluation alignment (Instawork AI Data), Fresher / entry-level friendly."
2026-09-10,Capital One,Sr. Lead Software Engineer,Bengaluru General Corridor,Indeed,https://www.capitalonecareers.com/job/-/-/1732/100420849680,READY_TO_APPLY,2026-09-13,Talent Acquisition Partner,"Target role fit: 98/100. Focus: B2B sales & outbound pipeline alignment (Pencil Mark / AERO India), AI data annotation & evaluation alignment (Instawork AI Data)."
2026-09-10,Square Yards,Business Development Associate,Bengaluru General Corridor,LinkedIn,https://www.linkedin.com/jobs/view/4465054678,READY_TO_APPLY,2026-09-13,Talent Acquisition Partner,"Target role fit: 85/100. Focus: B2B sales & outbound pipeline alignment (Pencil Mark / AERO India), Fresher / entry-level friendly."
2026-09-10,Chain Reaction Co.,Business Development Associate,Bengaluru General Corridor,LinkedIn,https://www.linkedin.com/jobs/view/4463809641,READY_TO_APPLY,2026-09-13,Talent Acquisition Partner,"Target role fit: 85/100. Focus: B2B sales & outbound pipeline alignment (Pencil Mark / AERO India), Fresher / entry-level friendly."
2026-09-10,MOCHSHA ™ (Mochsha Ventures LLP),Business Development Associate-Field,Bengaluru General Corridor,LinkedIn,https://www.linkedin.com/jobs/view/4463240225,READY_TO_APPLY,2026-09-13,Talent Acquisition Partner,"Target role fit: 85/100. Focus: B2B sales & outbound pipeline alignment (Pencil Mark / AERO India), Fresher / entry-level friendly."
2026-09-10,Bhanzu,Business Development Associate (WFO),Bengaluru General Corridor,LinkedIn,https://www.linkedin.com/jobs/view/4463093898,READY_TO_APPLY,2026-09-13,Talent Acquisition Partner,"Target role fit: 85/100. Focus: B2B sales & outbound pipeline alignment (Pencil Mark / AERO India), Fresher / entry-level friendly."
2026-09-11,Nitin,Business Development Associate,Bengaluru General Corridor,Indeed,http://in.indeed.com/job/business-development-associate-ddf3cb2df1f382db,READY_TO_APPLY,2026-09-14,Talent Acquisition Partner,"Target role fit: 98/100. Focus: B2B sales & outbound pipeline alignment (Pencil Mark / AERO India), AI data annotation & evaluation alignment (Instawork AI Data)."
2026-09-11,ABB,Associate Project Manager,Bengaluru General Corridor,Indeed,https://abb.wd3.myworkdayjobs.com/External_Career_Page/job/Bangalore-Karnataka-India/Associate-Project-Manager_JR00041299,READY_TO_APPLY,2026-09-14,Talent Acquisition Partner,"Target role fit: 85/100. Focus: AI data annotation & evaluation alignment (Instawork AI Data), Fresher / entry-level friendly."
2026-09-11,Herbalife,"Manager, Distributor Promotions & DMO - India",Bengaluru General Corridor,Indeed,https://careersen-herbalife.icims.com/jobs/20442/job?utm_source=indeed_integration&iis=Job%20Board&iisn=Indeed&indeed-apply-token=73a2d2b2a8d6d5c0a62696875eaebd669103652d3f0c2cd5445d3e66b1592b0f,READY_TO_APPLY,2026-09-14,Talent Acquisition Partner,"Target role fit: 98/100. Focus: B2B sales & outbound pipeline alignment (Pencil Mark / AERO India), AI data annotation & evaluation alignment (Instawork AI Data)."
2026-09-11,Herbalife,"Manager, Business Training – India",Bengaluru General Corridor,Indeed,https://careersen-herbalife.icims.com/jobs/20150/job?utm_source=indeed_integration&iis=Job%20Board&iisn=Indeed&indeed-apply-token=73a2d2b2a8d6d5c0a62696875eaebd669103652d3f0c2cd5445d3e66b1592b0f,READY_TO_APPLY,2026-09-14,Talent Acquisition Partner,"Target role fit: 98/100. Focus: B2B sales & outbound pipeline alignment (Pencil Mark / AERO India), AI data annotation & evaluation alignment (Instawork AI Data)."
2026-09-11,Bhanzu,Business Development Associate - BDA/ WFO UK,Bengaluru General Corridor,LinkedIn,https://www.linkedin.com/jobs/view/4464838762,READY_TO_APPLY,2026-09-14,Talent Acquisition Partner,"Target role fit: 85/100. Focus: B2B sales & outbound pipeline alignment (Pencil Mark / AERO India), Fresher / entry-level friendly."
2026-09-11,Dell Technologies,"Senior Analyst, Data Engineering",Bengaluru General Corridor,Indeed,https://enterpriseplatform.dell.com:443/hcmUI/CandidateExperience/en/job/298440,READY_TO_APPLY,2026-09-14,Talent Acquisition Partner,"Target role fit: 95/100. Focus: B2B sales & outbound pipeline alignment (Pencil Mark / AERO India), AI data annotation & evaluation alignment (Instawork AI Data)."
2026-09-11,ESKO,Engineering Manager - Agentic AI,Bengaluru General Corridor (Remote),Indeed,https://jobs.veralto.com/global/en/job/DANVGTGLOBALR10268122EXTERNALENGLOBAL/Engineering-Manager-Agentic-AI?utm_source=indeed&utm_medium=phenom-feeds,READY_TO_APPLY,2026-09-14,Talent Acquisition Partner,"Target role fit: 85/100. Focus: AI data annotation & evaluation alignment (Instawork AI Data), Fresher / entry-level friendly."
2026-09-11,Blue Yonder,Sr. Technical Consultant - Middleware Support/SQL/Python/Snowflake,Bengaluru General Corridor,Indeed,https://jda.wd5.myworkdayjobs.com/en-US/JDA_Careers/job/Bangalore/Sr-Technical-Consultant---Middleware-Support-SQL-Python-Snowflake_262816,READY_TO_APPLY,2026-09-14,Talent Acquisition Partner,"Target role fit: 98/100. Focus: B2B sales & outbound pipeline alignment (Pencil Mark / AERO India), AI data annotation & evaluation alignment (Instawork AI Data)."
2026-09-11,Bizdata Inc,Associate Product Manager – AI Product Development,Bengaluru General Corridor,LinkedIn,https://www.linkedin.com/jobs/view/4465613591,READY_TO_APPLY,2026-09-14,Talent Acquisition Partner,"Target role fit: 85/100. Focus: AI data annotation & evaluation alignment (Instawork AI Data), Fresher / entry-level friendly."
2026-09-11,INTERCERT,Business Development Associate,Bengaluru General Corridor,Indeed,http://in.indeed.com/job/business-development-associate-4e62f09d9fcc1333,READY_TO_APPLY,2026-09-14,Talent Acquisition Partner,"Target role fit: 98/100. Focus: B2B sales & outbound pipeline alignment (Pencil Mark / AERO India), AI data annotation & evaluation alignment (Instawork AI Data)."
2026-09-11,Riverleaf technology,Sales Process Associate,Bengaluru General Corridor,Indeed,http://in.indeed.com/job/sales-process-associate-14137999da0ca59e,READY_TO_APPLY,2026-09-14,Talent Acquisition Partner,"Target role fit: 98/100. Focus: B2B sales & outbound pipeline alignment (Pencil Mark / AERO India), AI data annotation & evaluation alignment (Instawork AI Data)."
2026-09-11,Deloitte,Microservices JAVA with AWS-Software Engineer III,Bengaluru General Corridor,Indeed,https://usijobs.deloitte.com/en_US/careersUSI/JobDetail/USI-EH27-Consulting-Services-AI-E-EaaS-SWE-Software-Engineer-III-Microservices-Java-with-AWS/350199,READY_TO_APPLY,2026-09-14,Talent Acquisition Partner,"Target role fit: 98/100. Focus: B2B sales & outbound pipeline alignment (Pencil Mark / AERO India), AI data annotation & evaluation alignment (Instawork AI Data)."
2026-09-11,Deloitte,Microservices JAVA with AWS-Software Engineer II,Bengaluru General Corridor,Indeed,https://usijobs.deloitte.com/en_US/careersUSI/JobDetail/USI-EH27-Consulting-Services-AI-E-EaaS-SWE-Software-Engineer-II-Microservices-Java-with-AWS/350187,READY_TO_APPLY,2026-09-14,Talent Acquisition Partner,"Target role fit: 98/100. Focus: B2B sales & outbound pipeline alignment (Pencil Mark / AERO India), AI data annotation & evaluation alignment (Instawork AI Data)."
2026-09-11,Genpact,Sr. Developer - Application Development JAVA N 4B,Bengaluru General Corridor (Remote),Indeed,https://genpact.wd108.myworkdayjobs.com/External_Careers/job/1401-GIPL-Prestige-Technology-Park-IV-Bangalore/Sr-Developer---Application-Development-JAVA-N-4B_JR10025151,READY_TO_APPLY,2026-09-14,Talent Acquisition Partner,"Target role fit: 85/100. Focus: AI data annotation & evaluation alignment (Instawork AI Data), Fresher / entry-level friendly."
2026-09-11,PlusPeople,Business Development Associate - Fresher,Bengaluru General Corridor,Indeed,http://in.indeed.com/job/business-development-associate-fresher-85bdb5f370883a23,READY_TO_APPLY,2026-09-14,Talent Acquisition Partner,"Target role fit: 98/100. Focus: B2B sales & outbound pipeline alignment (Pencil Mark / AERO India), AI data annotation & evaluation alignment (Instawork AI Data)."
2026-09-11,Bhanzu,Business Development - Associate (Bangalore),Bengaluru General Corridor,LinkedIn,https://www.linkedin.com/jobs/view/4463950440,READY_TO_APPLY,2026-09-14,Talent Acquisition Partner,"Target role fit: 85/100. Focus: B2B sales & outbound pipeline alignment (Pencil Mark / AERO India), Fresher / entry-level friendly."
2026-09-11,BrightCHAMPS,Business Development Executive_US WFO - (Freshers),Bengaluru General Corridor,LinkedIn,https://www.linkedin.com/jobs/view/4464842855,READY_TO_APPLY,2026-09-14,Talent Acquisition Partner,"Target role fit: 85/100. Focus: B2B sales & outbound pipeline alignment (Pencil Mark / AERO India), Fresher / entry-level friendly."
2026-09-11,Chain Reaction Co.,Business Development Associate - Immediate Joiners,Bengaluru General Corridor,LinkedIn,https://www.linkedin.com/jobs/view/4463956686,READY_TO_APPLY,2026-09-14,Talent Acquisition Partner,"Target role fit: 85/100. Focus: B2B sales & outbound pipeline alignment (Pencil Mark / AERO India), Fresher / entry-level friendly."
2026-09-11,Baker Tilly Canada,Associate Test Automation Engineer,Bengaluru General Corridor,Indeed,https://bakertilly.wd5.myworkdayjobs.com/BTCareers/job/IND-KA-Bangalore---Cherry-Hills/Associate-Test-Automation-Engineer_JR107350,READY_TO_APPLY,2026-09-14,Talent Acquisition Partner,"Target role fit: 98/100. Focus: B2B sales & outbound pipeline alignment (Pencil Mark / AERO India), AI data annotation & evaluation alignment (Instawork AI Data)."
2026-09-11,Datamatics Global Services Ltd,AI Platform Operations Engineer,Bengaluru General Corridor,Indeed,https://datamaticstechnologies.applytojob.com/apply/oHnkB0EPEi/AI-Platform-Operations-Engineer?source=INDE&~,READY_TO_APPLY,2026-09-14,Talent Acquisition Partner,"Target role fit: 98/100. Focus: B2B sales & outbound pipeline alignment (Pencil Mark / AERO India), AI data annotation & evaluation alignment (Instawork AI Data)."
2026-09-11,First Advantage,EA US PR - Team Leader,Bengaluru General Corridor,Indeed,https://firstadvantage.wd5.myworkdayjobs.com/FirstAdvantage/job/IN_Bangalore_Office/EA-US-PR---Team-Leader_R10213,READY_TO_APPLY,2026-09-14,Talent Acquisition Partner,"Target role fit: 85/100. Focus: AI data annotation & evaluation alignment (Instawork AI Data), Fresher / entry-level friendly."
2026-09-11,Aarush Impact,Technical Program Associate – AI & IT,Bengaluru General Corridor,LinkedIn,https://www.linkedin.com/jobs/view/4464863195,READY_TO_APPLY,2026-09-14,Talent Acquisition Partner,"Target role fit: 85/100. Focus: AI data annotation & evaluation alignment (Instawork AI Data), Fresher / entry-level friendly."
2026-09-11,Intuitive (Intuitive Surgical),Clinical Sales Executive,Bengaluru General Corridor (Remote),Indeed,https://careers.intuitive.com/en/jobs/744000148988325/JOB218667/clinical-sales-executive/,READY_TO_APPLY,2026-09-14,Talent Acquisition Partner,"Target role fit: 98/100. Focus: B2B sales & outbound pipeline alignment (Pencil Mark / AERO India), AI data annotation & evaluation alignment (Instawork AI Data)."
2026-09-11,Confidential Employer,Business Development Associate (BDA),Bengaluru General Corridor (Remote),Indeed,http://in.indeed.com/job/business-development-associate-bda-57bb1aae89d7e06f,READY_TO_APPLY,2026-09-14,Talent Acquisition Partner,"Target role fit: 98/100. Focus: B2B sales & outbound pipeline alignment (Pencil Mark / AERO India), AI data annotation & evaluation alignment (Instawork AI Data)."
2026-09-11,Confidential Employer,Business Development Executive (BDE),Bengaluru General Corridor (Remote),Indeed,http://in.indeed.com/job/business-development-executive-bde-6a0a25112f01edef,READY_TO_APPLY,2026-09-14,Talent Acquisition Partner,"Target role fit: 98/100. Focus: B2B sales & outbound pipeline alignment (Pencil Mark / AERO India), AI data annotation & evaluation alignment (Instawork AI Data)."
2026-09-11,Confidential Employer,"Pre Sales Associate, Pre Sales Executive",Bengaluru General Corridor,Indeed,http://in.indeed.com/job/pre-sales-associate-pre-sales-executive-51b715e1e9d305fa,READY_TO_APPLY,2026-09-14,Talent Acquisition Partner,"Target role fit: 98/100. Focus: B2B sales & outbound pipeline alignment (Pencil Mark / AERO India), AI data annotation & evaluation alignment (Instawork AI Data)."
2026-09-11,Deutsche Bank,"Trade and Transaction Operator, NCT",Bengaluru General Corridor,Indeed,https://db.wd3.myworkdayjobs.com/en-US/DBWebsite/job/Bangalore-Raheja-Towers-26-27-M-G-Road/Trade-and-Transaction-Operator--NCT_R0405862-1,READY_TO_APPLY,2026-09-14,Talent Acquisition Partner,"Target role fit: 98/100. Focus: B2B sales & outbound pipeline alignment (Pencil Mark / AERO India), AI data annotation & evaluation alignment (Instawork AI Data)."
2026-09-11,ABB,Associate Project Engineer,Bengaluru General Corridor,Indeed,https://abb.wd3.myworkdayjobs.com/External_Career_Page/job/Bangalore-Karnataka-India/Associate-Project-Engineer_JR00045022,READY_TO_APPLY,2026-09-14,Talent Acquisition Partner,"Target role fit: 85/100. Focus: AI data annotation & evaluation alignment (Instawork AI Data), Fresher / entry-level friendly."
2026-09-11,JPMorganChase,Payment Lifecycle Associate I,Bengaluru General Corridor,Indeed,https://JPMorganChase.contacthr.com/153472433,READY_TO_APPLY,2026-09-14,Talent Acquisition Partner,"Target role fit: 98/100. Focus: B2B sales & outbound pipeline alignment (Pencil Mark / AERO India), AI data annotation & evaluation alignment (Instawork AI Data)."
2026-09-11,Course5,Associate Manager,Bengaluru General Corridor,Indeed,https://www.c5i.ai/career-apply/?job-id=970,READY_TO_APPLY,2026-09-14,Talent Acquisition Partner,"Target role fit: 98/100. Focus: AI data annotation & evaluation alignment (Instawork AI Data), BBA International Business degree & trade operations capability."
2026-09-11,Ratch AI,Content Associate,Bengaluru General Corridor (Remote),Indeed,http://in.indeed.com/job/content-associate-05fd20a6e7625179,READY_TO_APPLY,2026-09-14,Talent Acquisition Partner,"Target role fit: 98/100. Focus: B2B sales & outbound pipeline alignment (Pencil Mark / AERO India), AI data annotation & evaluation alignment (Instawork AI Data)."
2026-09-12,Ethnographic Medical Research Pvt. Ltd,Research Analyst,Bengaluru General Corridor (Remote),Indeed,http://in.indeed.com/job/research-analyst-df865b83f35a0624,READY_TO_APPLY,2026-09-15,Talent Acquisition Partner,"Target role fit: 95/100. Focus: AI data annotation & evaluation alignment (Instawork AI Data), BBA International Business degree & trade operations capability."
2026-09-12,Codeyoung,Business Development Executive - International Sales,Bengaluru General Corridor,Indeed,http://in.indeed.com/job/business-development-executive-international-sales-73096ee63824a36f,READY_TO_APPLY,2026-09-15,Talent Acquisition Partner,"Target role fit: 98/100. Focus: B2B sales & outbound pipeline alignment (Pencil Mark / AERO India), AI data annotation & evaluation alignment (Instawork AI Data)."
2026-09-12,G.U.B Marketing,Outbound Marketing Specialist B2B Lead Generation,Bengaluru General Corridor (Remote),Indeed,http://in.indeed.com/job/outbound-marketing-specialist-b2b-lead-generation-8ce04221eaa8e71b,READY_TO_APPLY,2026-09-15,Talent Acquisition Partner,"Target role fit: 98/100. Focus: B2B sales & outbound pipeline alignment (Pencil Mark / AERO India), AI data annotation & evaluation alignment (Instawork AI Data)."
2026-09-12,Confidential Employer,Sales Manager/Business Manager,Bengaluru General Corridor,Indeed,http://in.indeed.com/job/sales-managerbusiness-manager-761e1413a7cec2b8,READY_TO_APPLY,2026-09-15,Talent Acquisition Partner,"Target role fit: 98/100. Focus: B2B sales & outbound pipeline alignment (Pencil Mark / AERO India), AI data annotation & evaluation alignment (Instawork AI Data)."
2026-09-12,Techademy,Sales & Revenue Operations Specialist,Bengaluru General Corridor,Indeed,http://in.indeed.com/job/sales-revenue-operations-specialist-e6bb7d81da6d340f,READY_TO_APPLY,2026-09-15,Talent Acquisition Partner,"Target role fit: 98/100. Focus: B2B sales & outbound pipeline alignment (Pencil Mark / AERO India), AI data annotation & evaluation alignment (Instawork AI Data)."
2026-09-12,Confidential Employer,Associate- Strategy and Operations,Bengaluru General Corridor (Remote),Indeed,https://pixxel.darwinbox.in/ms/candidate/careers/a6aa3f5789682d,READY_TO_APPLY,2026-09-15,Talent Acquisition Partner,"Target role fit: 98/100. Focus: B2B sales & outbound pipeline alignment (Pencil Mark / AERO India), AI data annotation & evaluation alignment (Instawork AI Data)."
2026-09-12,Genpact,Analyst - Business Data Services 5A,Bengaluru General Corridor (Remote),Indeed,https://genpact.wd108.myworkdayjobs.com/External_Careers/job/1401-GIPL-Prestige-Technology-Park-IV-Bangalore/Analyst---Business-Data-Services-5A_JR10020474,READY_TO_APPLY,2026-09-15,Talent Acquisition Partner,"Target role fit: 85/100. Focus: AI data annotation & evaluation alignment (Instawork AI Data), Fresher / entry-level friendly."
2026-09-12,"Paychex, Inc.",Global Services Specialist I - PIA H&B,Bengaluru General Corridor,Indeed,https://indiacareers-paychex.icims.com/jobs/45368/job?utm_source=indeed_integration&iis=Job%20Board&iisn=Indeed&indeed-apply-token=73a2d2b2a8d6d5c0a62696875eaebd669103652d3f0c2cd5445d3e66b1592b0f,READY_TO_APPLY,2026-09-15,Talent Acquisition Partner,"Target role fit: 98/100. Focus: B2B sales & outbound pipeline alignment (Pencil Mark / AERO India), AI data annotation & evaluation alignment (Instawork AI Data)."
2026-09-12,Epicor Software,Tech App Specialist (ERP Support),Bengaluru General Corridor,Indeed,https://epicorsoftware.wd5.myworkdayjobs.com/en-US/epicorjobs/job/India-Bangalore/Tech-App-Specialist--ERP-Support-_JR104910,READY_TO_APPLY,2026-09-15,Talent Acquisition Partner,"Target role fit: 98/100. Focus: B2B sales & outbound pipeline alignment (Pencil Mark / AERO India), AI data annotation & evaluation alignment (Instawork AI Data)."
2026-09-12,Spectrus Sustainable Solutions,Business Development Executive (BDE),Bengaluru General Corridor,Indeed,http://in.indeed.com/job/business-development-executive-bde-faa16bcc6ccba80e,READY_TO_APPLY,2026-09-15,Talent Acquisition Partner,"Target role fit: 98/100. Focus: B2B sales & outbound pipeline alignment (Pencil Mark / AERO India), AI data annotation & evaluation alignment (Instawork AI Data)."
2026-09-12,QnA International,Business Development Executive (BDE),Bengaluru General Corridor,Indeed,http://in.indeed.com/job/business-development-executive-bde-08fb5d1bf084b59c,READY_TO_APPLY,2026-09-15,Talent Acquisition Partner,"Target role fit: 98/100. Focus: B2B sales & outbound pipeline alignment (Pencil Mark / AERO India), AI data annotation & evaluation alignment (Instawork AI Data)."
2026-09-12,Aaxis Enviro Infra Pvt Ltd,Executive- International Business (EPC Projects),Bengaluru General Corridor,LinkedIn,https://www.linkedin.com/jobs/view/4463980099,READY_TO_APPLY,2026-09-15,Talent Acquisition Partner,"Target role fit: 80/100. Focus: BBA International Business degree & trade operations capability, Fresher / entry-level friendly."
2026-09-12,Marriott International,Front Desk Manager,Bengaluru General Corridor (Remote),Indeed,https://careers.marriott.com/front-desk-manager/job/96D646C6CCB28EDFEE3990CD2069C34F?utm_medium=jobboard&utm_source=indeed,READY_TO_APPLY,2026-09-15,Talent Acquisition Partner,"Target role fit: 98/100. Focus: AI data annotation & evaluation alignment (Instawork AI Data), BBA International Business degree & trade operations capability."
2026-09-12,Confidential Employer,Business Development Associate (Fresher & Experienced) - Bengaluru,Bengaluru General Corridor,Indeed,http://in.indeed.com/job/business-development-associate-fresher-experienced-bengaluru-f4358e691c147ab7,READY_TO_APPLY,2026-09-15,Talent Acquisition Partner,"Target role fit: 98/100. Focus: B2B sales & outbound pipeline alignment (Pencil Mark / AERO India), AI data annotation & evaluation alignment (Instawork AI Data)."
2026-09-12,The OmniJobs,Business Development Associate,Bengaluru General Corridor,Indeed,http://in.indeed.com/job/business-development-associate-d1cd400ce5e35b3a,READY_TO_APPLY,2026-09-15,Talent Acquisition Partner,"Target role fit: 98/100. Focus: B2B sales & outbound pipeline alignment (Pencil Mark / AERO India), AI data annotation & evaluation alignment (Instawork AI Data)."
2026-09-12,Ferilion Labs,BUSINESS DEVELOPMENT ASSOCIATE (BDA),Bengaluru General Corridor,LinkedIn,https://www.linkedin.com/jobs/view/4462381098,READY_TO_APPLY,2026-09-15,Talent Acquisition Partner,"Target role fit: 85/100. Focus: B2B sales & outbound pipeline alignment (Pencil Mark / AERO India), Fresher / entry-level friendly."
2026-09-12,Teknowgrade Pvt Ltd,"Junior Business Development Associate   ONLY FRESHERS  (20,000)",Bengaluru General Corridor,LinkedIn,https://www.linkedin.com/jobs/view/4465406105,READY_TO_APPLY,2026-09-15,Talent Acquisition Partner,"Target role fit: 85/100. Focus: B2B sales & outbound pipeline alignment (Pencil Mark / AERO India), Fresher / entry-level friendly."
2026-09-12,Pumo Technovation India pvt Ltd,Business Development Associate,Bengaluru General Corridor,Indeed,http://in.indeed.com/job/business-development-associate-4ad91a8cb85b0686,READY_TO_APPLY,2026-09-15,Talent Acquisition Partner,"Target role fit: 98/100. Focus: B2B sales & outbound pipeline alignment (Pencil Mark / AERO India), AI data annotation & evaluation alignment (Instawork AI Data)."
2026-09-12,MYSCAAI,Business Development Associate,Bengaluru General Corridor,Indeed,http://in.indeed.com/job/business-development-associate-abb30b9b7e725657,READY_TO_APPLY,2026-09-15,Talent Acquisition Partner,"Target role fit: 98/100. Focus: B2B sales & outbound pipeline alignment (Pencil Mark / AERO India), AI data annotation & evaluation alignment (Instawork AI Data)."
2026-09-12,Deloitte,JAVA Microservices -Managed Services Engineer II,Bengaluru General Corridor,Indeed,https://usijobs.deloitte.com/en_US/careersUSI/JobDetail/USI-EH27-Consulting-Services-AI-E-EaaS-EMS-Managed-Services-Engineer-II-Microservices-JAVA/350800,READY_TO_APPLY,2026-09-15,Talent Acquisition Partner,"Target role fit: 98/100. Focus: AI data annotation & evaluation alignment (Instawork AI Data), BBA International Business degree & trade operations capability."
2026-09-13,Acmegrade,Business Development Intern,Bengaluru General Corridor,Indeed,http://in.indeed.com/job/business-development-intern-e22f75be9e6cdb91,READY_TO_APPLY,2026-09-16,Talent Acquisition Partner,"Target role fit: 98/100. Focus: B2B sales & outbound pipeline alignment (Pencil Mark / AERO India), AI data annotation & evaluation alignment (Instawork AI Data)."
2026-09-13,BrightCHAMPS,Business Development Associate (Freshers US Shift),Bengaluru General Corridor,LinkedIn,https://www.linkedin.com/jobs/view/4464268717,READY_TO_APPLY,2026-09-16,Talent Acquisition Partner,"Target role fit: 85/100. Focus: B2B sales & outbound pipeline alignment (Pencil Mark / AERO India), Fresher / entry-level friendly."
2026-09-13,APNA,Product Operations Associate,Bengaluru General Corridor,Indeed,https://apply.workable.com/j/357CEB0335,READY_TO_APPLY,2026-09-16,Talent Acquisition Partner,"Target role fit: 98/100. Focus: AI data annotation & evaluation alignment (Instawork AI Data), Strategic growth & cross-functional operations fit."
2026-09-14,Startek,Business Development Associate,Bengaluru General Corridor,Indeed,http://in.indeed.com/job/business-development-associate-553421f1ed65a4ce,READY_TO_APPLY,2026-09-17,Talent Acquisition Partner,"Target role fit: 85/100. Focus: B2B sales & outbound pipeline alignment (Pencil Mark / AERO India), Fresher / entry-level friendly."
2026-09-14,Scaler Academy,Business Development Associate,Bengaluru General Corridor,Indeed,http://in.indeed.com/job/business-development-associate-6708d50f47ec37f6,READY_TO_APPLY,2026-09-17,Talent Acquisition Partner,"Target role fit: 98/100. Focus: B2B sales & outbound pipeline alignment (Pencil Mark / AERO India), AI data annotation & evaluation alignment (Instawork AI Data)."
2026-09-14,Win in Life Academy,Sr business development associate,Bengaluru General Corridor,LinkedIn,https://www.linkedin.com/jobs/view/4464869641,READY_TO_APPLY,2026-09-17,Talent Acquisition Partner,"Target role fit: 85/100. Focus: B2B sales & outbound pipeline alignment (Pencil Mark / AERO India), Fresher / entry-level friendly."
2026-09-14,BrightCHAMPS,Business Development Associate- US,Bengaluru General Corridor,LinkedIn,https://www.linkedin.com/jobs/view/4464763563,READY_TO_APPLY,2026-09-17,Talent Acquisition Partner,"Target role fit: 85/100. Focus: B2B sales & outbound pipeline alignment (Pencil Mark / AERO India), Fresher / entry-level friendly."
2026-09-14,PwC Acceleration Center India,Tech & Data - AI Governance - Associate 2,Bengaluru General Corridor,LinkedIn,https://www.linkedin.com/jobs/view/4435689604,READY_TO_APPLY,2026-09-17,Talent Acquisition Partner,"Target role fit: 85/100. Focus: AI data annotation & evaluation alignment (Instawork AI Data), Fresher / entry-level friendly."
2026-09-16,Google,"Strategic Partnerships Development Manager, K&I Partnerships",Bengaluru General Corridor,Indeed,https://careers.google.com/jobs/results/124607688800641734-strategic-partnerships-development-manager/,READY_TO_APPLY,2026-09-19,Talent Acquisition Partner,"Target role fit: 98/100. Focus: B2B sales & outbound pipeline alignment (Pencil Mark / AERO India), AI data annotation & evaluation alignment (Instawork AI Data)."
2026-09-16,Bread Financial,Bangalore Process Associate,Bengaluru General Corridor,Indeed,https://alliancedata.wd5.myworkdayjobs.com/en-US/breadfinancial_India/job/Bangalore-India/Bangalore-Process-Associate_R1013166,READY_TO_APPLY,2026-09-19,Talent Acquisition Partner,"Target role fit: 85/100. Focus: AI data annotation & evaluation alignment (Instawork AI Data), Fresher / entry-level friendly."
2026-09-16,EY,EYP-DM And DF-Assistant Manager,Bengaluru General Corridor,Indeed,https://careers.ey.com/ey/job/Bengaluru-EYP-DM-And-DF-Assistant-Manager-KA-560016/1436492533/,READY_TO_APPLY,2026-09-19,Talent Acquisition Partner,"Target role fit: 98/100. Focus: B2B sales & outbound pipeline alignment (Pencil Mark / AERO India), AI data annotation & evaluation alignment (Instawork AI Data)."
2026-09-16,EY,EYP-DM And DF-Associate Manager,Bengaluru General Corridor,Indeed,https://careers.ey.com/ey/job/Bengaluru-EYP-DM-And-DF-Associate-Manager-KA-560016/1436492433/,READY_TO_APPLY,2026-09-19,Talent Acquisition Partner,"Target role fit: 98/100. Focus: B2B sales & outbound pipeline alignment (Pencil Mark / AERO India), AI data annotation & evaluation alignment (Instawork AI Data)."
2026-09-16,Careait,Business Development Associate,Bengaluru General Corridor,LinkedIn,https://www.linkedin.com/jobs/view/4466508501,READY_TO_APPLY,2026-09-19,Talent Acquisition Partner,"Target role fit: 85/100. Focus: B2B sales & outbound pipeline alignment (Pencil Mark / AERO India), Fresher / entry-level friendly."
2026-09-16,Digivance Solutions,Business Development Associate,Bengaluru General Corridor,LinkedIn,https://www.linkedin.com/jobs/view/4467730055,READY_TO_APPLY,2026-09-19,Talent Acquisition Partner,"Target role fit: 85/100. Focus: B2B sales & outbound pipeline alignment (Pencil Mark / AERO India), Fresher / entry-level friendly."
2026-09-16,SHRS - SARIKA HR SOLUTIONS,Business Development Associate,Bengaluru General Corridor,LinkedIn,https://www.linkedin.com/jobs/view/4466195708,READY_TO_APPLY,2026-09-19,Talent Acquisition Partner,"Target role fit: 85/100. Focus: B2B sales & outbound pipeline alignment (Pencil Mark / AERO India), Fresher / entry-level friendly."
2026-09-16,Levi Strauss,Associate Engineer- SAP Basis,Bengaluru General Corridor,Indeed,https://levistraussandco.wd5.myworkdayjobs.com/External/job/GCC-Office--ITC-Green-Center-Bengaluru-Karnataka-India/Associate-Engineer--SAP-Basis_R-0152933,READY_TO_APPLY,2026-09-19,Talent Acquisition Partner,"Target role fit: 85/100. Focus: AI data annotation & evaluation alignment (Instawork AI Data), Fresher / entry-level friendly."
2026-09-16,Confidential Employer,Associate Legal Counsel,Bengaluru General Corridor,Indeed,https://revantage.wd1.myworkdayjobs.com/Revantage/job/Bengaluru/Associate-Legal-Counsel_JR104173,READY_TO_APPLY,2026-09-19,Talent Acquisition Partner,"Target role fit: 85/100. Focus: AI data annotation & evaluation alignment (Instawork AI Data), Fresher / entry-level friendly."
2026-09-16,BlackRock,Associate - Treasury Operations,Bengaluru General Corridor (Remote),Indeed,https://careers.blackrock.com/job/bengaluru/associate-treasury-operations/45831/100661844384,READY_TO_APPLY,2026-09-19,Talent Acquisition Partner,"Target role fit: 98/100. Focus: B2B sales & outbound pipeline alignment (Pencil Mark / AERO India), AI data annotation & evaluation alignment (Instawork AI Data)."
2026-09-16,Confidential Employer,Sr. Associate - DevOps,Bengaluru General Corridor,Indeed,https://revantage.wd1.myworkdayjobs.com/Revantage/job/Bengaluru/Sr-Associate---DevOps_JR104219-1,READY_TO_APPLY,2026-09-19,Talent Acquisition Partner,"Target role fit: 98/100. Focus: B2B sales & outbound pipeline alignment (Pencil Mark / AERO India), AI data annotation & evaluation alignment (Instawork AI Data)."
2026-09-16,"Revantage, A Blackstone Portfolio Company",Associate - AI and Data Engineer,Bengaluru General Corridor,LinkedIn,https://www.linkedin.com/jobs/view/4465580437,READY_TO_APPLY,2026-09-19,Talent Acquisition Partner,"Target role fit: 85/100. Focus: AI data annotation & evaluation alignment (Instawork AI Data), Fresher / entry-level friendly."
2026-09-16,"Revantage, A Blackstone Portfolio Company",AI enablement associate / specialist,Bengaluru General Corridor,LinkedIn,https://www.linkedin.com/jobs/view/4467724190,READY_TO_APPLY,2026-09-19,Talent Acquisition Partner,"Target role fit: 85/100. Focus: AI data annotation & evaluation alignment (Instawork AI Data), Fresher / entry-level friendly."
2026-09-16,Tech vedhu,Business Development Associate,Bengaluru General Corridor,Indeed,http://in.indeed.com/job/business-development-associate-3e3cf1f95cd44f01,READY_TO_APPLY,2026-09-19,Talent Acquisition Partner,"Target role fit: 85/100. Focus: B2B sales & outbound pipeline alignment (Pencil Mark / AERO India), Fresher / entry-level friendly."
2026-09-16,Ecolab,Sr Platform Engineer-ServiceNow,Bengaluru General Corridor,Indeed,https://jobs.ecolab.com/global/en/job/EIYEIEUSR00303775EXTERNALENGLOBAL/Sr-Platform-Engineer-ServiceNow?utm_source=srm_indeed_org,READY_TO_APPLY,2026-09-19,Talent Acquisition Partner,"Target role fit: 98/100. Focus: AI data annotation & evaluation alignment (Instawork AI Data), BBA International Business degree & trade operations capability."
2026-09-16,Ingram Micro,Key Account Manager,Bengaluru General Corridor,Indeed,https://ingrammicro.wd5.myworkdayjobs.com/en-US/IngramMicro/job/Bengaluru-India/Key-Account-Manager_R-115179,READY_TO_APPLY,2026-09-19,Talent Acquisition Partner,"Target role fit: 98/100. Focus: B2B sales & outbound pipeline alignment (Pencil Mark / AERO India), AI data annotation & evaluation alignment (Instawork AI Data)."
2026-09-16,Myntra,Udaan - Talent Management,Bengaluru General Corridor,Indeed,https://jobs.myntra.com/jobs/8379382043,READY_TO_APPLY,2026-09-19,Talent Acquisition Partner,"Target role fit: 85/100. Focus: AI data annotation & evaluation alignment (Instawork AI Data), Fresher / entry-level friendly."
2026-09-16,Myntra,Associate - Service Quality - Seller Support,Bengaluru General Corridor,Indeed,https://jobs.myntra.com/jobs/3867131132,READY_TO_APPLY,2026-09-19,Talent Acquisition Partner,"Target role fit: 85/100. Focus: AI data annotation & evaluation alignment (Instawork AI Data), Fresher / entry-level friendly."
2026-09-16,Marriott International,Sales Manager- JW Marriott Bengaluru Prestige Golfshire Resort & Spa,Bengaluru General Corridor (Remote),Indeed,https://careers.marriott.com/sales-manager-jw-marriott-bengaluru-prestige-golfshire-resort-spa/job/FB424D7CF809964B692A4439E66BBD89?utm_medium=jobboard&utm_source=indeed,READY_TO_APPLY,2026-09-19,Talent Acquisition Partner,"Target role fit: 98/100. Focus: B2B sales & outbound pipeline alignment (Pencil Mark / AERO India), AI data annotation & evaluation alignment (Instawork AI Data)."
2026-09-16,HCLTech,Technical Lead,Bengaluru General Corridor,Indeed,https://careers.hcltech.com/job/Technical-Lead/166592-en_US,READY_TO_APPLY,2026-09-19,Talent Acquisition Partner,"Target role fit: 98/100. Focus: B2B sales & outbound pipeline alignment (Pencil Mark / AERO India), AI data annotation & evaluation alignment (Instawork AI Data)."
2026-09-16,Deutsche Bank,Associate – Payroll Control,Bengaluru General Corridor,Indeed,https://db.wd3.myworkdayjobs.com/en-US/DBWebsite/job/Bangalore-Velankani-Tech-Park/Associate---Payroll-Control_R0450952,READY_TO_APPLY,2026-09-19,Talent Acquisition Partner,"Target role fit: 85/100. Focus: AI data annotation & evaluation alignment (Instawork AI Data), Fresher / entry-level friendly."
2026-09-16,United Airlines,Associate Engineer - Digital Technology,Bengaluru General Corridor (Remote),Indeed,https://careers.united.com/us/en/job/UAIUADUSBKC00000014EXTERNALENUSTALEO/Associate-Engineer-Digital-Technology?utm_source=indeed&utm_medium=phenom-feeds,READY_TO_APPLY,2026-09-19,Talent Acquisition Partner,"Target role fit: 98/100. Focus: AI data annotation & evaluation alignment (Instawork AI Data), BBA International Business degree & trade operations capability."
2026-09-16,TE Connectivity,Engineering Development Associate (Rotation Program),Bengaluru General Corridor,Indeed,https://careers.te.com/job/Engineering-Development-Associate-%28Rotation-Program%29/159230-en_US,READY_TO_APPLY,2026-09-19,Talent Acquisition Partner,"Target role fit: 98/100. Focus: AI data annotation & evaluation alignment (Instawork AI Data), BBA International Business degree & trade operations capability."
2026-09-17,Tucson Interiors,Business Development Associate,Bengaluru General Corridor,Indeed,http://in.indeed.com/job/business-development-associate-5ec7cd893664f970,READY_TO_APPLY,2026-09-20,Talent Acquisition Partner,"Target role fit: 98/100. Focus: B2B sales & outbound pipeline alignment (Pencil Mark / AERO India), AI data annotation & evaluation alignment (Instawork AI Data)."
2026-09-17,Organic santhe private limited,Business Development Associate,Bengaluru General Corridor,Indeed,http://in.indeed.com/job/business-development-associate-011d313090c2988e,READY_TO_APPLY,2026-09-20,Talent Acquisition Partner,"Target role fit: 98/100. Focus: B2B sales & outbound pipeline alignment (Pencil Mark / AERO India), AI data annotation & evaluation alignment (Instawork AI Data)."
2026-09-17,Lowe's Home Improvement,Sr Software Engineer backend,Bengaluru General Corridor,Indeed,https://talent.lowes.com/in/en/job/JR-02614053,READY_TO_APPLY,2026-09-20,Talent Acquisition Partner,"Target role fit: 98/100. Focus: B2B sales & outbound pipeline alignment (Pencil Mark / AERO India), AI data annotation & evaluation alignment (Instawork AI Data)."
2026-09-17,Xchangepe,Partnerships Associate,Bengaluru General Corridor,LinkedIn,https://www.linkedin.com/jobs/view/4467999249,READY_TO_APPLY,2026-09-20,Talent Acquisition Partner,"Target role fit: 85/100. Focus: B2B sales & outbound pipeline alignment (Pencil Mark / AERO India), Fresher / entry-level friendly."
2026-09-17,INSTABUS,AI Operations Associate — Voice Quality & Data,Bengaluru General Corridor,Indeed,http://in.indeed.com/job/ai-operations-associate-voice-quality-data-81e684220bd06600,READY_TO_APPLY,2026-09-20,Talent Acquisition Partner,"Target role fit: 98/100. Focus: B2B sales & outbound pipeline alignment (Pencil Mark / AERO India), AI data annotation & evaluation alignment (Instawork AI Data)."
2026-09-17,CGI,Azure Data Engineer – Microsoft Fabric Support,Bengaluru General Corridor,Indeed,https://indeed.njoyn.com/corp/xweb/XWeb.asp?page=jobdetails&clid=21001&JobID=J0826-1120&BRID=1333404&sbdid=936,READY_TO_APPLY,2026-09-20,Talent Acquisition Partner,"Target role fit: 98/100. Focus: B2B sales & outbound pipeline alignment (Pencil Mark / AERO India), AI data annotation & evaluation alignment (Instawork AI Data)."
2026-09-17,Amazon.com,"Brand Manager, Kitchen, Kitchen",Bengaluru General Corridor,Indeed,https://www.amazon.jobs/jobs/10551527/brand-manager-kitchen-kitchen?cmpid=DA_INAD200785B,READY_TO_APPLY,2026-09-20,Talent Acquisition Partner,"Target role fit: 98/100. Focus: B2B sales & outbound pipeline alignment (Pencil Mark / AERO India), AI data annotation & evaluation alignment (Instawork AI Data)."
2026-09-17,Bhanzu,Business Development Associate - [Bangalore] - HSR Layout,Bengaluru General Corridor,LinkedIn,https://www.linkedin.com/jobs/view/4466262219,READY_TO_APPLY,2026-09-20,Talent Acquisition Partner,"Target role fit: 85/100. Focus: B2B sales & outbound pipeline alignment (Pencil Mark / AERO India), Fresher / entry-level friendly."
2026-09-17,CloudifyOps,Associate Technical Project Manager,Bengaluru General Corridor,Indeed,https://cloudifyops.zohorecruit.in/jobs/Careers/78115000017247736/Associate-Technical-Project-Manager?source=CareerSite,READY_TO_APPLY,2026-09-20,Talent Acquisition Partner,"Target role fit: 98/100. Focus: B2B sales & outbound pipeline alignment (Pencil Mark / AERO India), AI data annotation & evaluation alignment (Instawork AI Data)."
2026-09-17,Kapture CX,Associate Product Manager,Bengaluru General Corridor,Indeed,https://kapturecrm.keka.com/careers/jobdetails/161708?source=indeed%20job%20posts,READY_TO_APPLY,2026-09-20,Talent Acquisition Partner,"Target role fit: 98/100. Focus: B2B sales & outbound pipeline alignment (Pencil Mark / AERO India), AI data annotation & evaluation alignment (Instawork AI Data)."
2026-09-17,Zebra Technologies,"Manager, Data Scientist",Bengaluru General Corridor,Indeed,https://zebra.wd501.myworkdayjobs.com/en-US/Zebra_careers/job/Bengaluru-India/Manager--Data-Scientist_JR103256,READY_TO_APPLY,2026-09-20,Talent Acquisition Partner,"Target role fit: 85/100. Focus: B2B sales & outbound pipeline alignment (Pencil Mark / AERO India), AI data annotation & evaluation alignment (Instawork AI Data)."
2026-09-17,Genpact,Sr. Analyst - Process Analytics - S&M 4A,Bengaluru General Corridor (Remote),Indeed,https://genpact.wd108.myworkdayjobs.com/External_Careers/job/1401-G-India-1-6-FL-Surya-Park-STPI-Bangalore/Sr-Analyst---Process-Analytics---S-M-4A_JR10026258,READY_TO_APPLY,2026-09-20,Talent Acquisition Partner,"Target role fit: 98/100. Focus: B2B sales & outbound pipeline alignment (Pencil Mark / AERO India), AI data annotation & evaluation alignment (Instawork AI Data)."
2026-09-18,RCM Consumer Products Pvt. Ltd.,Offline Trainer - Sr. Executive / Assistant Manager,Bengaluru General Corridor,Indeed,http://in.indeed.com/job/offline-trainer-sr-executive-assistant-manager-7e7d3597c121622d,READY_TO_APPLY,2026-09-21,Talent Acquisition Partner,"Target role fit: 98/100. Focus: B2B sales & outbound pipeline alignment (Pencil Mark / AERO India), AI data annotation & evaluation alignment (Instawork AI Data)."
2026-09-18,Diageo,"Process Analyst, HR Operations",Bengaluru General Corridor,Indeed,https://diageo.wd3.myworkdayjobs.com/en-US/Diageo_Careers/job/Bangalore-India/Process-Analyst--HR-Operations_JR1128498,READY_TO_APPLY,2026-09-21,Talent Acquisition Partner,"Target role fit: 98/100. Focus: AI data annotation & evaluation alignment (Instawork AI Data), BBA International Business degree & trade operations capability."
2026-09-18,EY,UKI Deal Support Specialist,Bengaluru General Corridor,Indeed,https://careers.ey.com/ey/job/Bengaluru-UKI-Deal-Support-Specialist-KA-560048/1437475733/,READY_TO_APPLY,2026-09-21,Talent Acquisition Partner,"Target role fit: 98/100. Focus: B2B sales & outbound pipeline alignment (Pencil Mark / AERO India), AI data annotation & evaluation alignment (Instawork AI Data)."
2026-09-18,SHRS - SARIKA HR SOLUTIONS,Business development Associate(Edtech),Bengaluru General Corridor,LinkedIn,https://www.linkedin.com/jobs/view/4467557291,READY_TO_APPLY,2026-09-21,Talent Acquisition Partner,"Target role fit: 85/100. Focus: B2B sales & outbound pipeline alignment (Pencil Mark / AERO India), Fresher / entry-level friendly."
2026-09-18,JPMorganChase,Associate - Financial Planning & Analysis,Bengaluru General Corridor,Indeed,https://JPMorganChase.contacthr.com/153629460,READY_TO_APPLY,2026-09-21,Talent Acquisition Partner,"Target role fit: 98/100. Focus: B2B sales & outbound pipeline alignment (Pencil Mark / AERO India), AI data annotation & evaluation alignment (Instawork AI Data)."
2026-09-18,RCM Consumer Products Pvt. Ltd.,Offline Trainer - Sr. Executive / Assistant Manager,Bengaluru General Corridor,Indeed,http://in.indeed.com/job/offline-trainer-sr-executive-assistant-manager-7e7d3597c121622d,READY_TO_APPLY,2026-09-21,Talent Acquisition Partner,"Target role fit: 98/100. Focus: B2B sales & outbound pipeline alignment (Pencil Mark / AERO India), AI data annotation & evaluation alignment (Instawork AI Data)."
2026-09-18,Diageo,"Process Analyst, HR Operations",Bengaluru General Corridor,Indeed,https://diageo.wd3.myworkdayjobs.com/en-US/Diageo_Careers/job/Bangalore-India/Process-Analyst--HR-Operations_JR1128498,READY_TO_APPLY,2026-09-21,Talent Acquisition Partner,"Target role fit: 98/100. Focus: AI data annotation & evaluation alignment (Instawork AI Data), BBA International Business degree & trade operations capability."
2026-09-18,EY,UKI Deal Support Specialist,Bengaluru General Corridor,Indeed,https://careers.ey.com/ey/job/Bengaluru-UKI-Deal-Support-Specialist-KA-560048/1437475733/,READY_TO_APPLY,2026-09-21,Talent Acquisition Partner,"Target role fit: 98/100. Focus: B2B sales & outbound pipeline alignment (Pencil Mark / AERO India), AI data annotation & evaluation alignment (Instawork AI Data)."
2026-09-18,SHRS - SARIKA HR SOLUTIONS,Business development Associate(Edtech),Bengaluru General Corridor,LinkedIn,https://www.linkedin.com/jobs/view/4467557291,READY_TO_APPLY,2026-09-21,Talent Acquisition Partner,"Target role fit: 85/100. Focus: B2B sales & outbound pipeline alignment (Pencil Mark / AERO India), Fresher / entry-level friendly."
2026-09-18,JPMorganChase,Associate - Financial Planning & Analysis,Bengaluru General Corridor,Indeed,https://JPMorganChase.contacthr.com/153629460,READY_TO_APPLY,2026-09-21,Talent Acquisition Partner,"Target role fit: 98/100. Focus: B2B sales & outbound pipeline alignment (Pencil Mark / AERO India), AI data annotation & evaluation alignment (Instawork AI Data)."
2026-09-18,Riverleaf technologies pvt ltd,Business Development Associate,Bengaluru General Corridor,Indeed,http://in.indeed.com/job/business-development-associate-6be8ba53636b61cc,READY_TO_APPLY,2026-09-21,Talent Acquisition Partner,"Target role fit: 98/100. Focus: B2B sales & outbound pipeline alignment (Pencil Mark / AERO India), AI data annotation & evaluation alignment (Instawork AI Data)."
2026-09-18,FCT,Quality Assurance Analyst,Bengaluru General Corridor,Indeed,https://firstam.wd1.myworkdayjobs.com/faicareers/job/IND-Karnataka-Bangalore/Quality-Assurance-Analyst_R058557,READY_TO_APPLY,2026-09-21,Talent Acquisition Partner,"Target role fit: 98/100. Focus: B2B sales & outbound pipeline alignment (Pencil Mark / AERO India), AI data annotation & evaluation alignment (Instawork AI Data)."
2026-09-18,RSR Media,Business Development Associate,Bengaluru General Corridor,LinkedIn,https://www.linkedin.com/jobs/view/4467855474,READY_TO_APPLY,2026-09-21,Talent Acquisition Partner,"Target role fit: 85/100. Focus: B2B sales & outbound pipeline alignment (Pencil Mark / AERO India), Fresher / entry-level friendly."
2026-09-18,The LIT School,Business Development Associate - Ed Tech (Fresher),Bengaluru General Corridor,LinkedIn,https://www.linkedin.com/jobs/view/4467849888,READY_TO_APPLY,2026-09-21,Talent Acquisition Partner,"Target role fit: 85/100. Focus: B2B sales & outbound pipeline alignment (Pencil Mark / AERO India), Fresher / entry-level friendly."
2026-09-18,Deutsche Bank,KYC Associate,Bengaluru General Corridor,Indeed,https://db.wd3.myworkdayjobs.com/en-US/DBWebsite/job/Bangalore-Velankani-Tech-Park/KYC-Associate_R0447603,READY_TO_APPLY,2026-09-21,Talent Acquisition Partner,"Target role fit: 85/100. Focus: AI data annotation & evaluation alignment (Instawork AI Data), Fresher / entry-level friendly."
2026-09-18,BHiVE Workspace,Growth Executive,Bengaluru General Corridor,Indeed,https://bhive.careers/jobs/growth-executive/,READY_TO_APPLY,2026-09-21,Talent Acquisition Partner,"Target role fit: 98/100. Focus: AI data annotation & evaluation alignment (Instawork AI Data), Strategic growth & cross-functional operations fit."
2026-09-18,Genpact,Associate - S&P - Procurement Ops 5A,Bengaluru General Corridor (Remote),Indeed,https://genpact.wd108.myworkdayjobs.com/External_Careers/job/1401-GIPL-Prestige-Technology-Park-IV-Bangalore/Associate---S-P---Procurement-Ops-5A_JR10026685,READY_TO_APPLY,2026-09-21,Talent Acquisition Partner,"Target role fit: 98/100. Focus: AI data annotation & evaluation alignment (Instawork AI Data), BBA International Business degree & trade operations capability."
2026-09-19,Accenture,Delivery Operations Associate Manager,Bengaluru General Corridor,Indeed,https://accenture.com/in-en/careers/jobdetails?id=AIOC-S01666173_en,READY_TO_APPLY,2026-09-22,Talent Acquisition Partner,"Target role fit: 98/100. Focus: B2B sales & outbound pipeline alignment (Pencil Mark / AERO India), AI data annotation & evaluation alignment (Instawork AI Data)."
2026-09-19,Accenture,Business Interlock Associate Manager,Bengaluru General Corridor,Indeed,https://accenture.com/in-en/careers/jobdetails?id=AIOC-S01666119_en,READY_TO_APPLY,2026-09-22,Talent Acquisition Partner,"Target role fit: 85/100. Focus: AI data annotation & evaluation alignment (Instawork AI Data), Fresher / entry-level friendly."
2026-09-19,JPMorganChase,AI Automation Engineer Associate,Bengaluru General Corridor,Indeed,https://JPMorganChase.contacthr.com/153636849,READY_TO_APPLY,2026-09-22,Talent Acquisition Partner,"Target role fit: 98/100. Focus: B2B sales & outbound pipeline alignment (Pencil Mark / AERO India), AI data annotation & evaluation alignment (Instawork AI Data)."
2026-09-19,Accenture,Bus & Technology Delivery Associate,Bengaluru General Corridor,Indeed,https://accenture.com/in-en/careers/jobdetails?id=AIOC-S01666123_en,READY_TO_APPLY,2026-09-22,Talent Acquisition Partner,"Target role fit: 85/100. Focus: AI data annotation & evaluation alignment (Instawork AI Data), Fresher / entry-level friendly."
2026-09-19,Accenture,Visual Design Associate Manager,Bengaluru General Corridor,Indeed,https://accenture.com/in-en/careers/jobdetails?id=AIOC-S01666182_en,READY_TO_APPLY,2026-09-22,Talent Acquisition Partner,"Target role fit: 85/100. Focus: AI data annotation & evaluation alignment (Instawork AI Data), Fresher / entry-level friendly."
2026-09-19,RagaAI Inc,AI Product & Customer Success Associate,Bengaluru General Corridor,LinkedIn,https://www.linkedin.com/jobs/view/4467885990,READY_TO_APPLY,2026-09-22,Talent Acquisition Partner,"Target role fit: 85/100. Focus: AI data annotation & evaluation alignment (Instawork AI Data), Fresher / entry-level friendly."
2026-09-19,Novo Nordisk,Associate Project Lead,Bengaluru General Corridor,Indeed,https://careers.novonordisk.com/job/Bangalore-Associate-Project-Lead-Karn/1438443533/,READY_TO_APPLY,2026-09-22,Talent Acquisition Partner,"Target role fit: 98/100. Focus: AI data annotation & evaluation alignment (Instawork AI Data), BBA International Business degree & trade operations capability."
2026-09-19,Goldman Sachs,GBM-Bengaluru-Associate-Software Engineering,Bengaluru General Corridor,Indeed,https://higher.gs.com/roles/184878,READY_TO_APPLY,2026-09-22,Talent Acquisition Partner,"Target role fit: 98/100. Focus: AI data annotation & evaluation alignment (Instawork AI Data), BBA International Business degree & trade operations capability."
2026-09-19,Goldman Sachs,GBM - Private Dept-Bengaluru-Associate-Software Engineering,Bengaluru General Corridor,Indeed,https://higher.gs.com/roles/184877,READY_TO_APPLY,2026-09-22,Talent Acquisition Partner,"Target role fit: 85/100. Focus: AI data annotation & evaluation alignment (Instawork AI Data), Fresher / entry-level friendly."
2026-09-20,Northstone Group,Business Development Associate,Bengaluru General Corridor,Indeed,http://in.indeed.com/job/business-development-associate-6794c1ca25b65f1c,READY_TO_APPLY,2026-09-23,Talent Acquisition Partner,"Target role fit: 98/100. Focus: B2B sales & outbound pipeline alignment (Pencil Mark / AERO India), AI data annotation & evaluation alignment (Instawork AI Data)."
2026-09-20,PixelkliQ,Business Development Associate ( Inside Sales ),Bengaluru General Corridor,Indeed,http://in.indeed.com/job/business-development-associate-inside-sales-326b3fb6065a11f8,READY_TO_APPLY,2026-09-23,Talent Acquisition Partner,"Target role fit: 98/100. Focus: B2B sales & outbound pipeline alignment (Pencil Mark / AERO India), AI data annotation & evaluation alignment (Instawork AI Data)."
2026-09-20,Aenexz Tech,Business Development Associate,Bengaluru General Corridor,Indeed,http://in.indeed.com/job/business-development-associate-295dc6998d6edc0c,READY_TO_APPLY,2026-09-23,Talent Acquisition Partner,"Target role fit: 98/100. Focus: B2B sales & outbound pipeline alignment (Pencil Mark / AERO India), AI data annotation & evaluation alignment (Instawork AI Data)."
2026-09-20,Neuraleap Group,Business Development Associate – Crowdfunding,Bengaluru General Corridor,LinkedIn,https://www.linkedin.com/jobs/view/4468087592,READY_TO_APPLY,2026-09-23,Talent Acquisition Partner,"Target role fit: 85/100. Focus: B2B sales & outbound pipeline alignment (Pencil Mark / AERO India), Fresher / entry-level friendly."
2026-09-20,Bhanzu,Business Development Associate || US ||HSR-Layout||Bangalore,Bengaluru General Corridor,LinkedIn,https://www.linkedin.com/jobs/view/4468448421,READY_TO_APPLY,2026-09-23,Talent Acquisition Partner,"Target role fit: 85/100. Focus: B2B sales & outbound pipeline alignment (Pencil Mark / AERO India), Fresher / entry-level friendly."
2026-09-20,ESKO,"Manager, Quality Engineering",Bengaluru General Corridor,Indeed,https://jobs.veralto.com/global/en/job/DANVGTGLOBALR10268462EXTERNALENGLOBAL/Manager-Quality-Engineering?utm_source=indeed&utm_medium=phenom-feeds,READY_TO_APPLY,2026-09-23,Talent Acquisition Partner,"Target role fit: 85/100. Focus: AI data annotation & evaluation alignment (Instawork AI Data), Fresher / entry-level friendly."
2026-09-28,Marriott International,Senior Sales Manager- JW Marriott Bengaluru Prestige Golfshire Resort & Spa,Bengaluru General Corridor (Remote),Indeed,https://careers.marriott.com/senior-sales-manager-jw-marriott-bengaluru-prestige-golfshire-resort-spa/job/PDX_MI_A619FDFD-A1DD-4785-9D4D-A30EAF06DCFF_22322321?utm_medium=jobboard&utm_source=indeed,READY_TO_APPLY,2026-10-01,Talent Acquisition Partner,"Target role fit: 80/100. Focus: B2B sales & outbound pipeline alignment (Pencil Mark / AERO India), AI data annotation & evaluation alignment (Instawork AI Data)."
2026-09-28,InSnap Technologies,Business Development Associate,Bengaluru General Corridor,Indeed,http://in.indeed.com/job/business-development-associate-8128f7804060df77,READY_TO_APPLY,2026-10-01,Talent Acquisition Partner,"Target role fit: 98/100. Focus: B2B sales & outbound pipeline alignment (Pencil Mark / AERO India), AI data annotation & evaluation alignment (Instawork AI Data)."
2026-09-28,Genpact,Tech Lead - Application Development JAVA N 4C,Bengaluru General Corridor (Remote),Indeed,https://genpact.wd108.myworkdayjobs.com/External_Careers/job/1401-GIPL-Prestige-Technology-Park-IV-Bangalore/Tech-Lead---Application-Development-JAVA-N-4C_JR10027845,READY_TO_APPLY,2026-10-01,Talent Acquisition Partner,"Target role fit: 85/100. Focus: AI data annotation & evaluation alignment (Instawork AI Data), Fresher / entry-level friendly."
2026-09-28,Codeyoung,"Business Development Associate in Bangalore, Chennai, Hyderabad",Bengaluru General Corridor,LinkedIn,https://www.linkedin.com/jobs/view/4472402998,READY_TO_APPLY,2026-10-01,Talent Acquisition Partner,"Target role fit: 98/100. Focus: B2B sales & outbound pipeline alignment (Pencil Mark / AERO India), AI data annotation & evaluation alignment (Instawork AI Data)."
2026-09-28,SaralX,Business Development Associate,Bengaluru General Corridor,LinkedIn,https://www.linkedin.com/jobs/view/4472489769,READY_TO_APPLY,2026-10-01,Talent Acquisition Partner,"Target role fit: 85/100. Focus: B2B sales & outbound pipeline alignment (Pencil Mark / AERO India), Fresher / entry-level friendly."
2026-09-28,Ista Spaces,Business Development Associate,Bengaluru General Corridor,LinkedIn,https://www.linkedin.com/jobs/view/4471392194,READY_TO_APPLY,2026-10-01,Talent Acquisition Partner,"Target role fit: 85/100. Focus: B2B sales & outbound pipeline alignment (Pencil Mark / AERO India), Fresher / entry-level friendly."
2026-09-28,Genpact,Sr. Associate - F&A - I2C 5B,Bengaluru General Corridor (Remote),Indeed,https://genpact.wd108.myworkdayjobs.com/External_Careers/job/1401-G-India--Pritech-Park-4-F-SEZ-II-Bangalore/Sr-Associate---F-A---I2C-5B_JR10014538,READY_TO_APPLY,2026-10-01,Talent Acquisition Partner,"Target role fit: 85/100. Focus: AI data annotation & evaluation alignment (Instawork AI Data), Fresher / entry-level friendly."
2026-09-28,Weekday,Growth Consultant,Bengaluru General Corridor,Indeed,https://jobs.lever.co/weekdayworks/020f460e-1b92-474e-86c0-62a7be21740b?lever-source=Indeed,READY_TO_APPLY,2026-10-01,Talent Acquisition Partner,"Target role fit: 98/100. Focus: B2B sales & outbound pipeline alignment (Pencil Mark / AERO India), AI data annotation & evaluation alignment (Instawork AI Data)."
2026-09-28,Amazon.com,"Manager I, MLD Ops, GO-AI",Bengaluru General Corridor,Indeed,https://www.amazon.jobs/jobs/10561380/manager-i-mld-ops-goai?cmpid=DA_INAD200785B,READY_TO_APPLY,2026-10-01,Talent Acquisition Partner,"Target role fit: 85/100. Focus: AI data annotation & evaluation alignment (Instawork AI Data), Fresher / entry-level friendly."
