Job Title,Company,Tagline,Category / Track,Work Location,Estimated Compensation,ATS Platform,Direct ATS Apply URL,Jobspresso Posting URL
Technical Customer Support (L1),Synthflow AI,No-code conversational AI voice agents for enterprise,"AI & Data, Customer Support",Worldwide (Remote),"$45,000 - $85,000 USD (₹38L - ₹70L INR)",Ashby,https://jobs.ashbyhq.com/synthflow/20af440a-7164-493d-9834-3fd1cc8f0abd?locationId=fc0d455c-5cae-4e1b-be1d-d67005a95c79,https://jobspresso.co/job/technical-customer-support-l1/
Product Manager (Mid/Senior),Synthflow AI,No-code conversational AI voice agents for enterprise,"AI & Data, Product Management",Worldwide (Remote),"$90,000 - $165,000 USD (₹75L - ₹1.4Cr INR)",Ashby,https://jobs.ashbyhq.com/synthflow/product-manager,https://jobspresso.co/job/product-manager-mid-senior/
Technical Support Specialist (APAC),Deel,"Global payroll, HR and compliance platform","Customer Support, Tech Operations",Asia Pacific (India / APAC Remote),"$45,000 - $85,000 USD (₹38L - ₹70L INR)",Ashby,https://jobs.ashbyhq.com/deel/77fbd72d-89b5-41be-a802-781ed788ba2d,https://jobspresso.co/job/technical-support-specialist-apac/
AI Automation Engineer,Quora,Knowledge sharing platform & creator of Poe AI ecosystem,"AI & Data, Engineering",Worldwide (Remote),"$70,000 - $120,000 USD (₹58L - ₹1.0Cr INR)",Ashby,https://jobs.ashbyhq.com/quora/ai-automation-engineer,https://jobspresso.co/job/ai-automation-engineer/
"Software Engineer, Foundations",Chainlink Labs,Industry standard Web3 and decentralized oracle services,"Engineering, Infrastructure",Worldwide (Remote),"$70,000 - $120,000 USD (₹58L - ₹1.0Cr INR)",Greenhouse,https://boards.greenhouse.io/chainlink/jobs/software-engineer-foundations,https://jobspresso.co/job/software-engineer-foundations/
"Principal Product Manager, Conversational AI",Hopper,Big data travel marketplace and fintech platform,"Product Management, AI",Various US / Global Remote,"$90,000 - $165,000 USD (₹75L - ₹1.4Cr INR)",Direct Career Portal,https://hopper.com/careers/conversational-ai-pm,https://jobspresso.co/job/principal-product-manager-conversational-ai/
"Senior Software Engineer, .NET Core/C#",Deel,The all-in-one payroll & HR platform for global teams,Engineer,"EMEA, Nigeria, Pakistan, India","$90,000 - $165,000 USD (₹75L - ₹1.4Cr INR)",Ashby,https://jobs.ashbyhq.com/Deel/04bf5861-ec8b-4d01-b057-9eb3f2c97e86,https://jobspresso.co/job/senior-software-engineer-net-core-c/
Communications Manager,Wikimedia Foundation,Wikimedia Foundation is the non-profit that operates @Wikipedia.,Others,Eastern Time Zone,"$90,000 - $165,000 USD (₹75L - ₹1.4Cr INR)",Greenhouse,https://job-boards.greenhouse.io/wikimedia/jobs/5645603,https://jobspresso.co/job/communications-manager/
"Senior Product Manager, Data",HackerRank,Accelerating the world's innovation.,Product,India,"$90,000 - $165,000 USD (₹75L - ₹1.4Cr INR)",Greenhouse,https://boards.greenhouse.io/hackerrank/jobs/5272311?gh_jid=5272311,https://jobspresso.co/job/senior-product-manager-data/
Talent Recruiter,Mattermost,"Award-winning open source, private cloud Slack-alternative.",Others,Various Countries,"$70,000 - $120,000 USD (₹58L - ₹1.0Cr INR)",Lever,https://jobs.lever.co/mattermost/c0786473-14c3-4184-989c-e7c35caab156,https://jobspresso.co/job/talent-recruiter/
"Product Manager, Playbooks Team",Mattermost,"Award-winning open source, private cloud Slack-alternative.",Product,Various Countries,"$90,000 - $165,000 USD (₹75L - ₹1.4Cr INR)",Lever,https://jobs.lever.co/mattermost/0066e363-5158-4076-8bff-669c9a73107a,https://jobspresso.co/job/product-manager-playbooks-team/
React Native Engineer,Mattermost,"Award-winning open source, private cloud Slack-alternative.",Engineer,Various Countries,"$70,000 - $120,000 USD (₹58L - ₹1.0Cr INR)",Lever,https://jobs.lever.co/mattermost/91443b97-ba2b-479d-b125-120f94e48ce6/,https://jobspresso.co/job/react-native-engineer-2/
Machine Learning Engineer,HackerRank,Accelerating the world's innovation.,Engineer,India,"$70,000 - $120,000 USD (₹58L - ₹1.0Cr INR)",Greenhouse,https://boards.greenhouse.io/hackerrank/jobs/4441699,https://jobspresso.co/job/machine-learning-engineer/
"Full Stack Engineer, Calls Team",Mattermost,"Award-winning open source, private cloud Slack-alternative.",Engineer,Various Countries,"$70,000 - $120,000 USD (₹58L - ₹1.0Cr INR)",Lever,https://jobs.lever.co/mattermost/56d2b6c3-dca9-4374-9b9a-db56c8e4cba6,https://jobspresso.co/job/full-stack-engineer-calls-team/
Enterprise Account Executive,Neo4j,Neo4j is the leader in graph database technology.,Sales,Asia Pacific,"$70,000 - $120,000 USD (₹58L - ₹1.0Cr INR)",Lever,https://jobs.lever.co/neo4j/d603be45-1cd3-4c27-bfe9-45dc7b349f15,https://jobspresso.co/job/enterprise-account-executive-2/
"Full Stack Engineer, Self-Serve Team",Mattermost,"Award-winning open source, private cloud Slack-alternative.",Engineer,Various Countries,"$70,000 - $120,000 USD (₹58L - ₹1.0Cr INR)",Lever,https://jobs.lever.co/mattermost/fae3156a-f3a8-47a4-bce2-898b55d4c6c5,https://jobspresso.co/job/full-stack-engineer-self-serve-team/
Solution Architect,Mattermost,"Award-winning open source, private cloud Slack-alternative.",Sales,Various Countries,"$70,000 - $120,000 USD (₹58L - ₹1.0Cr INR)",Lever,https://jobs.lever.co/mattermost/dd26770d-f5df-4091-88b8-15a90249ddc4,https://jobspresso.co/job/solution-architect-3/
Security Engineer,Mattermost,Mattermost is an #opensource platform for secure collaboration across the entire software development lifecycle.,Engineer,Various Countries,"$70,000 - $120,000 USD (₹58L - ₹1.0Cr INR)",Lever,https://jobs.lever.co/mattermost/48146f3a-b231-49a2-a17e-4de6b9761c2d,https://jobspresso.co/job/security-engineer-3/
React Native Engineer,Mattermost,"Award-winning open source, private cloud Slack-alternative.",Engineer,Various Countries,"$70,000 - $120,000 USD (₹58L - ₹1.0Cr INR)",Lever,https://jobs.lever.co/mattermost/5ccdf7d8-4c95-40c5-88dd-c355929a36f4/,https://jobspresso.co/job/react-native-engineer/
Senior Software Engineer,Change.org,"Empowering anyone, anywhere to start, join and win campaigns for social change.",Engineer,Worldwide,"$90,000 - $165,000 USD (₹75L - ₹1.4Cr INR)",Greenhouse,https://boards.greenhouse.io/changeorg58/jobs/4312758003,https://jobspresso.co/job/senior-software-engineer-39/
"Full Stack Engineer, Playbooks Team",Mattermost,"Award-winning open source, private cloud Slack-alternative.",Engineer,Various Countries,"$70,000 - $120,000 USD (₹58L - ₹1.0Cr INR)",Lever,https://jobs.lever.co/mattermost/04de01a7-deab-45e8-8a0c-581e344814a1,https://jobspresso.co/job/full-stack-engineer-playbooks-team/
Data Analytics Engineer,Mattermost,"Award-winning open source, private cloud Slack-alternative.",AI & Data,Various Countries,"$70,000 - $120,000 USD (₹58L - ₹1.0Cr INR)",Lever,https://jobs.lever.co/mattermost/f5d9e455-110a-4d93-81b9-594c03df435e/,https://jobspresso.co/job/data-analytics-engineer/
Executive Assistant,Mattermost,"Award-winning open source, private cloud Slack-alternative.","Others, Support",Various Countries,"$45,000 - $85,000 USD (₹38L - ₹70L INR)",Lever,https://jobs.lever.co/mattermost/da415b83-8a4a-4504-9921-653f292ed9ee/,https://jobspresso.co/job/executive-assistant-11/
Head of Community,Mattermost,"Award-winning open source, private cloud Slack-alternative.",Others,Various Countries,"$150,000 - $240,000 USD (₹1.2Cr - ₹2.0Cr INR)",Lever,https://jobs.lever.co/mattermost/a42b97c4-2734-44b4-bf80-326d33d5481f,https://jobspresso.co/job/head-of-community-2/
HR Generalist,Mattermost,"Award-winning open source, private cloud Slack-alternative.",Others,Various Countries,"$70,000 - $120,000 USD (₹58L - ₹1.0Cr INR)",Lever,https://jobs.lever.co/mattermost/c1a8ac54-0ed5-4887-aa71-bab8ddfa5ff0,https://jobspresso.co/job/hr-generalist/
"Senior Full Stack Developer, Cloud Features",Mattermost,"Award-winning open source, private cloud Slack-alternative.",Engineer,Worldwide,"$90,000 - $165,000 USD (₹75L - ₹1.4Cr INR)",Lever,https://jobs.lever.co/mattermost/b91ca865-974e-49fa-a3e6-a42a4555dc5d,https://jobspresso.co/job/senior-full-stack-developer-cloud-features/
Customer Support Engineer,Mattermost,"Award-winning open source, private cloud Slack-alternative.","Engineer, Support",United States,"$45,000 - $85,000 USD (₹38L - ₹70L INR)",Lever,https://jobs.lever.co/mattermost/9b87538b-0972-41bb-b55e-9f930e0e6caa,https://jobspresso.co/job/customer-support-engineer-4/
Senior React Native Developer,Mattermost,"Award-winning open source, private cloud Slack-alternative.",Engineer,Worldwide,"$90,000 - $165,000 USD (₹75L - ₹1.4Cr INR)",Lever,https://jobs.lever.co/mattermost/0730760d-c0bd-4b0e-9a0c-6d14c4215e90,https://jobspresso.co/job/senior-react-native-developer/
Technical Writer,Mattermost,"Award-winning open source, private cloud Slack-alternative.",Writing,Worldwide,"$70,000 - $120,000 USD (₹58L - ₹1.0Cr INR)",Lever,https://jobs.lever.co/mattermost/ee4bd480-0494-488e-9938-2ee0dabe6f47,https://jobspresso.co/job/technical-writer-12/
Mobile Engineer,Mattermost,"Award-winning open source, private cloud Slack-alternative.",Engineer,Various Countries,"$70,000 - $120,000 USD (₹58L - ₹1.0Cr INR)",Lever,https://jobs.lever.co/mattermost/2373e1d6-40ef-4be0-9176-1e539e3e8faf,https://jobspresso.co/job/mobile-engineer-4/
"Lead Engineer, End-User Features",Mattermost,"Award-winning open source, private cloud Slack-alternative.",Engineer,Various Countries,"$90,000 - $165,000 USD (₹75L - ₹1.4Cr INR)",Lever,https://jobs.lever.co/mattermost/536e5c87-c921-4f5b-90ab-4494bc0a6e94,https://jobspresso.co/job/lead-engineer-end-user-features/
Customer Support Engineer,Mattermost,"Award-winning open source, private cloud Slack-alternative.","Design, Support",Various Countries,"$45,000 - $85,000 USD (₹38L - ₹70L INR)",Lever,https://jobs.lever.co/mattermost/4cc34782-9b3c-4539-9f1d-642be093a2bc,https://jobspresso.co/job/customer-support-engineer-3/
"Senior UX Designer, Cloud",Mattermost,"Award-winning open source, private cloud Slack-alternative.",Design,Canada,"$90,000 - $165,000 USD (₹75L - ₹1.4Cr INR)",Lever,https://jobs.lever.co/mattermost/c7ee0609-68a6-4655-9a54-9e626a5d0f19,https://jobspresso.co/job/senior-ux-designer-cloud/
Lead Site Reliability Engineer,Mattermost,"Award-winning open source, private cloud Slack-alternative.",Engineer,Canada,"$90,000 - $165,000 USD (₹75L - ₹1.4Cr INR)",Lever,https://jobs.lever.co/mattermost/a943f594-9535-436c-8062-e2309f025d6e,https://jobspresso.co/job/lead-site-reliability-engineer/
Online Math Coach / Tutor,Prodigy Education,Prodigy is a free curriculum aligned #Math game for grades/years 1-8 kids love to play. Get your class started in under 5 minutes #MakeMathFun #EdTech,Others,Anywhere,"$70,000 - $120,000 USD (₹58L - ₹1.0Cr INR)",Lever,https://jobs.lever.co/prodigygame/9f8cb8d1-de39-42f0-a185-63992d1e9306,https://jobspresso.co/job/online-math-coach-tutor/
International Partnership Coordinator,Girls Who Code,"We're a non-profit that works to inspire, educate, and equip girls with the computing skills to pursue 21st century opportunities. Join the movement!",Others,Anywhere (Canadian or Indian Time Zones),"$45,000 - $85,000 USD (₹38L - ₹70L INR)",Direct Career Portal,https://jobspresso.co/job/international-partnership-coordinator/,https://jobspresso.co/job/international-partnership-coordinator/
Software Engineer,Wikimedia Foundation,Wikimedia Foundation is the non-profit that operates @Wikipedia.,Engineer,Anywhere,"$70,000 - $120,000 USD (₹58L - ₹1.0Cr INR)",Greenhouse,https://boards.greenhouse.io/wikimedia/jobs/1463461,https://jobspresso.co/job/software-engineer-26/
DevOps Engineer,Lonely Planet,"Love travel? Plan and book your perfect trip with expert advice, travel tips, destination information and inspiration from Lonely Planet.",AI & Data,Anywhere,"$70,000 - $120,000 USD (₹58L - ₹1.0Cr INR)",Recruiterbox,https://lonelyplanet.recruiterbox.com/jobs/fk0mvy5/,https://jobspresso.co/job/devops-engineer-17/
Customer Success Manager,FormAssembly,The Web Form Builder for Everyone! Create awesome web forms in minutes.,Others,Anywhere in US,"$90,000 - $165,000 USD (₹75L - ₹1.4Cr INR)",Workable,https://formassembly.workable.com/jobs/553391,https://jobspresso.co/job/customer-success-manager-3/
Customer Support Specialist,FormAssembly,The Web Form Builder for Everyone! Create awesome web forms in minutes.,Support,Anywhere in US,"$45,000 - $85,000 USD (₹38L - ₹70L INR)",Workable,https://formassembly.workable.com/j/DA9C3417F7,https://jobspresso.co/job/customer-support-specialist-5/
Infrastructure Engineer,FormAssembly,The Web Form Builder for Everyone! Create awesome web forms in minutes.,AI & Data,Anywhere in US,"$70,000 - $120,000 USD (₹58L - ₹1.0Cr INR)",Workable,https://formassembly.workable.com/j/DB3475E0F0,https://jobspresso.co/job/infrastructure-engineer/
Strategic Pricing Analyst,Formstack,"Formstack is an easy-to-use, 508 compliant online form building tool. Quickly create and deploy the web forms you need without any coding knowledge",Marketing,Anywhere,"$70,000 - $120,000 USD (₹58L - ₹1.0Cr INR)",JazzHR,http://formstack.applytojob.com/apply/eqIvhYGLxP,https://jobspresso.co/job/strategic-pricing-analyst/
Front End Developer,Formstack,"Formstack is an easy-to-use, 508 compliant online form building tool. Quickly create and deploy the web forms you need without any coding knowledge",Engineer,Anywhere,"$70,000 - $120,000 USD (₹58L - ₹1.0Cr INR)",JazzHR,http://formstack.applytojob.com/apply/tYZIvfhO5M,https://jobspresso.co/job/front-end-developer-23/
Engineering Manager,Formstack,"Formstack is an easy-to-use, 508 compliant online form building tool. Quickly create and deploy the web forms you need without any coding knowledge",Engineer,Anywhere,"$90,000 - $165,000 USD (₹75L - ₹1.4Cr INR)",JazzHR,http://formstack.applytojob.com/apply/ZgpUSvEZbb,https://jobspresso.co/job/engineering-manager-16/
Product Manager,Formstack,"Formstack is an easy-to-use, 508 compliant online form building tool. Quickly create and deploy the web forms you need without any coding knowledge",Marketing,Anywhere,"$90,000 - $165,000 USD (₹75L - ₹1.4Cr INR)",JazzHR,http://formstack.applytojob.com/apply/jFupx0asKK,https://jobspresso.co/job/product-manager-21/
Mobile Developer,Formstack,"Formstack is an easy-to-use, 508 compliant online form building tool. Quickly create and deploy the web forms you need without any coding knowledge",Engineer,Anywhere,"$70,000 - $120,000 USD (₹58L - ₹1.0Cr INR)",JazzHR,http://formstack.applytojob.com/apply/vgpUsGRRXo,https://jobspresso.co/job/mobile-developer-2/
Marketing Automation Specialist,Formstack,"Formstack is an easy-to-use, 508 compliant online form building tool. Quickly create and deploy the web forms you need without any coding knowledge",Marketing,Anywhere,"$70,000 - $120,000 USD (₹58L - ₹1.0Cr INR)",JazzHR,http://formstack.applytojob.com/apply/Iry4rMMayQ,https://jobspresso.co/job/marketing-automation-specialist/
Senior Data Operations Engineer,Mozilla,A non-profit with one mission: defend the free and open web.,AI & Data,Eastern Time Zone,"$90,000 - $165,000 USD (₹75L - ₹1.4Cr INR)",Greenhouse,https://boards.greenhouse.io/mozilla/jobs/676370,https://jobspresso.co/job/senior-data-operations-engineer-3/
Customer Service Associate,Amazon,Earth's most customer-centric company.,Support,Anywhere in US,"$45,000 - $85,000 USD (₹38L - ₹70L INR)",Amazon Jobs Portal,https://www.amazon.jobs/en/jobs/SF170009350,https://jobspresso.co/job/customer-service-associate-4/
Human Resources Business Partner,Amazon,Earth's most customer-centric company.,Others,Anywhere in US,"$70,000 - $120,000 USD (₹58L - ₹1.0Cr INR)",Amazon Jobs Portal,https://www.amazon.jobs/en/jobs/508669,https://jobspresso.co/job/human-resources-business-partner/
Product Marketing Manager,InVision,"A prototyping, collaboration, and workflow platform for designers.",Marketing,Anywhere in US,"$90,000 - $165,000 USD (₹75L - ₹1.4Cr INR)",Workable,https://invision.workable.com/jobs/427102,https://jobspresso.co/job/product-marketing-manager-2/
Business Operations Associate (BizOps),InVision,"A prototyping, collaboration, and workflow platform for designers.",Others,Anywhere in US,"$45,000 - $85,000 USD (₹38L - ₹70L INR)",Workable,https://invision.workable.com/jobs/394725,https://jobspresso.co/job/business-operations-associate-bizops/
Design Programs Manager,InVision,"A prototyping, collaboration, and workflow platform for designers.",Design,Anywhere in US,"$90,000 - $165,000 USD (₹75L - ₹1.4Cr INR)",Workable,https://invision.workable.com/jobs/434525,https://jobspresso.co/job/design-programs-manager/
Senior Security Site Reliability Engineer,InVision,"A prototyping, collaboration, and workflow platform for designers.",AI & Data,Anywhere in US,"$90,000 - $165,000 USD (₹75L - ₹1.4Cr INR)",Workable,https://invision.workable.com/jobs/434843,https://jobspresso.co/job/senior-security-site-reliability-engineer/
Director of Engineering,InVision,"A prototyping, collaboration, and workflow platform for designers.",Engineer,Anywhere in US,"$150,000 - $240,000 USD (₹1.2Cr - ₹2.0Cr INR)",Workable,https://invision.workable.com/jobs/404751,https://jobspresso.co/job/director-of-engineering/
Business Development Representative,Formstack,"Formstack is an easy-to-use, 508 compliant online form building tool. Quickly create and deploy the web forms you need without any coding knowledge",Others,Anywhere in US,"$70,000 - $120,000 USD (₹58L - ₹1.0Cr INR)",JazzHR,http://formstack.applytojob.com/apply/JJpRpi,https://jobspresso.co/job/product-designer-15/
English Language Assessment Specialist,Amazon,Earth's most customer-centric company.,Others,Anywhere in US,"$70,000 - $120,000 USD (₹58L - ₹1.0Cr INR)",Amazon Jobs Portal,https://www.amazon.jobs/en/jobs/488556,https://jobspresso.co/job/english-language-assesment-linguist/
Product Designer,Formstack,"Formstack is an easy-to-use, 508 compliant online form building tool. Quickly create and deploy the web forms you need without any coding knowledge",Design,Anywhere in US,"$70,000 - $120,000 USD (₹58L - ₹1.0Cr INR)",JazzHR,http://formstack.applytojob.com/apply/DZUSFl,https://jobspresso.co/job/product-designer-13/
Front End Developer,Formstack,"Formstack is an easy-to-use, 508 compliant online form building tool. Quickly create and deploy the web forms you need without any coding knowledge",Engineer,Anywhere in US,"$70,000 - $120,000 USD (₹58L - ₹1.0Cr INR)",JazzHR,http://formstack.applytojob.com/apply/LJTZ9C,https://jobspresso.co/job/front-end-developer-5/
Human Resources Analyst,Formstack,"Formstack is an easy-to-use, 508 compliant online form building tool. Quickly create and deploy the web forms you need without any coding knowledge",Others,Anywhere in US,"$70,000 - $120,000 USD (₹58L - ₹1.0Cr INR)",JazzHR,http://formstack.applytojob.com/apply/LdsHP9,https://jobspresso.co/job/human-resources-analyst-2/
Social Media Strategist,Formstack,"Formstack is an easy-to-use, 508 compliant online form building tool. Quickly create and deploy the web forms you need without any coding knowledge",Marketing,Anywhere in US,"$70,000 - $120,000 USD (₹58L - ₹1.0Cr INR)",JazzHR,http://formstack.applytojob.com/apply/J8Hpbo,https://jobspresso.co/job/social-media-strategist/
Senior HR Business Partner (Customer Service),Amazon,Earth's most customer-centric company.,Others,Anywhere in US,"$90,000 - $165,000 USD (₹75L - ₹1.4Cr INR)",Amazon Jobs Portal,https://www.amazon.jobs/en/jobs/475812,https://jobspresso.co/job/senior-hr-business-partner-customer-service/
New Markets Sales Executive,Formstack,"Formstack is an easy-to-use, 508 compliant online form building tool. Quickly create and deploy the web forms you need without any coding knowledge",Others,Anywhere in US,"$70,000 - $120,000 USD (₹58L - ₹1.0Cr INR)",JazzHR,http://formstack.applytojob.com/apply/zn9HmA,https://jobspresso.co/job/new-markets-sales-executive/
Executive Administrator and Junior Analyst,Formstack,"Formstack is an easy-to-use, 508 compliant online form building tool. Quickly create and deploy the web forms you need without any coding knowledge",Support,Anywhere in US,"$70,000 - $120,000 USD (₹58L - ₹1.0Cr INR)",JazzHR,http://formstack.applytojob.com/apply/GThHJj,https://jobspresso.co/job/executive-administrator-junior-analyst/
Senior Software Engineer,Leonardo.Ai,Leonardo is a Generative AI content production suite.,Engineer,Australia,"$90,000 - $165,000 USD (₹75L - ₹1.4Cr INR)",Ashby,https://jobs.ashbyhq.com/leonardo.ai/f1190dec-3104-463c-8c52-7e1d833c28c0?weekdayJdUid=1045135,https://jobspresso.co/job/senior-software-engineer-43/
"Senior Software Engineer, Data Infrastructure",Quora,A place to share knowledge and better understand the world.,Engineer,Worldwide,"$90,000 - $165,000 USD (₹75L - ₹1.4Cr INR)",Ashby,https://jobs.ashbyhq.com/quora/0a9ab068-a5c4-409b-b6be-ad2f7eecd88e,https://jobspresso.co/job/senior-software-engineer-data-infrastructure/
