ref_code,title,salary,work_mode,url
JN-092026-7098840,Application Manager - Bangalore,Competitive / Market standard,Permanent,https://www.michaelpage.co.in/job-detail/application-manager-bangalore/ref/jn-092026-7098840
JN-072026-7064757,Head of Procurement | Bangalore,Competitive / Market standard,Permanent,https://www.michaelpage.co.in/job-detail/head-procurement-bangalore/ref/jn-072026-7064757
JN-042026-7002287,Associate - Risk - Bangalore,Competitive / Market standard,Permanent,https://www.michaelpage.co.in/job-detail/associate-risk-bangalore/ref/jn-042026-7002287
JN-042026-6994418,Regional Head - South | Leading Cybersecurity Services Provider,Competitive / Market standard,Hybrid,https://www.michaelpage.co.in/job-detail/regional-head-bangalore/ref/jn-042026-6994418
JN-092026-7094953,Marketing: Product Manager | Bangalore,Competitive / Market standard,Permanent,https://www.michaelpage.co.in/job-detail/marketing-product-manager-bangalore/ref/jn-092026-7094953
JN-102026-7119624,Financial Controller | FinTech | Bangalore,Competitive / Market standard,Permanent,https://www.michaelpage.co.in/job-detail/financial-controller-fintech-bangalore/ref/jn-102026-7119624
JN-092026-7115147,Finance Controller | Healthtech | Bangalore,Competitive / Market standard,Permanent,https://www.michaelpage.co.in/job-detail/finance-controller-healthtech-bangalore/ref/jn-092026-7115147
JN-092026-7101690,Category Manager | FinTech | Bangalore,Competitive / Market standard,Hybrid,https://www.michaelpage.co.in/job-detail/category-manager-fintech-bangalore/ref/jn-092026-7101690
JN-082026-7080380,Chief Financial Officer | Hospital | Bangalore,Competitive / Market standard,Permanent,https://www.michaelpage.co.in/job-detail/chief-financial-officer-hospital-bangalore/ref/jn-082026-7080380
JN-072026-7066811,AI Leadership - AGI Research - Bangalore,Competitive / Market standard,Permanent,https://www.michaelpage.co.in/job-detail/ai-leadership-agi-research-bangalore/ref/jn-072026-7066811
JN-082026-7083481,field CTO,Competitive / Market standard,Permanent,https://www.michaelpage.co.in/job-detail/field-cto-bangalore/ref/jn-082026-7083481
JN-082026-7090674,Head of AI | Financial Services | Bangalore,Competitive / Market standard,Permanent,https://www.michaelpage.co.in/job-detail/head-ai-financial-services-bangalore/ref/jn-082026-7090674
JN-092026-7097246,Legal | Product/Technology | Bangalore | 7+ PQE,"INR3,500,000 - INR3,700,000 per year",Permanent,https://www.michaelpage.co.in/job-detail/legal-producttechnology-bangalore-7-pqe/ref/jn-092026-7097246
JN-082026-7091627,growth product manager,Competitive / Market standard,Permanent,https://www.michaelpage.co.in/job-detail/senior-product-manager-growth-bangalore/ref/jn-082026-7091627
JN-022026-6959212,Enterprise Architect || Pune & Bangalore || Hybrid,"INR4,000,000 - INR5,000,000 per year",Hybrid,https://www.michaelpage.co.in/job-detail/enterprise-architect-pune-bangalore-hybrid/ref/jn-022026-6959212
JN-082026-7084345,Manager Data Engineering || 5+ YOE || Bangalore,Competitive / Market standard,Permanent,https://www.michaelpage.co.in/job-detail/manager-data-engineering-5-yoe-bangalore/ref/jn-082026-7084345
JN-082026-7084427,Head of Credit Risk | FinTech | Bangalore,Competitive / Market standard,Hybrid,https://www.michaelpage.co.in/job-detail/head-credit-risk-fintech-bangalore/ref/jn-082026-7084427
JN-072026-7060647,Computer Vision Engineer || WFO || Bangalore,"INR4,000,000 - INR4,500,000 per year",Onsite (WFO),https://www.michaelpage.co.in/job-detail/computer-vision-engineer-wfo-bangalore/ref/jn-072026-7060647
JN-092026-7097250,head of platform,Competitive / Market standard,Permanent,https://www.michaelpage.co.in/job-detail/head-platform-enterprise-ai-transformation-bangalore/ref/jn-092026-7097250
JN-102026-7120320,Indirect Tax Manager | Manufacturing | Bangalore,Competitive / Market standard,Permanent,https://www.michaelpage.co.in/job-detail/indirect-tax-manager-manufacturing-bangalore/ref/jn-102026-7120320
JN-062026-7047322,Legal || 15+ years || Healthcare || Bangalore,Competitive / Market standard,Permanent,https://www.michaelpage.co.in/job-detail/legal-15-years-healthcare-bangalore/ref/jn-062026-7047322
JN-052026-7024643,Site IT Head || Bangalore || WFO,"INR6,500,000 - INR9,500,000 per year",Onsite (WFO),https://www.michaelpage.co.in/job-detail/site-it-head-bangalore-wfo/ref/jn-052026-7024643
JN-052026-7021272,Legal Counsel | 6+ Years | Fintech | Bangalore,Competitive / Market standard,Permanent,https://www.michaelpage.co.in/job-detail/legal-counsel-6-years-fintech-bangalore/ref/jn-052026-7021272
JN-042026-7002294,Senior AI Engineer || Bangalore || Hybrid,"INR3,500,000 - INR4,500,000 per year",Hybrid,https://www.michaelpage.co.in/job-detail/senior-ai-engineer-bangalore-hybrid/ref/jn-042026-7002294
JN-052026-7016234,Enterprise Support Specialist || Bangalore || Hybrid,Competitive / Market standard,Hybrid,https://www.michaelpage.co.in/job-detail/enterprsie-support-specialist-hybrid-bangalore/ref/jn-052026-7016234
JN-032026-6981595,Growth Marketing Lead | SaaS | Bangalore,Competitive / Market standard,Permanent,https://www.michaelpage.co.in/job-detail/growth-marketing-lead-saas-bangalore/ref/jn-032026-6981595
JN-042026-6999024,FP&A Head | Manufacturing CoE | Bangalore,"INR5,500,000 - INR6,500,000 per year",Permanent,https://www.michaelpage.co.in/job-detail/fpa-head-manufacturing-coe-bangalore/ref/jn-042026-6999024
JN-042026-6989920,Finance Controller / Professional Services / Bangalore,"INR3,150,000 - INR3,850,000 per year",Permanent,https://www.michaelpage.co.in/job-detail/finance-controller-professional-services-bangalore/ref/jn-042026-6989920
JN-092026-7114337,ciso,Competitive / Market standard,Permanent,https://www.michaelpage.co.in/job-detail/ciso-fintech-bangalore-12-yrs-exp/ref/jn-092026-7114337
JN-092026-7110947,UK Tax Analyst | Manufacturing | Bangalore,Competitive / Market standard,Permanent,https://www.michaelpage.co.in/job-detail/uk-tax-analyst-manufacturing-bangalore/ref/jn-092026-7110947
