Channel,Job Title,Company / Employer,Location / Work Model,Compensation Band,Application URL
Naukri.com (Bengaluru GCCs),Operations Analyst - Global Business Services,Target Corporation (Target in India),"Manyata Tech Park, Nagavara, Outer Ring Road, Bengaluru","Rs 5,500,000 - 8,00,000 PA",https://www.naukri.com/target-corporation-jobs-in-bangalore
Naukri.com (Bengaluru GCCs),AI Prompt Operations & Data Evaluation Associate,Accenture Solutions Pvt Ltd,"Divyasree Technopolis, Yemlur / Bellandur, Bengaluru","Rs 4,20,000 - 6,50,000 PA",https://www.naukri.com/accenture-jobs-in-bangalore
Naukri.com (Bengaluru GCCs),Client Support Specialist - US Enterprise Accounts,Freshworks Inc.,"Indiranagar / EGL (Embassy GolfLinks), Bengaluru","Rs 6,000,000 - 9,50,000 PA + Shift Allowance",https://www.naukri.com/freshworks-jobs-in-bangalore
Naukri.com (Bengaluru GCCs),Business Operations Trainee - FinTech Merchant Settlement,Razorpay Software Pvt Ltd,"Koramangala 4th Block, 80 Feet Road, Bengaluru","Rs 5,00,000 - 7,20,000 PA",https://www.naukri.com/razorpay-jobs-in-bangalore
Naukri.com (Bengaluru GCCs),Global Logistics & Fulfillment Coordinator,Amazon Development Centre India,"World Trade Center, Brigade Gateway, Malleshwaram / Peenya, Bengaluru","Rs 4,80,000 - 7,50,000 PA",https://www.naukri.com/amazon-jobs-in-bangalore
Naukri.com (Bengaluru GCCs),Healthcare Operations & Revenue Cycle Analyst,Optum (UnitedHealth Group),"EcoWorld Tech Park, Sarjapur-Marathahalli ORR, Bengaluru","Rs 4,50,000 - 6,80,000 PA",https://www.naukri.com/optum-jobs-in-bangalore
Naukri.com (Bengaluru GCCs),Inside Sales & Business Development Associate (Outbound),Darwinbox Technologies,"HSR Layout Sector 1, Outer Ring Road, Bengaluru","Rs 5,50,000 - 8,50,000 PA + Uncapped Incentives",https://www.naukri.com/darwinbox-jobs-in-bangalore
Naukri.com (Bengaluru GCCs),Executive Assistant & Founder Operations Specialist,Kalaari Capital / Portfolio Startups,"Lavelle Road / Vittal Mallya Road, Bengaluru","Rs 7,00,000 - 11,00,000 PA",https://www.naukri.com/operations-jobs-in-bangalore
Naukri.com (Bengaluru GCCs),Procurement & Strategic Vendor Sourcing Analyst,Schneider Electric India,"Attibele Industrial Area / Electronic City Phase 2, Bengaluru","Rs 5,00,000 - 7,80,000 PA",https://www.naukri.com/schneider-electric-jobs-in-bangalore
Naukri.com (Bengaluru GCCs),Product Operations Associate - Trust & Safety,Swiggy (Bundl Technologies),"Devarabisanahalli, Embassy TechVillage, Bellandur, Bengaluru","Rs 5,20,000 - 8,00,000 PA",https://www.naukri.com/swiggy-jobs-in-bangalore
Naukri.com (Bengaluru GCCs),Investment Banking Operations & Fund Accounting Analyst,State Street Corporate Services,"RMZ Ecospace, Bellandur, Outer Ring Road, Bengaluru","Rs 5,00,000 - 7,50,000 PA",https://www.naukri.com/state-street-jobs-in-bangalore
Naukri.com (Bengaluru GCCs),Talent Operations & Recruitment Coordinator,Flipkart Internet Pvt Ltd,"Cessna Business Park, Kadubeesanahalli, Bengaluru","Rs 4,80,000 - 7,00,000 PA",https://www.naukri.com/flipkart-jobs-in-bangalore
Naukri.com (Bengaluru GCCs),Workflow Automation & No-Code Operations Executive,Mu Sigma Business Solutions,"Aviator Building, Ascendas ITPL, Whitefield, Bengaluru","Rs 5,00,000 - 7,50,000 PA",https://www.naukri.com/mu-sigma-jobs-in-bangalore
Naukri.com (Bengaluru GCCs),Commercial Real Estate Lease Administration Associate,CBRE South Asia Pvt Ltd,"Prestige Trade Tower, Palace Road, High Grounds, Bengaluru","Rs 4,80,000 - 7,20,000 PA",https://www.naukri.com/cbre-jobs-in-bangalore
Naukri.com (Bengaluru GCCs),Luxury Guest Experience & Front Office Operations Lead,The Ritz-Carlton / Marriott International,"Residency Road, Central Business District (CBD), Bengaluru","Rs 4,50,000 - 6,50,000 PA + Service Charge",https://www.naukri.com/marriott-jobs-in-bangalore
Foundit (Monster India),Operations Analyst - Global Technology & Shared Services,Deloitte India (Offices of the US),"Prestige Trade Tower / Embassy GolfLinks (EGL), Bengaluru","Rs 5,50,000 - 8,00,000 PA",https://www.foundit.in/search/deloitte-166-jobs-career
Foundit (Monster India),AI Prompt Quality Evaluator & Data Operations Associate,Wipro Limited,"Sarjapur Road / Doddakannelli Campus, Bengaluru","Rs 3,80,000 - 5,50,000 PA",https://www.foundit.in/search/wipro-jobs-career
Foundit (Monster India),Customer Experience & US Client Support Executive,Verizon India,"Prestige Shantiniketan, Whitefield, Bengaluru","Rs 5,20,000 - 7,50,000 PA + Night Shift Allowance",https://www.foundit.in/search/verizon-571-jobs-career
Foundit (Monster India),Business Operations Trainee - Cloud & Infrastructure Billing,LTIMindtree,"Global Village Tech Park, Mysore Road / Whitefield, Bengaluru","Rs 4,00,000 - 5,80,000 PA",https://www.foundit.in/search/ltm-804-jobs-career
Foundit (Monster India),Digital Marketing & Growth Operations Associate,Infosys BPM,"Electronics City Phase 1, Hosur Road, Bengaluru","Rs 4,20,000 - 6,20,000 PA",https://www.foundit.in/search/infosys-bpm-jobs-career
Foundit (Monster India),Supply Chain & Order Fulfillment Specialist,Flipkart (Walmart Global Tech),"Buildings Alyssa, Begonia & Clover, Embassy TechVillage, Outer Ring Road, Bengaluru","Rs 5,00,000 - 7,80,000 PA",https://www.foundit.in/search/flipkart-jobs-career
Foundit (Monster India),Financial Operations & Accounts Payable Trainee,Genpact India,"Pritech Park, Bellandur, Outer Ring Road, Bengaluru","Rs 3,80,000 - 5,20,000 PA",https://www.foundit.in/search/genpact-jobs-career
Foundit (Monster India),Inside Sales & Business Development Representative (B2B SaaS),Zoho Corporation (Bengaluru Hub),"Indiranagar 100ft Road / Koramangala, Bengaluru","Rs 5,50,000 - 8,50,000 PA + Incentives",https://www.foundit.in/search/zoho-jobs-career
Foundit (Monster India),Global Talent Sourcing & HR Operations Coordinator,Randstad India,"Old Airport Road / Kodihalli, Bengaluru","Rs 4,00,000 - 6,00,000 PA",https://www.foundit.in/search/randstad-jobs-career
Foundit (Monster India),Commercial Real Estate Facility Operations Associate,JLL India (Jones Lang LaSalle),"UB City / Vittal Mallya Road, Bengaluru","Rs 4,50,000 - 6,50,000 PA",https://www.foundit.in/search/jll-jobs-career
Foundit (Monster India),Healthcare Client Navigation & Medical Billing Specialist,Omega Healthcare Management Services,"AMR Tech Park, Bommanahalli / Hosur Road, Bengaluru","Rs 3,60,000 - 5,40,000 PA",https://www.foundit.in/search/omega-healthcare-jobs-career
Foundit (Monster India),Workflow Automation & CRM Operations Associate,Cognizant Technology Solutions,"Manyata Embassy Business Park, Nagavara, Bengaluru","Rs 4,50,000 - 6,80,000 PA",https://www.foundit.in/search/cognizant-jobs-career
Foundit (Monster India),Executive Office & Strategic Project Coordinator,Biocon Limited,"Biocon Park, Phase 1, Electronic City, Bengaluru","Rs 5,50,000 - 8,20,000 PA",https://www.foundit.in/search/biocon-jobs-career
Foundit (Monster India),FinTech Risk & Merchant Verification Analyst,PhonePe (Walmart Group),"Greenheart, Manyata Tech Park / Bellandur, Bengaluru","Rs 5,50,000 - 8,50,000 PA",https://www.foundit.in/search/phonepe-jobs-career
Foundit (Monster India),Hospitality Operations & Front Office Relationship Lead,"The Leela Palaces, Hotels and Resorts","Old Airport Road, Kodihalli, Bengaluru","Rs 4,20,000 - 6,50,000 PA + Duty Meals & Allowances",https://www.foundit.in/search/the-leela-palace-jobs-career
FlexJobs Remote Entry-Level,Technical Operations Specialist I,Measured Inc.,Bengaluru / Remote,Competitive Market Standard,#
FlexJobs Remote Entry-Level,Customer Support Engineer (Tier 1 - macOS & MDM),JumpCloud,Bengaluru / Remote,Competitive Market Standard,#
FlexJobs Remote Entry-Level,Associate Revenue Operations Analyst,GitLab,Bengaluru / Remote,Competitive Market Standard,#
FlexJobs Remote Entry-Level,Junior Business Analyst & Operations Coordinator,QuantumLoop AI,Bengaluru / Remote,Competitive Market Standard,#
FlexJobs Remote Entry-Level,Implementation & Client Solutions Associate,Level AI,Bengaluru / Remote,Competitive Market Standard,#
FlexJobs Remote Entry-Level,Customer Support Specialist,MailerLite,Bengaluru / Remote,Competitive Market Standard,#
FlexJobs Remote Entry-Level,AI Operations Specialist (Process Automation & Data Ops),Invisible Technologies,Bengaluru / Remote,Competitive Market Standard,#
FlexJobs Remote Entry-Level,SME Member Onboarding & Operations Associate,Tide,Bengaluru / Remote,Competitive Market Standard,#
FlexJobs Remote Entry-Level,Customer Engagement & Operations Coordinator,GoGuardian,Bengaluru / Remote,Competitive Market Standard,#
FlexJobs Remote Entry-Level,IT Operations & Client Support Associate,SentinelOne Inc.,Bengaluru / Remote,Competitive Market Standard,#
FlexJobs Remote Entry-Level,Operations & Data Analyst,"GroundTruth (xAd, Inc.)",Bengaluru / Remote,Competitive Market Standard,#
FlexJobs Remote Entry-Level,Product Onboarding & Client Operations Coordinator,Juniper Square,Bengaluru / Remote,Competitive Market Standard,#
FlexJobs Remote Entry-Level,Trust & Safety Operations Analyst I,Bolster,Bengaluru / Remote,Competitive Market Standard,#
FlexJobs Remote Entry-Level,Content & Data Operations Specialist I,MediaRadar,Bengaluru / Remote,Competitive Market Standard,#
FlexJobs Remote Entry-Level,Associate Customer Operations Specialist,Twilio,Bengaluru / Remote,Competitive Market Standard,#
FlexJobs Remote Entry-Level,AI Data & Search Operations Assessor,TELUS International,Bengaluru / Remote,Competitive Market Standard,#
FlexJobs Remote Entry-Level,Happiness Engineer (Client Operations & Support),Automattic,Bengaluru / Remote,Competitive Market Standard,#
FlexJobs Remote Entry-Level,Customer Operations Specialist (Tier 1),Zapier,Bengaluru / Remote,Competitive Market Standard,#
FlexJobs Remote Entry-Level,Creative Operations & Project Associate,Superside,Bengaluru / Remote,Competitive Market Standard,#
FlexJobs Remote Entry-Level,Client Operations & Support Coordinator,Coursera,Bengaluru / Remote,Competitive Market Standard,#
Upwork Best Matches (High-Ticket USD),Build Automated Lead Enrichment & AI Scoring Workflow in n8n & Clay,AI & Automation,"$2,500 Fixed Price (Milestones) / $65/hr",98% Best Match,https://www.upwork.com/nx/search/jobs/?q=n8n%20Clay&payment_verified=1&sort=recency
Upwork Best Matches (High-Ticket USD),Custom Voice AI Agent for Real Estate Appointment Scheduling (Twilio + ElevenLabs),AI & Automation,"$3,500 Fixed Price / $75/hr",96% Best Match,https://www.upwork.com/nx/search/jobs/?q=Voice%20AI%20Twilio&payment_verified=1&sort=recency
Upwork Best Matches (High-Ticket USD),AI Data Annotation & Prompt Evaluation Guidelines for Healthcare Chatbot,AI & Automation,"$1,800 Fixed Price / $35/hr",94% Best Match,https://www.upwork.com/nx/search/jobs/?q=Prompt%20Evaluation%20Annotation&payment_verified=1&sort=recency
Upwork Best Matches (High-Ticket USD),"B2B Lead Generation: 1,000 Verified Decision Maker Contacts in US Logistics & Supply Chain",Sales & Marketing,$500 Fixed Price ($35/hr equivalent),99% Best Match,https://www.upwork.com/nx/search/jobs/?q=Lead%20Generation%20Logistics&payment_verified=1&sort=recency
Upwork Best Matches (High-Ticket USD),"Cold Email Engine Setup: 10 Secondary Domains, 30 Inboxes, SPF/DKIM/DMARC & Instantly Warmup",Sales & Marketing,"$1,200 Fixed Price",97% Best Match,https://www.upwork.com/nx/search/jobs/?q=Cold%20Email%20Deliverability&payment_verified=1&sort=recency
Upwork Best Matches (High-Ticket USD),"Operations Coordinator & Virtual Business Manager (Notion, Slack, Executive Support)",Admin & Support,"$1,800/mo Dedicated Retainer / $25/hr",97% Best Match,https://www.upwork.com/nx/search/jobs/?q=Operations%20Coordinator%20Notion&payment_verified=1&sort=recency
Upwork Best Matches (High-Ticket USD),Customer Support Specialist: Zendesk / Intercom Tier-1 Ticket Triage (Weekend & Evening Coverage),Admin & Support,"$20 - $35/hr ($1,600/mo)",93% Best Match,https://www.upwork.com/nx/search/jobs/?q=Zendesk%20Customer%20Support&payment_verified=1&sort=recency
Upwork Best Matches (High-Ticket USD),SaaS Client Onboarding Specialist & Account Verification Coordinator,Admin & Support,"$2,200 Fixed Price / $30/hr",95% Best Match,https://www.upwork.com/nx/search/jobs/?q=Client%20Onboarding%20Specialist&payment_verified=1&sort=recency
Upwork Best Matches (High-Ticket USD),Next.js 15 & Supabase SaaS MVP Development with Stripe Billing,Development & IT,"$5,000 Fixed Price (3 Milestones) / $60/hr",98% Best Match,https://www.upwork.com/nx/search/jobs/?q=Next.js%20Supabase%20SaaS&payment_verified=1&sort=recency
Myntra / Flipkart E-Commerce Ops,Associate - Category Management,Online (F1420),Bangalore,2-5 yrs,https://jobs.myntra.com/home#/job-details/4466873313
Myntra / Flipkart E-Commerce Ops,Associate - Instock Analyst,Planning (F1387),Bangalore,1-5 yrs,https://jobs.myntra.com/home#/job-details/7279223290
Myntra / Flipkart E-Commerce Ops,Principal Associate - Sourcing,Omnichannel (F1357),Bangalore,10-15 yrs,https://jobs.myntra.com/home#/job-details/6929716769
Myntra / Flipkart E-Commerce Ops,Associate - CRM,CRM (F1398),Bangalore,2-4 yrs,https://jobs.myntra.com/home#/job-details/5883782726
Myntra / Flipkart E-Commerce Ops,Principal Associate - Strategy,Strategy (F1417),Bangalore,3-5 yrs,https://jobs.myntra.com/home#/job-details/7986192682
Myntra / Flipkart E-Commerce Ops,Lead Associate - Category Management,Category Management (F1432),Bangalore,4-8 yrs,https://jobs.myntra.com/home#/job-details/6193679777
Myntra / Flipkart E-Commerce Ops,Udaan - Employer Branding,COE (F1121),Bangalore,1-5 yrs,https://jobs.myntra.com/home#/job-details/560991459
Myntra / Flipkart E-Commerce Ops,Senior Manager - Category Management,Category Management (F1432),Bangalore,4-8 yrs,https://jobs.myntra.com/home#/job-details/4321843364
Myntra / Flipkart E-Commerce Ops,Deputy Director - Category Management,Category Management (F1432),Bangalore,5-8 yrs,https://jobs.myntra.com/home#/job-details/1373280390
Myntra / Flipkart E-Commerce Ops,Lead Associate - Digital Marketing,Performance Marketing (F1340),Bangalore,5-8 yrs,https://jobs.myntra.com/home#/job-details/2123837363
Myntra / Flipkart E-Commerce Ops,Associate - Category Marketing,Category Marketing (F1371),Bangalore,2-4 yrs,https://jobs.myntra.com/home#/job-details/3675223097
Myntra / Flipkart E-Commerce Ops,Deputy Director - Brand Marketing,Brand Marketing (F1330),Bangalore,5-10 yrs,https://jobs.myntra.com/home#/job-details/6878339879
Myntra / Flipkart E-Commerce Ops,Principal Associate - Planning,Planning (F1171),Bangalore,2-8 yrs,https://jobs.myntra.com/home#/job-details/8727208104
Myntra / Flipkart E-Commerce Ops,Lead Associate - Sourcing Ops,Sourcing (F1167),Bangalore,5-6 yrs,https://jobs.myntra.com/home#/job-details/4561915485
Myntra / Flipkart E-Commerce Ops,Principal Associate - Business Partnering,Business Partnering (F1055),Bangalore,7-13 yrs,https://jobs.myntra.com/home#/job-details/8113640620
Myntra / Flipkart E-Commerce Ops,Associate - Category Management,Category Management (F1370),Bangalore,1-3 yrs,https://jobs.myntra.com/home#/job-details/6984506716
Myntra / Flipkart E-Commerce Ops,Associate - Category Demand Management,Category Demand Management (F1433),Bangalore,3-5 yrs,https://jobs.myntra.com/home#/job-details/9704130494
Myntra / Flipkart E-Commerce Ops,Lead Associate Demand,Online (F1420),Bangalore,2-5 yrs,https://jobs.myntra.com/home#/job-details/7882157135
Myntra / Flipkart E-Commerce Ops,Lead Associate - Category Management,Online (F1420),Bangalore,3-6 yrs,https://jobs.myntra.com/home#/job-details/8579714362
Myntra / Flipkart E-Commerce Ops,Associate - Cat Marketing,Category Marketing (F1434),Bangalore,1-3 yrs,https://jobs.myntra.com/home#/job-details/8198442924
Myntra / Flipkart E-Commerce Ops,Associate - Service Quality - Seller Support,Marketplace Seller Support (F1439),Bangalore,1-3 yrs,https://jobs.myntra.com/home#/job-details/3867131132
Myntra / Flipkart E-Commerce Ops,Senior Manager - Category Management (Marketplace),HOB on FK (F1406),Bengaluru,7-10 yrs,https://jobs.myntra.com/home#/job-details/2357613700
Myntra / Flipkart E-Commerce Ops,Lead Associate - Marketplace,Marketplace (F1310),Surat,3-8 yrs,https://jobs.myntra.com/home#/job-details/1967742819
Myntra / Flipkart E-Commerce Ops,Deputy Director,Category Management (F1370),Bangalore,7-10 yrs,https://jobs.myntra.com/home#/job-details/1842633972
Myntra / Flipkart E-Commerce Ops,Senior Manager - Buying & Merchandising,Omnichannel (F1423),Bangalore,6-10 yrs,https://jobs.myntra.com/home#/job-details/9064684089
Myntra / Flipkart E-Commerce Ops,Lead Associate - Talent Acquisition,COE (F1121),Bangalore,6-10 yrs,https://jobs.myntra.com/home#/job-details/7467740219
Myntra / Flipkart E-Commerce Ops,Lead Associate - Customer Growth,Analytics (F1347),Bangalore,7-12 yrs,https://jobs.myntra.com/home#/job-details/7245789658
Myntra / Flipkart E-Commerce Ops,phoenix Intern,International Brands (F1358),Bangalore,3-4 yrs,https://jobs.myntra.com/home#/job-details/3164805222
Myntra / Flipkart E-Commerce Ops,Lead Associate - Business Analyst,Strategy (F1417),Bangalore,3-6 yrs,https://jobs.myntra.com/home#/job-details/8763054482
Myntra / Flipkart E-Commerce Ops,Deputy Director - Category Management,Category Management (F1432),Bangalore,7-10 yrs,https://jobs.myntra.com/home#/job-details/2481146509
Myntra / Flipkart E-Commerce Ops,Principal Associate - Demand,Myntra Ads (F1379),Bangalore,5-8 yrs,https://jobs.myntra.com/home#/job-details/8327902904
Myntra / Flipkart E-Commerce Ops,Udaan Category Management,Category Management (F1370),Bangalore,1-2 yrs,https://jobs.myntra.com/home#/job-details/7729170962
Myntra / Flipkart E-Commerce Ops,Lead Associate - Controllership & Finance,Finance (F1043),Bengaluru,2-4 yrs,https://jobs.myntra.com/home#/job-details/4878110242
Myntra / Flipkart E-Commerce Ops,Associate - Planning,Planning (F1171),Bangalore,1-3 yrs,https://jobs.myntra.com/home#/job-details/1512459576
Myntra / Flipkart E-Commerce Ops,Principal Associate - People Analytics,COE (F1121),Bangalore,8-14 yrs,https://jobs.myntra.com/home#/job-details/4607403225
Myntra / Flipkart E-Commerce Ops,Udaan Storefront Operations,Central Revenue (F1374),Bangalore,1-5 yrs,https://jobs.myntra.com/home#/job-details/861993854
Myntra / Flipkart E-Commerce Ops,Associate Architect- Engineering,SCM OB (F1096),Bangalore,9-13 yrs,https://jobs.myntra.com/home#/job-details/7793884913
Diageo Global Capability Center,Junior Manager- Benefits Operations - 5C,Payroll,"Bangalore, India",5 Level 5,https://diageo.wd3.myworkdayjobs.com/Diageo_Careers/job/Bangalore-India/Junior-Manager--Payroll-Operations---5C_JR1129151
Diageo Global Capability Center,Senior Analyst – Order Management & Customer Service,Finance Service Delivery,"Bangalore, India",6 Level 6,https://diageo.wd3.myworkdayjobs.com/Diageo_Careers/job/Bangalore-India/Senior-Analyst---Order-Management---Customer-Service_JR1130854
Diageo Global Capability Center,Associate Vice President - Transformation & Portfolio Management,Project Management,"Bangalore, India",4 Level 4,https://diageo.wd3.myworkdayjobs.com/Diageo_Careers/job/Bangalore-India/Associate-Vice-President---Transformation---Portfolio-Management_JR1128697-1
Diageo Global Capability Center,Manager Sustainable Operations and Resource Efficiency,Society and Sustainability,"Bangalore, India",5 Level 5,https://diageo.wd3.myworkdayjobs.com/Diageo_Careers/job/Bangalore-India/Manager-Sustainable-Operations-and-Resource-Efficiency_JR1130393
Diageo Global Capability Center,Senior Payroll Analyst,Payroll,"Bangalore, India",6 Level 6,https://diageo.wd3.myworkdayjobs.com/Diageo_Careers/job/Bangalore-India/Senior-Payroll-Specialist_JR1130203-1
Diageo Global Capability Center,Junior Manager - Global Reward and Benefits Operations,Administration and Clerical,"Bangalore, India",5 Level 5,https://diageo.wd3.myworkdayjobs.com/Diageo_Careers/job/Bangalore-India/Junior-Manager---Global-Reward-and-Benefits-Operations_JR1129154
Diageo Global Capability Center,Junior Manager - Payroll Operations,Human Resource Operations,"Bangalore, India",5 Level 5,https://diageo.wd3.myworkdayjobs.com/Diageo_Careers/job/Bangalore-India/Junior-Manager---Payroll-Operations_JR1129152-1
Diageo Global Capability Center,Associate Vice President -Global process Owner,Project Management,"Bangalore, India",4 Level 4,https://diageo.wd3.myworkdayjobs.com/Diageo_Careers/job/Bangalore-India/Associate-Vice-President--Global-process-Owner_JR1130118
Diageo Global Capability Center,Junior Manager – Global Payroll Operations,Payroll,"Bangalore, India",5 Level 5,https://diageo.wd3.myworkdayjobs.com/Diageo_Careers/job/Bangalore-India/Junior-Manager---Global-Payroll-Operations_JR1129162
Diageo Global Capability Center,"Senior Analyst, Rewards Operations",Payroll,"Bangalore, India",6 Level 6,https://diageo.wd3.myworkdayjobs.com/Diageo_Careers/job/Bangalore-India/Senior-Analyst--Rewards-Operations_JR1130265-1
Diageo Global Capability Center,GB Commercial Systems Analyst,Finance Service Delivery,"Bangalore, India",6 Level 6,https://diageo.wd3.myworkdayjobs.com/Diageo_Careers/job/Bangalore-India/GB-Commercial-Systems-Analyst_JR1128409-1
Diageo Global Capability Center,Assistant Manager - Pricing & Commercial Operations,Finance Service Delivery,"Bangalore, India",5 Level 5,https://diageo.wd3.myworkdayjobs.com/Diageo_Careers/job/Bangalore-India/Assistant-Manager---Pricing---Commercial-Operations_JR1128143-1
Diageo Global Capability Center,Senior Specialist - Identity & Access Management (PAM)),Application Development,"Bangalore, India",5 Level 5,https://diageo.wd3.myworkdayjobs.com/Diageo_Careers/job/Bangalore-India/Senior-Specialist---Identity---Access-Management--PAM--_JR1129175
Diageo Global Capability Center,Junior Manager-Source to Pay - Procurement Operations,Finance Service Delivery,"Bangalore, India",5 Level 5,https://diageo.wd3.myworkdayjobs.com/Diageo_Careers/job/Bangalore-India/Junior-Manager-Source-to-Pay---Procurement-Operations_JR1128298
Diageo Global Capability Center,Manager - Global Media Partnerships & Procurement,Category Management,"Bangalore, India",5 Level 5,https://diageo.wd3.myworkdayjobs.com/Diageo_Careers/job/Bangalore-India/Manager---Global-Media-Partnerships---Procurement_JR1126023
Diageo Global Capability Center,Senior Executive - Logistics Procurement,Category Management,"Bangalore, India",6 Level 6,https://diageo.wd3.myworkdayjobs.com/Diageo_Careers/job/Bangalore-India/Senior-Executive---Logistics-Procurement_JR1128270
Randstad Executive Sourced,L2 Support Engineer (Product Specialist),Employer,Bengaluru / Remote,Competitive Market Standard,#
Randstad Executive Sourced,Payroll Specialist,Employer,Bengaluru / Remote,Competitive Market Standard,#
Randstad Executive Sourced,Business Analyst/Senior Business Analyst,Employer,Bengaluru / Remote,Competitive Market Standard,#
Randstad Executive Sourced,Senior Specialist - Payroll & Payroll Tax,Employer,Bengaluru / Remote,Competitive Market Standard,#
Randstad Executive Sourced,Front Office Executive,Employer,Bengaluru / Remote,Competitive Market Standard,#
Randstad Executive Sourced,Procurement & Supply Operations Executive,Employer,Bengaluru / Remote,Competitive Market Standard,#
Randstad Executive Sourced,Product Specialist,Employer,Bengaluru / Remote,Competitive Market Standard,#
Randstad Executive Sourced,Hr Coordinator,Employer,Bengaluru / Remote,Competitive Market Standard,#
Randstad Executive Sourced,Executive Assistant,Employer,Bengaluru / Remote,Competitive Market Standard,#
Randstad Executive Sourced,Procurement Manager,Employer,Bengaluru / Remote,Competitive Market Standard,#
Randstad Executive Sourced,Hr Coordinator,Employer,Bengaluru / Remote,Competitive Market Standard,#
Randstad Executive Sourced,Customer Service Coordinator,Employer,Bengaluru / Remote,Competitive Market Standard,#
Randstad Executive Sourced,Customer Care Voice Associate,Employer,Bengaluru / Remote,Competitive Market Standard,#
Randstad Executive Sourced,Hr Specialist,Employer,Bengaluru / Remote,Competitive Market Standard,#
Randstad Executive Sourced,Front Office Executive,Employer,Bengaluru / Remote,Competitive Market Standard,#
Randstad Executive Sourced,Senior Accounting Specialist-Gl,Employer,Bengaluru / Remote,Competitive Market Standard,#
Randstad Executive Sourced,Finance Operations Executive,Employer,Bengaluru / Remote,Competitive Market Standard,#
Randstad Executive Sourced,Business Analyst,Employer,Bengaluru / Remote,Competitive Market Standard,#
Randstad Executive Sourced,Catalog Analyst,Employer,Bengaluru / Remote,Competitive Market Standard,#
Randstad Executive Sourced,Hr Recruiting Specialist,Employer,Bengaluru / Remote,Competitive Market Standard,#
Randstad Executive Sourced,Data Science & Ai Platform Team Lead,Employer,Bengaluru / Remote,Competitive Market Standard,#
Randstad Executive Sourced,Senior Accounting Specialist-General Ledger,Employer,Bengaluru / Remote,Competitive Market Standard,#
Randstad Executive Sourced,Data Science And Ai Development Lead,Employer,Bengaluru / Remote,Competitive Market Standard,#
Randstad Executive Sourced,Data Science And Ai Developer Lead,Employer,Bengaluru / Remote,Competitive Market Standard,#
Randstad Executive Sourced,Hr Coordinator,Employer,Bengaluru / Remote,Competitive Market Standard,#
