display_id,requisition_id,job_title,department,employment_type,workplace_type,experience_range,city,key_skills,recruiter_name,recruiter_email,portal_apply_url
4466873313,r_948e20f3a64a36bca0bd8cc38fc86179,Associate - Category Management,Online (F1420),FULL_TIME,ONSITE,2-5 yrs,Bangalore,"pricing, promotion strategies, pricing strategies, data analytics, customer relationship management, growth, pipeline execution, growth operations",Pournima  Kapilkumar Shinde,pournima.shinde@myntra.com,https://jobs.myntra.com/home#/job-details/4466873313
7279223290,r_ecf3986a8acc3c6aac671e581be79512,Associate - Instock Analyst,Planning (F1387),FULL_TIME,,1-5 yrs,Bangalore,"inventory management, hyperlocal stock management, operational execution",Drishti Pranav Shethji,drishti.p@myntra.com,https://jobs.myntra.com/home#/job-details/7279223290
6929716769,r_8e167a6f04e838dea6d00216e60ea1aa,Principal Associate - Sourcing,Omnichannel (F1357),FULL_TIME,ONSITE,10-15 yrs,Bangalore,sourcing strategy,Pournima  Kapilkumar Shinde,pournima.shinde@myntra.com,https://jobs.myntra.com/home#/job-details/6929716769
5883782726,r_7503623e0b6938ffb551c9d6e0afaf13,Associate - CRM,CRM (F1398),FULL_TIME,ONSITE,2-4 yrs,Bangalore,"crm operations, campaign performance, Multichannel campaign execution",Shatchayani R,shatchayanir.vc@myntra.com,https://jobs.myntra.com/home#/job-details/5883782726
7986192682,r_9ded1ef4d03e382897958ba628bde641,Principal Associate - Strategy,Strategy (F1417),FULL_TIME,,3-5 yrs,Bangalore,"strategic planning, partner relationship management",Drishti Pranav Shethji,drishti.p@myntra.com,https://jobs.myntra.com/home#/job-details/7986192682
6193679777,r_efa3aa37529230a7a79c389cf8ee3693,Lead Associate - Category Management,Category Management (F1432),FULL_TIME,ONSITE,4-8 yrs,Bangalore,"category management, profit and loss, business development, key account management",Pournima  Kapilkumar Shinde,pournima.shinde@myntra.com,https://jobs.myntra.com/home#/job-details/6193679777
560991459,r_0ebf1f81838233c5b23bff3ad73f8399,Udaan - Employer Branding,COE (F1121),PART_TIME,ONSITE,1-5 yrs,Bangalore,"campaign, employee engagement, employer branding",Divya Mohanty,divya.mohanty1@myntra.com,https://jobs.myntra.com/home#/job-details/560991459
4321843364,r_518285f35da0366594329a5c60f62856,Senior Manager - Category Management,Category Management (F1432),FULL_TIME,ONSITE,4-8 yrs,Bangalore,"marketplace, business development, negotiations, large scale",Shatchayani R,shatchayanir.vc@myntra.com,https://jobs.myntra.com/home#/job-details/4321843364
1373280390,r_751f183172f933f19fa5c99c2f7162a5,Deputy Director - Category Management,Category Management (F1432),FULL_TIME,ONSITE,5-8 yrs,Bangalore,"marketplace, business development, negotiations, large scale",Shatchayani R,shatchayanir.vc@myntra.com,https://jobs.myntra.com/home#/job-details/1373280390
1239970904,r_21477e8fe417321191556b08d32876d9,Technical Lead – ML Platform & MLOps,Analytics (F1205),FULL_TIME,,6-9 yrs,Bangalore,"ml ops, engineering, deployment, modeling",Chirag .,chirag.bali@myntra.com,https://jobs.myntra.com/home#/job-details/1239970904
2455903149,r_bd0fbd9567ff318c8cf84cce333e1ca9,Apprentice,Hyperlocal (F1385),APPRENTICESHIP,,0-0 yrs,Bangalore,"excel, ms office, communication skills",Shatchayani R,shatchayanir.vc@myntra.com,https://jobs.myntra.com/home#/job-details/2455903149
2123837363,r_e5731d0a8f763d999ed39c15aba398d4,Lead Associate - Digital Marketing,Performance Marketing (F1340),FULL_TIME,HYBRID,5-8 yrs,Bangalore,"performance marketing, ads, campaign, SEO",Madhu Kiran M V,madhu.kiran@myntra.com,https://jobs.myntra.com/home#/job-details/2123837363
3675223097,r_b9b86247163f3b998a361002e62af6f2,Associate - Category Marketing,Category Marketing (F1371),FULL_TIME,ONSITE,2-4 yrs,Bangalore,"marketing, program management, others",Pournima  Kapilkumar Shinde,pournima.shinde@myntra.com,https://jobs.myntra.com/home#/job-details/3675223097
6878339879,r_e9c773e816fc3535afe9fc26b8330c27,Deputy Director - Brand Marketing,Brand Marketing (F1330),FULL_TIME,,5-10 yrs,Bangalore,"campaign planning, brand strategy, market communications, market intelligence",Drishti Pranav Shethji,drishti.p@myntra.com,https://jobs.myntra.com/home#/job-details/6878339879
8727208104,r_402cebbfe5d33ba6968e1758ce31d736,Principal Associate - Planning,Planning (F1171),FULL_TIME,,2-8 yrs,Bangalore,"assortment planning, open to buy, inventory management, sales planning, category planning",Drishti Pranav Shethji,drishti.p@myntra.com,https://jobs.myntra.com/home#/job-details/8727208104
4561915485,r_eb5bd4fc443a3a7a826fd7e9c75ee9ee,Lead Associate - Sourcing Ops,Sourcing (F1167),FULL_TIME,ONSITE,5-6 yrs,Bangalore,"vendor management, key account management, vendor operation, JIT, cross border, dropship",Divya Mohanty,divya.mohanty1@myntra.com,https://jobs.myntra.com/home#/job-details/4561915485
8113640620,r_b6fdb2a6060335e8a8197b7b7bed252d,Principal Associate - Business Partnering,Business Partnering (F1055),FULL_TIME,,7-13 yrs,Bangalore,"workforce analytics, predictive insights, career architecture, change management",Drishti Pranav Shethji,drishti.p@myntra.com,https://jobs.myntra.com/home#/job-details/8113640620
1847903081,r_d259f87c59a2369087baef5f857764e7,Senior Data Scientist,Data Sciences (F1206),FULL_TIME,,2-4 yrs,Bangalore,"recommender system, python, pyspark, natural language processing, search, racking",Madhu Kiran M V,madhu.kiran@myntra.com,https://jobs.myntra.com/home#/job-details/1847903081
6091445473,r_6d3e1562d87d3e42a48b1d9c6778d2d7,Senior Manager - Engineering,Platform (F1209),FULL_TIME,,8-11 yrs,Bangalore,"java, development",Chirag .,chirag.bali@myntra.com,https://jobs.myntra.com/home#/job-details/6091445473
6984506716,r_f39309aa35ab31f4a81735c23c0fd22e,Associate - Category Management,Category Management (F1370),FULL_TIME,ONSITE,1-3 yrs,Bangalore,category management,Shivani Dabar,shivanidabar.vc@myntra.com,https://jobs.myntra.com/home#/job-details/6984506716
9704130494,r_24522e114fdd3dc884b406274a566391,Associate - Category Demand Management,Category Demand Management (F1433),FULL_TIME,ONSITE,3-5 yrs,Bangalore,category demand management,Pournima  Kapilkumar Shinde,pournima.shinde@myntra.com,https://jobs.myntra.com/home#/job-details/9704130494
7882157135,r_316d044bddbb38aba5e45dcd7cac45c1,Lead Associate Demand,Online (F1420),FULL_TIME,ONSITE,2-5 yrs,Bangalore,demand,Pournima  Kapilkumar Shinde,pournima.shinde@myntra.com,https://jobs.myntra.com/home#/job-details/7882157135
8579714362,r_3ce82ca49a7b3c9da32d0ac81938ab9e,Lead Associate - Category Management,Online (F1420),FULL_TIME,ONSITE,3-6 yrs,Bangalore,"inventory management, data analytics, market intelligence, account planning, stakeholder management, business hygiene, customer relationship management",Pournima  Kapilkumar Shinde,pournima.shinde@myntra.com,https://jobs.myntra.com/home#/job-details/8579714362
8198442924,r_7c91ed5f08773022b58e1ef8c1e1dd9d,Associate - Cat Marketing,Category Marketing (F1434),FULL_TIME,ONSITE,1-3 yrs,Bangalore,"marketing campaigns, brand strategy, influencer marketing, performance management, social media marketing",Divya Mohanty,divya.mohanty1@myntra.com,https://jobs.myntra.com/home#/job-details/8198442924
3867131132,r_9c19df74edbf3b6ba460a44e9c3c7648,Associate - Service Quality - Seller Support,Marketplace Seller Support (F1439),FULL_TIME,ONSITE,1-3 yrs,Bangalore,"seller support, SQL, Quality",Divya Mohanty,divya.mohanty1@myntra.com,https://jobs.myntra.com/home#/job-details/3867131132
2357613700,r_fa465f87cd843b169b7bf17172157d1a,Senior Manager - Category Management (Marketplace),HOB on FK (F1406),FULL_TIME,ONSITE,7-10 yrs,Bengaluru,"assortment, commercial strategy, market intelligence, inventory",Pournima  Kapilkumar Shinde,pournima.shinde@myntra.com,https://jobs.myntra.com/home#/job-details/2357613700
1967742819,r_909defd68228355fad47b14c7fc9d965,Lead Associate - Marketplace,Marketplace (F1310),FULL_TIME,ONSITE,3-8 yrs,Surat,"key account management, KAM, Marketplace",Divya Mohanty,divya.mohanty1@myntra.com,https://jobs.myntra.com/home#/job-details/1967742819
1842633972,r_5585fb9ac5383e999629dced28b670e2,Deputy Director,Category Management (F1370),FULL_TIME,ONSITE,7-10 yrs,Bangalore,category management,Pournima  Kapilkumar Shinde,pournima.shinde@myntra.com,https://jobs.myntra.com/home#/job-details/1842633972
9064684089,r_320995af458e376db4f44aa74477a8df,Senior Manager - Buying & Merchandising,Omnichannel (F1423),FULL_TIME,ONSITE,6-10 yrs,Bangalore,"assortment planning, inventory management, supply chain planning, budget management, market intelligence, data analytics, customer relationship management",Pournima  Kapilkumar Shinde,pournima.shinde@myntra.com,https://jobs.myntra.com/home#/job-details/9064684089
7467740219,r_0233f984cd923d30b9fa170691f14870,Lead Associate - Talent Acquisition,COE (F1121),FULL_TIME,,6-10 yrs,Bangalore,"talent acquisition, stakeholder engagement, stakeholder management, recruitment strategy",,,https://jobs.myntra.com/home#/job-details/7467740219
4524734408,r_712ec5a4a250311c8087cfc784d49953,Technical Lead-Backend Engineering,SF (F1216),FULL_TIME,HYBRID,5-7 yrs,Bangalore,"java, distributed systems, system design, coding",Chirag .,chirag.bali@myntra.com,https://jobs.myntra.com/home#/job-details/4524734408
7245789658,r_3b02a944983335b1a7e37783fdc5aab9,Lead Associate - Customer Growth,Analytics (F1347),FULL_TIME,ONSITE,7-12 yrs,Bangalore,"business partnership, growth reporting, analytics",Pournima  Kapilkumar Shinde,pournima.shinde@myntra.com,https://jobs.myntra.com/home#/job-details/7245789658
609618195,r_28bb8dbe50c831c993ef18c833ed191c,Technical Lead – ML Platform & MLOps,Analytics (F1205),FULL_TIME,,6-8 yrs,Bangalore,"machine learning platform, MLP, ML Workflow, data platform",Chirag .,chirag.bali@myntra.com,https://jobs.myntra.com/home#/job-details/609618195
1068566829,r_d55e4bfa775032798852902392d109d4,Technical Lead- Data Platform,Analytics (F1205),FULL_TIME,,6-8 yrs,Bangalore,"data platform, design, apache, spark, kafka, problem solving skills",,,https://jobs.myntra.com/home#/job-details/1068566829
3164805222,r_a84f4a611b2f30a6b5a9d624f202008b,phoenix Intern,International Brands (F1358),FULL_TIME,ONSITE,3-4 yrs,Bangalore,"business development, category management, growth",Saranga Deshmukh,saranga.deshmukh@myntra.com,https://jobs.myntra.com/home#/job-details/3164805222
8763054482,r_f949f3c53e623ee5883e853873ec7480,Lead Associate - Business Analyst,Strategy (F1417),FULL_TIME,,3-6 yrs,Bangalore,"data analytics, quantitative tools, visual intelligence",Drishti Pranav Shethji,drishti.p@myntra.com,https://jobs.myntra.com/home#/job-details/8763054482
8675666022,r_4febbf84ebcb33e29647bbdecb176aca,Senior Officer - Finance,Finance (F1043),FULL_TIME,,3-6 yrs,Bangalore,"core ap processing, conflict resolution, effective communication",Drishti Pranav Shethji,drishti.p@myntra.com,https://jobs.myntra.com/home#/job-details/8675666022
2481146509,r_7f2698985b0e30ff90d7c48db174a93f,Deputy Director - Category Management,Category Management (F1432),FULL_TIME,ONSITE,7-10 yrs,Bangalore,"pricing strategy, demand management, data analytics, customer relationship management, market intelligence, commercial acumen, stakeholder management",Pournima  Kapilkumar Shinde,pournima.shinde@myntra.com,https://jobs.myntra.com/home#/job-details/2481146509
8327902904,r_1ab39e99664938f787520cac15799e84,Principal Associate - Demand,Myntra Ads (F1379),FULL_TIME,ONSITE,5-8 yrs,Bangalore,"ads marketing, marketing, data analytics, revenue, customer relationship management, campaign planning, adtech",Pournima  Kapilkumar Shinde,pournima.shinde@myntra.com,https://jobs.myntra.com/home#/job-details/8327902904
7729170962,r_a31550990ac9389796d8cef28118dcc9,Udaan Category Management,Category Management (F1370),PART_TIME,HYBRID,1-2 yrs,Bangalore,"category management, inventory management, commercial operations, data analysis",Drishti Pranav Shethji,drishti.p@myntra.com,https://jobs.myntra.com/home#/job-details/7729170962
4878110242,r_f66926a312f43097a25418961edbec95,Lead Associate - Controllership & Finance,Finance (F1043),FULL_TIME,ONSITE,2-4 yrs,Bengaluru,Account Payable,Divya Mohanty,divya.mohanty1@myntra.com,https://jobs.myntra.com/home#/job-details/4878110242
1512459576,r_79a1638ac7183ba9bac0b8495003e249,Associate - Planning,Planning (F1171),FULL_TIME,,1-3 yrs,Bangalore,"inventory planning, demand planning, inventory management, stock management",Drishti Pranav Shethji,drishti.p@myntra.com,https://jobs.myntra.com/home#/job-details/1512459576
4607403225,r_e948676965cd317aa7f61e087815d90a,Principal Associate - People Analytics,COE (F1121),FULL_TIME,,8-14 yrs,Bangalore,"data analysis, data modelling, process automation, hris architecture",Drishti Pranav Shethji,drishti.p@myntra.com,https://jobs.myntra.com/home#/job-details/4607403225
861993854,r_f9915b83f8473cac8836799a7966edd6,Udaan Storefront Operations,Central Revenue (F1374),PART_TIME,ONSITE,1-5 yrs,Bangalore,"Operations, Excel",Shivani Dabar,shivanidabar.vc@myntra.com,https://jobs.myntra.com/home#/job-details/861993854
7793884913,r_f8ecb93fdf803012846d9936afef7bb2,Associate Architect- Engineering,SCM OB (F1096),FULL_TIME,HYBRID,9-13 yrs,Bangalore,"scalable systems, architecture, java, low level design",Chirag .,chirag.bali@myntra.com,https://jobs.myntra.com/home#/job-details/7793884913
