Platform,Requisition ID,Job Title,Company / Startup,Work Location,Domain / Sector,Experience Level,Core Skills Required,Compensation Band,Direct Portal Route URL
Hasjob,HASJOB-BLR-3hk12,Front Office Executive & Operations Coordinator,Ontime Global Pvt Ltd,Bengaluru (CBD / Koramangala),Corporate Operations & Client Services,Fresher to 1 Year (BBA / Graduate),"Front Office Management, Client Reception, Executive Scheduling, Vendor Coordination, Excel","Rs 3,80,000 - 5,50,000 PA",https://hasjob.co/ontimeglobal.in/3hk12
Hasjob,HASJOB-REM-vgld1,Growth Operations & Social Media Specialist (100% Remote),RemoteStack,100% Remote (Bengaluru / Worldwide),Remote Tech & Growth Operations,0 - 1.5 Years (BBA / Marketing),"Growth Ops, Content Scheduling, Community Moderation, LinkedIn Analytics, Notion","Rs 4,20,000 - 6,50,000 PA",https://hasjob.co/remotestack.in/vgld1
YC Work at a Startup,YC-W24-001,Founders Associate & Business Operations Trainee,Emergent (YC W24),"HSR Layout Sector 1, Bengaluru",AI Autonomous Systems & Enterprise Agents,0 - 2 Years (BBA / High Grit),"Founders Office, Operations Scrappy Execution, Customer Discovery, Notion, Workflow Setup","Rs 8,00,000 - 14,00,000 PA + 0.25% Equity",https://www.workatastartup.com/jobs/v2?role=operations
YC Work at a Startup,YC-S23-002,Operations & Deployment Specialist,Karya (YC S23 - AI Data Infrastructure),"Indiranagar 100ft Road, Bengaluru",AI Data Infrastructure & Social Impact,Fresher to 2 Years (BBA / Any Graduate),"Field Operations, Partner Coordination, Data Quality QA, Spreadsheet Audits, Telemetry Tracking","Rs 7,00,000 - 11,00,000 PA",https://www.workatastartup.com/jobs/v2?role=operations
Wellfound,WF-4821896,Customer Success & Client Operations Associate,Networth Corp,"Koramangala 4th Block, Bengaluru",WealthTech & Private Banking SaaS,0 - 2 Years (BBA Finance / Any Grad),"Customer Success, Client Onboarding, Zendesk, Portfolio Reconciliation, MIS Dashboards","Rs 6,00,000 - 9,00,000 PA",https://wellfound.com/location/bangalore
Wellfound,WF-4787199,Operations Generalist - Supply & Vendor Management,Fleetx.io (Series B IoT Logistics),"Bellandur Outer Ring Road, Bengaluru",IoT Fleet Telematics & Freight Logistics,0 - 2 Years (BBA Supply Chain / Grad),"Vendor Governance, Hardware Device Dispatch, SLA Tracking, HubSpot CRM, Excel VLOOKUP","Rs 5,50,000 - 8,00,000 PA",https://wellfound.com/location/bangalore
Hirist.tech (0-1 Exp),HIR-01-BLR-51,Junior Business Analyst & Operations Trainee,Mu Sigma Business Solutions,"Ascendas ITPL, Whitefield, Bengaluru",Decision Sciences & Analytics,Fresher (0 - 1 Year / 2024-2026 Batch),"Business Analysis, SQL Fundamentals, Advanced Excel Modeling, Problem Structuring, Jira","Rs 5,00,000 - 7,50,000 PA",https://www.hirist.tech/it-jobs-in-bangalore?minexp=0&maxexp=1
Hirist.tech (0-1 Exp),HIR-01-BLR-52,AI Workflow Automation & Prompt Ops Associate,LTIMindtree,"Global Village Tech Park / Whitefield, Bengaluru",Enterprise AI & Cloud Automation,Fresher to 1 Year (BBA / BCA),"Workflow Automation (n8n, Zapier), Prompt Quality Evaluation, Data Cleansing, Reporting","Rs 4,50,000 - 6,50,000 PA",https://www.hirist.tech/it-jobs-in-bangalore?minexp=0&maxexp=1
Instahyre,INSTA-BLR-911,Sales Operations & Lead Enrichment Associate,Whatfix (Series D Digital Adoption Platform),"Prestige Tech Park, Marathahalli-Sarjapur ORR, Bengaluru",Enterprise B2B SaaS,0 - 2 Years (BBA / Marketing),"Sales Operations, Apollo.io, Lead Data Enrichment, Salesforce CRM Hygiene, Pipeline MIS","Rs 6,00,000 - 9,50,000 PA",https://www.instahyre.com/jobs-in-bangalore/
Cutshort,CUT-BLR-421,Operations Coordinator - Merchant Escalations,Cashfree Payments,"Koramangala 3rd Block, 100ft Road, Bengaluru",FinTech Payments Switch & Banking API,0 - 2 Years (BBA / B.Com),"Merchant Operations, Payment Discrepancy Auditing, Banking SLA Monitoring, Ticket Escalations","Rs 5,50,000 - 8,20,000 PA",https://cutshort.io/jobs/startup-jobs-in-bangalore-bengaluru
