Company Name,Global HQ,Bengaluru Operational Role / Mandate,Bengaluru Office Location / Hub Context,Target Roles Identified,Company Type / Vertical,WTTJ Company URL
CarCutter,Vienna / Graz (Austria),AI Media Enhancement Delivery Hub,"Bengaluru Tech Corridor",Care Team Lead | Client Solution & Integrations Lead,Automotive AI & Media SaaS,https://www.welcometothejungle.com/en/companies/carcutter
Tide,London (UK),Global Financial Services & SME Banking Tech Hub,"Bengaluru Tech Park / Koramangala",Engineering Manager (Financial Services) | Engineering Manager (Marketing Tech),FinTech & Digital Business Banking,https://www.welcometothejungle.com/en/companies/tide
Nightfall AI,Palo Alto (USA),Core Cloud Security Engineering Co-Center,"Bengaluru Core Tech Hub",VP of Engineering | Senior Backend Engineers,Cloud Data Loss Prevention & AI Security,https://www.welcometothejungle.com/en/companies/nightfall-ai
CAST Software,Paris / New York,Software Intelligence & Structural Analysis R&D,"Bengaluru R&D Lab",UI/UX Designers | Senior Software Engineers | R&D Leads,Software Intelligence & Application Governance,https://www.welcometothejungle.com/en/companies/cast
Creditspring,London (UK),Global People & Financial Analytics Office,"Bengaluru City Center",People & Talent Partner (India Lead) | Data Scientist,Subscription FinTech & Consumer Credit,https://www.welcometothejungle.com/en/companies/creditspring
Decathlon,Villeneuve-d'Ascq (France),Global Sports Retail & Digital Supply Chain Hub,"Bengaluru Corporate Office (Decathlon India HQ)",Financial Planner & Analyst (VIE) | Supply Chain Associates,Omnichannel Sports Retail & Distribution,https://www.welcometothejungle.com/en/companies/decathlon
Cisco Meraki,San Francisco (USA),Cloud Networking & Security GCC,"Cisco Campus, Outer Ring Road, Bengaluru",Cloud Networking Software Engineers | Site Reliability Leads,Cloud Managed Networking & IoT,https://www.welcometothejungle.com/en/companies/cisco-meraki
JFrog,Sunnyvale (USA),Liquid Software & DevOps Delivery Platform,"Bengaluru Technology Center",DevOps Engineers | Solution Architects | Support Engineers,DevOps & Software Supply Chain Security,https://www.welcometothejungle.com/en/companies/jfrog
MSX International,Detroit / Colchester,Automotive Retail & Digital Dealership Services,"Bengaluru Commercial Hub",Frontline Sales Consultants | Automotive Business Analysts,Automotive Business Consulting & Solutions,https://www.welcometothejungle.com/en/companies/msx-international
