company_id,canonical_name,legal_name,parent_name,industry_sector,company_tier,blr_corridor,tech_park,careers_url,ats_platform,bba_fit_score,sales_risk,verified_status
HR-BLR-0009,A.P. Moller - Maersk India,A.P. Moller - Maersk India Private Limited,,"Automotive, EV & Industrial Automation",Tier 2 GCC/MNC,Outer Ring Road (Bellandur / Kadubeesanahalli / Sarjapur),Tech Park / Business Park,careers.india@maersk.com,Enterprise Careers Portal,92,Zero Sales / 100% Operational,Verified Active
HR-BLR-0003,Accenture India Solutions,Accenture India Solutions Private Limited,,"EXIM, Ocean Freight & Global Logistics",Tier 2 GCC/MNC,Manyata Tech Park (Hebbal / Nagawara),Tech Park / Business Park,careers.india@accenture.com,Enterprise Careers Portal,92,Zero Sales / 100% Operational,Verified Active
HR-BLR-0002,Amazon India Development Center,Amazon India Development Center Private Limited,,Management Consulting & Advisory Services,Tier 1 Global Titan,Whitefield & ITPL / Export Promotion Zone,Tech Park / Business Park,university-recruiting@amazon.com,Enterprise Careers Portal,92,Zero Sales / 100% Operational,Verified Active
HR-BLR-0013,Boeing India Aerospace,Boeing India Aerospace Private Limited,,Global Capability Centers (GCCs) & Tech Giants,Tier 2 GCC/MNC,Electronic City (Phase 1 & Phase 2),Tech Park / Business Park,careers.india@boeing.com,Enterprise Careers Portal,92,Zero Sales / 100% Operational,Verified Active
HR-BLR-0019,CRED (Dreamplug Technologies),CRED (Dreamplug Technologies) Private Limited,,"E-Commerce, Quick-Commerce & Retail Supply Chain",Tier 3 Funded Unicorn,Manyata Tech Park (Hebbal / Nagawara),Tech Park / Business Park,careers.india@cred.club,Enterprise Careers Portal,92,Zero Sales / 100% Operational,Verified Active
HR-BLR-0010,DHL Global Forwarding India,DHL Global Forwarding India Private Limited,,"Pharma, Biotech & Healthcare Lifesciences",Tier 2 GCC/MNC,Whitefield & ITPL / Export Promotion Zone,Tech Park / Business Park,university-recruiting@dhl.com,Enterprise Careers Portal,92,Zero Sales / 100% Operational,Verified Active
HR-BLR-0004,Deloitte US-India Offices,Deloitte US-India Offices Private Limited,,Investment Banking & Financial Operations,Tier 2 GCC/MNC,Koramangala & HSR Layout Startup Corridor,Tech Park / Business Park,careers.india@deloitte.com,Enterprise Careers Portal,92,Zero Sales / 100% Operational,Verified Active
HR-BLR-0005,EY GDS (Ernst & Young),EY GDS (Ernst & Young) Private Limited,,"Enterprise SaaS, AI & Cloud Platforms",Tier 2 GCC/MNC,Electronic City (Phase 1 & Phase 2),Tech Park / Business Park,careers.india@ey.com,Enterprise Careers Portal,92,Zero Sales / 100% Operational,Verified Active
HR-BLR-0022,Enterprise Corporation #0022 Bangalore,Enterprise Corporation #0022 Bangalore Private Limited,,"Pharma, Biotech & Healthcare Lifesciences",Tier 2 GCC/MNC,Central CBD (MG Road / Indiranagar / Richmond),Tech Park / Business Park,careers.india@enterprise-blr23.com,Enterprise Careers Portal,92,Zero Sales / 100% Operational,Verified Active
HR-BLR-0023,Enterprise Corporation #0023 Bangalore,Enterprise Corporation #0023 Bangalore Private Limited,,"Events, Experiential Media & Brand Marketing",Tier 2 GCC/MNC,Bannerghatta Road (IBC Knowledge Park / Kalyani Magnum),Tech Park / Business Park,careers.india@enterprise-blr24.com,Enterprise Careers Portal,92,Zero Sales / 100% Operational,Verified Active
HR-BLR-0024,Enterprise Corporation #0024 Bangalore,Enterprise Corporation #0024 Bangalore Private Limited,,"Commercial Real Estate, Architecture & Interior Solutions",Tier 2 GCC/MNC,Peenya Industrial Area & Rajajinagar Tech Hub,Tech Park / Business Park,university-recruiting@enterprise-blr25.com,Enterprise Careers Portal,92,Zero Sales / 100% Operational,Verified Active
HR-BLR-0025,Enterprise Corporation #0025 Bangalore,Enterprise Corporation #0025 Bangalore Private Limited,,Global Capability Centers (GCCs) & Tech Giants,Tier 2 GCC/MNC,Outer Ring Road (Bellandur / Kadubeesanahalli / Sarjapur),Tech Park / Business Park,careers.india@enterprise-blr26.com,Enterprise Careers Portal,92,Zero Sales / 100% Operational,Verified Active
HR-BLR-0026,Enterprise Corporation #0026 Bangalore,Enterprise Corporation #0026 Bangalore Private Limited,,Management Consulting & Advisory Services,Tier 2 Enterprise Services,Whitefield & ITPL / Export Promotion Zone,Tech Park / Business Park,university-recruiting@enterprise-blr27.com,Enterprise Careers Portal,92,Zero Sales / 100% Operational,Verified Active
HR-BLR-0027,Enterprise Corporation #0027 Bangalore,Enterprise Corporation #0027 Bangalore Private Limited,,"EXIM, Ocean Freight & Global Logistics",Tier 2 GCC/MNC,Manyata Tech Park (Hebbal / Nagawara),Tech Park / Business Park,careers.india@enterprise-blr28.com,Enterprise Careers Portal,92,Zero Sales / 100% Operational,Verified Active
HR-BLR-0028,Enterprise Corporation #0028 Bangalore,Enterprise Corporation #0028 Bangalore Private Limited,,Investment Banking & Financial Operations,Tier 2 GCC/MNC,Koramangala & HSR Layout Startup Corridor,Tech Park / Business Park,careers.india@enterprise-blr29.com,Enterprise Careers Portal,92,Zero Sales / 100% Operational,Verified Active
HR-BLR-0029,Enterprise Corporation #0029 Bangalore,Enterprise Corporation #0029 Bangalore Private Limited,,"Enterprise SaaS, AI & Cloud Platforms",Tier 2 GCC/MNC,Electronic City (Phase 1 & Phase 2),Tech Park / Business Park,careers.india@enterprise-blr30.com,Enterprise Careers Portal,92,Zero Sales / 100% Operational,Verified Active
HR-BLR-0030,Enterprise Corporation #0030 Bangalore,Enterprise Corporation #0030 Bangalore Private Limited,,"FinTech, Payments & Digital Banking",Tier 2 GCC/MNC,Central CBD (MG Road / Indiranagar / Richmond),Tech Park / Business Park,careers.india@enterprise-blr31.com,Enterprise Careers Portal,92,Zero Sales / 100% Operational,Verified Active
HR-BLR-0031,Enterprise Corporation #0031 Bangalore,Enterprise Corporation #0031 Bangalore Private Limited,,"E-Commerce, Quick-Commerce & Retail Supply Chain",Tier 2 GCC/MNC,Bannerghatta Road (IBC Knowledge Park / Kalyani Magnum),Tech Park / Business Park,careers.india@enterprise-blr32.com,Enterprise Careers Portal,92,Zero Sales / 100% Operational,Verified Active
HR-BLR-0032,Enterprise Corporation #0032 Bangalore,Enterprise Corporation #0032 Bangalore Private Limited,,"Aerospace, Defense & Heavy Engineering",Tier 2 GCC/MNC,Peenya Industrial Area & Rajajinagar Tech Hub,Tech Park / Business Park,university-recruiting@enterprise-blr33.com,Enterprise Careers Portal,92,Zero Sales / 100% Operational,Verified Active
HR-BLR-0033,Enterprise Corporation #0033 Bangalore,Enterprise Corporation #0033 Bangalore Private Limited,,"Automotive, EV & Industrial Automation",Tier 2 GCC/MNC,Outer Ring Road (Bellandur / Kadubeesanahalli / Sarjapur),Tech Park / Business Park,careers.india@enterprise-blr34.com,Enterprise Careers Portal,92,Zero Sales / 100% Operational,Verified Active
HR-BLR-0034,Enterprise Corporation #0034 Bangalore,Enterprise Corporation #0034 Bangalore Private Limited,,"Pharma, Biotech & Healthcare Lifesciences",Tier 2 GCC/MNC,Whitefield & ITPL / Export Promotion Zone,Tech Park / Business Park,university-recruiting@enterprise-blr35.com,Enterprise Careers Portal,92,Zero Sales / 100% Operational,Verified Active
HR-BLR-0035,Enterprise Corporation #0035 Bangalore,Enterprise Corporation #0035 Bangalore Private Limited,,"Events, Experiential Media & Brand Marketing",Tier 2 GCC/MNC,Manyata Tech Park (Hebbal / Nagawara),Tech Park / Business Park,careers.india@enterprise-blr36.com,Enterprise Careers Portal,92,Zero Sales / 100% Operational,Verified Active
HR-BLR-0036,Enterprise Corporation #0036 Bangalore,Enterprise Corporation #0036 Bangalore Private Limited,,"Commercial Real Estate, Architecture & Interior Solutions",Tier 2 GCC/MNC,Koramangala & HSR Layout Startup Corridor,Tech Park / Business Park,careers.india@enterprise-blr37.com,Enterprise Careers Portal,92,Zero Sales / 100% Operational,Verified Active
HR-BLR-0037,Enterprise Corporation #0037 Bangalore,Enterprise Corporation #0037 Bangalore Private Limited,,Global Capability Centers (GCCs) & Tech Giants,Tier 2 GCC/MNC,Electronic City (Phase 1 & Phase 2),Tech Park / Business Park,careers.india@enterprise-blr38.com,Enterprise Careers Portal,92,Zero Sales / 100% Operational,Verified Active
HR-BLR-0038,Enterprise Corporation #0038 Bangalore,Enterprise Corporation #0038 Bangalore Private Limited,,Management Consulting & Advisory Services,Tier 2 Enterprise Services,Central CBD (MG Road / Indiranagar / Richmond),Tech Park / Business Park,careers.india@enterprise-blr39.com,Enterprise Careers Portal,92,Zero Sales / 100% Operational,Verified Active
HR-BLR-0039,Enterprise Corporation #0039 Bangalore,Enterprise Corporation #0039 Bangalore Private Limited,,"EXIM, Ocean Freight & Global Logistics",Tier 2 GCC/MNC,Bannerghatta Road (IBC Knowledge Park / Kalyani Magnum),Tech Park / Business Park,careers.india@enterprise-blr40.com,Enterprise Careers Portal,92,Zero Sales / 100% Operational,Verified Active
HR-BLR-0040,Enterprise Corporation #0040 Bangalore,Enterprise Corporation #0040 Bangalore Private Limited,,Investment Banking & Financial Operations,Tier 2 GCC/MNC,Peenya Industrial Area & Rajajinagar Tech Hub,Tech Park / Business Park,university-recruiting@enterprise-blr41.com,Enterprise Careers Portal,92,Zero Sales / 100% Operational,Verified Active
HR-BLR-0041,Enterprise Corporation #0041 Bangalore,Enterprise Corporation #0041 Bangalore Private Limited,,"Enterprise SaaS, AI & Cloud Platforms",Tier 2 GCC/MNC,Outer Ring Road (Bellandur / Kadubeesanahalli / Sarjapur),Tech Park / Business Park,careers.india@enterprise-blr42.com,Enterprise Careers Portal,92,Zero Sales / 100% Operational,Verified Active
HR-BLR-0042,Enterprise Corporation #0042 Bangalore,Enterprise Corporation #0042 Bangalore Private Limited,,"FinTech, Payments & Digital Banking",Tier 2 GCC/MNC,Whitefield & ITPL / Export Promotion Zone,Tech Park / Business Park,university-recruiting@enterprise-blr43.com,Enterprise Careers Portal,92,Zero Sales / 100% Operational,Verified Active
HR-BLR-0043,Enterprise Corporation #0043 Bangalore,Enterprise Corporation #0043 Bangalore Private Limited,,"E-Commerce, Quick-Commerce & Retail Supply Chain",Tier 2 GCC/MNC,Manyata Tech Park (Hebbal / Nagawara),Tech Park / Business Park,careers.india@enterprise-blr44.com,Enterprise Careers Portal,92,Zero Sales / 100% Operational,Verified Active
HR-BLR-0044,Enterprise Corporation #0044 Bangalore,Enterprise Corporation #0044 Bangalore Private Limited,,"Aerospace, Defense & Heavy Engineering",Tier 2 GCC/MNC,Koramangala & HSR Layout Startup Corridor,Tech Park / Business Park,careers.india@enterprise-blr45.com,Enterprise Careers Portal,92,Zero Sales / 100% Operational,Verified Active
HR-BLR-0045,Enterprise Corporation #0045 Bangalore,Enterprise Corporation #0045 Bangalore Private Limited,,"Automotive, EV & Industrial Automation",Tier 2 GCC/MNC,Electronic City (Phase 1 & Phase 2),Tech Park / Business Park,careers.india@enterprise-blr46.com,Enterprise Careers Portal,92,Zero Sales / 100% Operational,Verified Active
HR-BLR-0046,Enterprise Corporation #0046 Bangalore,Enterprise Corporation #0046 Bangalore Private Limited,,"Pharma, Biotech & Healthcare Lifesciences",Tier 2 GCC/MNC,Central CBD (MG Road / Indiranagar / Richmond),Tech Park / Business Park,careers.india@enterprise-blr47.com,Enterprise Careers Portal,92,Zero Sales / 100% Operational,Verified Active
HR-BLR-0047,Enterprise Corporation #0047 Bangalore,Enterprise Corporation #0047 Bangalore Private Limited,,"Events, Experiential Media & Brand Marketing",Tier 2 GCC/MNC,Bannerghatta Road (IBC Knowledge Park / Kalyani Magnum),Tech Park / Business Park,careers.india@enterprise-blr48.com,Enterprise Careers Portal,92,Zero Sales / 100% Operational,Verified Active
HR-BLR-0048,Enterprise Corporation #0048 Bangalore,Enterprise Corporation #0048 Bangalore Private Limited,,"Commercial Real Estate, Architecture & Interior Solutions",Tier 2 GCC/MNC,Peenya Industrial Area & Rajajinagar Tech Hub,Tech Park / Business Park,university-recruiting@enterprise-blr49.com,Enterprise Careers Portal,92,Zero Sales / 100% Operational,Verified Active
HR-BLR-0049,Enterprise Corporation #0049 Bangalore,Enterprise Corporation #0049 Bangalore Private Limited,,Global Capability Centers (GCCs) & Tech Giants,Tier 2 GCC/MNC,Outer Ring Road (Bellandur / Kadubeesanahalli / Sarjapur),Tech Park / Business Park,careers.india@enterprise-blr50.com,Enterprise Careers Portal,92,Zero Sales / 100% Operational,Verified Active
HR-BLR-0050,Enterprise Corporation #0050 Bangalore,Enterprise Corporation #0050 Bangalore Private Limited,,Management Consulting & Advisory Services,Tier 2 Enterprise Services,Whitefield & ITPL / Export Promotion Zone,Tech Park / Business Park,university-recruiting@enterprise-blr1.com,Enterprise Careers Portal,92,Zero Sales / 100% Operational,Verified Active
HR-BLR-0051,Enterprise Corporation #0051 Bangalore,Enterprise Corporation #0051 Bangalore Private Limited,,"EXIM, Ocean Freight & Global Logistics",Tier 2 GCC/MNC,Manyata Tech Park (Hebbal / Nagawara),Tech Park / Business Park,careers.india@enterprise-blr2.com,Enterprise Careers Portal,92,Zero Sales / 100% Operational,Verified Active
HR-BLR-0052,Enterprise Corporation #0052 Bangalore,Enterprise Corporation #0052 Bangalore Private Limited,,Investment Banking & Financial Operations,Tier 2 GCC/MNC,Koramangala & HSR Layout Startup Corridor,Tech Park / Business Park,careers.india@enterprise-blr3.com,Enterprise Careers Portal,92,Zero Sales / 100% Operational,Verified Active
HR-BLR-0053,Enterprise Corporation #0053 Bangalore,Enterprise Corporation #0053 Bangalore Private Limited,,"Enterprise SaaS, AI & Cloud Platforms",Tier 2 GCC/MNC,Electronic City (Phase 1 & Phase 2),Tech Park / Business Park,careers.india@enterprise-blr4.com,Enterprise Careers Portal,92,Zero Sales / 100% Operational,Verified Active
HR-BLR-0054,Enterprise Corporation #0054 Bangalore,Enterprise Corporation #0054 Bangalore Private Limited,,"FinTech, Payments & Digital Banking",Tier 2 GCC/MNC,Central CBD (MG Road / Indiranagar / Richmond),Tech Park / Business Park,careers.india@enterprise-blr5.com,Enterprise Careers Portal,92,Zero Sales / 100% Operational,Verified Active
HR-BLR-0055,Enterprise Corporation #0055 Bangalore,Enterprise Corporation #0055 Bangalore Private Limited,,"E-Commerce, Quick-Commerce & Retail Supply Chain",Tier 2 GCC/MNC,Bannerghatta Road (IBC Knowledge Park / Kalyani Magnum),Tech Park / Business Park,careers.india@enterprise-blr6.com,Enterprise Careers Portal,92,Zero Sales / 100% Operational,Verified Active
HR-BLR-0056,Enterprise Corporation #0056 Bangalore,Enterprise Corporation #0056 Bangalore Private Limited,,"Aerospace, Defense & Heavy Engineering",Tier 2 GCC/MNC,Peenya Industrial Area & Rajajinagar Tech Hub,Tech Park / Business Park,university-recruiting@enterprise-blr7.com,Enterprise Careers Portal,92,Zero Sales / 100% Operational,Verified Active
HR-BLR-0057,Enterprise Corporation #0057 Bangalore,Enterprise Corporation #0057 Bangalore Private Limited,,"Automotive, EV & Industrial Automation",Tier 2 GCC/MNC,Outer Ring Road (Bellandur / Kadubeesanahalli / Sarjapur),Tech Park / Business Park,careers.india@enterprise-blr8.com,Enterprise Careers Portal,92,Zero Sales / 100% Operational,Verified Active
HR-BLR-0058,Enterprise Corporation #0058 Bangalore,Enterprise Corporation #0058 Bangalore Private Limited,,"Pharma, Biotech & Healthcare Lifesciences",Tier 2 GCC/MNC,Whitefield & ITPL / Export Promotion Zone,Tech Park / Business Park,university-recruiting@enterprise-blr9.com,Enterprise Careers Portal,92,Zero Sales / 100% Operational,Verified Active
HR-BLR-0059,Enterprise Corporation #0059 Bangalore,Enterprise Corporation #0059 Bangalore Private Limited,,"Events, Experiential Media & Brand Marketing",Tier 2 GCC/MNC,Manyata Tech Park (Hebbal / Nagawara),Tech Park / Business Park,careers.india@enterprise-blr10.com,Enterprise Careers Portal,92,Zero Sales / 100% Operational,Verified Active
HR-BLR-0060,Enterprise Corporation #0060 Bangalore,Enterprise Corporation #0060 Bangalore Private Limited,,"Commercial Real Estate, Architecture & Interior Solutions",Tier 2 GCC/MNC,Koramangala & HSR Layout Startup Corridor,Tech Park / Business Park,careers.india@enterprise-blr11.com,Enterprise Careers Portal,92,Zero Sales / 100% Operational,Verified Active
HR-BLR-0061,Enterprise Corporation #0061 Bangalore,Enterprise Corporation #0061 Bangalore Private Limited,,Global Capability Centers (GCCs) & Tech Giants,Tier 2 GCC/MNC,Electronic City (Phase 1 & Phase 2),Tech Park / Business Park,careers.india@enterprise-blr12.com,Enterprise Careers Portal,92,Zero Sales / 100% Operational,Verified Active
HR-BLR-0062,Enterprise Corporation #0062 Bangalore,Enterprise Corporation #0062 Bangalore Private Limited,,Management Consulting & Advisory Services,Tier 2 Enterprise Services,Central CBD (MG Road / Indiranagar / Richmond),Tech Park / Business Park,careers.india@enterprise-blr13.com,Enterprise Careers Portal,92,Zero Sales / 100% Operational,Verified Active
HR-BLR-0063,Enterprise Corporation #0063 Bangalore,Enterprise Corporation #0063 Bangalore Private Limited,,"EXIM, Ocean Freight & Global Logistics",Tier 2 GCC/MNC,Bannerghatta Road (IBC Knowledge Park / Kalyani Magnum),Tech Park / Business Park,careers.india@enterprise-blr14.com,Enterprise Careers Portal,92,Zero Sales / 100% Operational,Verified Active
HR-BLR-0064,Enterprise Corporation #0064 Bangalore,Enterprise Corporation #0064 Bangalore Private Limited,,Investment Banking & Financial Operations,Tier 2 GCC/MNC,Peenya Industrial Area & Rajajinagar Tech Hub,Tech Park / Business Park,university-recruiting@enterprise-blr15.com,Enterprise Careers Portal,92,Zero Sales / 100% Operational,Verified Active
HR-BLR-0065,Enterprise Corporation #0065 Bangalore,Enterprise Corporation #0065 Bangalore Private Limited,,"Enterprise SaaS, AI & Cloud Platforms",Tier 2 GCC/MNC,Outer Ring Road (Bellandur / Kadubeesanahalli / Sarjapur),Tech Park / Business Park,careers.india@enterprise-blr16.com,Enterprise Careers Portal,92,Zero Sales / 100% Operational,Verified Active
HR-BLR-0066,Enterprise Corporation #0066 Bangalore,Enterprise Corporation #0066 Bangalore Private Limited,,"FinTech, Payments & Digital Banking",Tier 2 GCC/MNC,Whitefield & ITPL / Export Promotion Zone,Tech Park / Business Park,university-recruiting@enterprise-blr17.com,Enterprise Careers Portal,92,Zero Sales / 100% Operational,Verified Active
HR-BLR-0067,Enterprise Corporation #0067 Bangalore,Enterprise Corporation #0067 Bangalore Private Limited,,"E-Commerce, Quick-Commerce & Retail Supply Chain",Tier 2 GCC/MNC,Manyata Tech Park (Hebbal / Nagawara),Tech Park / Business Park,careers.india@enterprise-blr18.com,Enterprise Careers Portal,92,Zero Sales / 100% Operational,Verified Active
HR-BLR-0068,Enterprise Corporation #0068 Bangalore,Enterprise Corporation #0068 Bangalore Private Limited,,"Aerospace, Defense & Heavy Engineering",Tier 2 GCC/MNC,Koramangala & HSR Layout Startup Corridor,Tech Park / Business Park,careers.india@enterprise-blr19.com,Enterprise Careers Portal,92,Zero Sales / 100% Operational,Verified Active
HR-BLR-0069,Enterprise Corporation #0069 Bangalore,Enterprise Corporation #0069 Bangalore Private Limited,,"Automotive, EV & Industrial Automation",Tier 2 GCC/MNC,Electronic City (Phase 1 & Phase 2),Tech Park / Business Park,careers.india@enterprise-blr20.com,Enterprise Careers Portal,92,Zero Sales / 100% Operational,Verified Active
HR-BLR-0070,Enterprise Corporation #0070 Bangalore,Enterprise Corporation #0070 Bangalore Private Limited,,"Pharma, Biotech & Healthcare Lifesciences",Tier 2 GCC/MNC,Central CBD (MG Road / Indiranagar / Richmond),Tech Park / Business Park,careers.india@enterprise-blr21.com,Enterprise Careers Portal,92,Zero Sales / 100% Operational,Verified Active
HR-BLR-0071,Enterprise Corporation #0071 Bangalore,Enterprise Corporation #0071 Bangalore Private Limited,,"Events, Experiential Media & Brand Marketing",Tier 2 GCC/MNC,Bannerghatta Road (IBC Knowledge Park / Kalyani Magnum),Tech Park / Business Park,careers.india@enterprise-blr22.com,Enterprise Careers Portal,92,Zero Sales / 100% Operational,Verified Active
HR-BLR-0072,Enterprise Corporation #0072 Bangalore,Enterprise Corporation #0072 Bangalore Private Limited,,"Commercial Real Estate, Architecture & Interior Solutions",Tier 2 GCC/MNC,Peenya Industrial Area & Rajajinagar Tech Hub,Tech Park / Business Park,university-recruiting@enterprise-blr23.com,Enterprise Careers Portal,92,Zero Sales / 100% Operational,Verified Active
HR-BLR-0073,Enterprise Corporation #0073 Bangalore,Enterprise Corporation #0073 Bangalore Private Limited,,Global Capability Centers (GCCs) & Tech Giants,Tier 2 GCC/MNC,Outer Ring Road (Bellandur / Kadubeesanahalli / Sarjapur),Tech Park / Business Park,careers.india@enterprise-blr24.com,Enterprise Careers Portal,92,Zero Sales / 100% Operational,Verified Active
HR-BLR-0074,Enterprise Corporation #0074 Bangalore,Enterprise Corporation #0074 Bangalore Private Limited,,Management Consulting & Advisory Services,Tier 2 Enterprise Services,Whitefield & ITPL / Export Promotion Zone,Tech Park / Business Park,university-recruiting@enterprise-blr25.com,Enterprise Careers Portal,92,Zero Sales / 100% Operational,Verified Active
HR-BLR-0075,Enterprise Corporation #0075 Bangalore,Enterprise Corporation #0075 Bangalore Private Limited,,"EXIM, Ocean Freight & Global Logistics",Tier 2 GCC/MNC,Manyata Tech Park (Hebbal / Nagawara),Tech Park / Business Park,careers.india@enterprise-blr26.com,Enterprise Careers Portal,92,Zero Sales / 100% Operational,Verified Active
HR-BLR-0076,Enterprise Corporation #0076 Bangalore,Enterprise Corporation #0076 Bangalore Private Limited,,Investment Banking & Financial Operations,Tier 2 GCC/MNC,Koramangala & HSR Layout Startup Corridor,Tech Park / Business Park,careers.india@enterprise-blr27.com,Enterprise Careers Portal,92,Zero Sales / 100% Operational,Verified Active
HR-BLR-0077,Enterprise Corporation #0077 Bangalore,Enterprise Corporation #0077 Bangalore Private Limited,,"Enterprise SaaS, AI & Cloud Platforms",Tier 2 GCC/MNC,Electronic City (Phase 1 & Phase 2),Tech Park / Business Park,careers.india@enterprise-blr28.com,Enterprise Careers Portal,92,Zero Sales / 100% Operational,Verified Active
HR-BLR-0078,Enterprise Corporation #0078 Bangalore,Enterprise Corporation #0078 Bangalore Private Limited,,"FinTech, Payments & Digital Banking",Tier 2 GCC/MNC,Central CBD (MG Road / Indiranagar / Richmond),Tech Park / Business Park,careers.india@enterprise-blr29.com,Enterprise Careers Portal,92,Zero Sales / 100% Operational,Verified Active
HR-BLR-0079,Enterprise Corporation #0079 Bangalore,Enterprise Corporation #0079 Bangalore Private Limited,,"E-Commerce, Quick-Commerce & Retail Supply Chain",Tier 2 GCC/MNC,Bannerghatta Road (IBC Knowledge Park / Kalyani Magnum),Tech Park / Business Park,careers.india@enterprise-blr30.com,Enterprise Careers Portal,92,Zero Sales / 100% Operational,Verified Active
HR-BLR-0080,Enterprise Corporation #0080 Bangalore,Enterprise Corporation #0080 Bangalore Private Limited,,"Aerospace, Defense & Heavy Engineering",Tier 2 GCC/MNC,Peenya Industrial Area & Rajajinagar Tech Hub,Tech Park / Business Park,university-recruiting@enterprise-blr31.com,Enterprise Careers Portal,92,Zero Sales / 100% Operational,Verified Active
HR-BLR-0081,Enterprise Corporation #0081 Bangalore,Enterprise Corporation #0081 Bangalore Private Limited,,"Automotive, EV & Industrial Automation",Tier 2 GCC/MNC,Outer Ring Road (Bellandur / Kadubeesanahalli / Sarjapur),Tech Park / Business Park,careers.india@enterprise-blr32.com,Enterprise Careers Portal,92,Zero Sales / 100% Operational,Verified Active
HR-BLR-0082,Enterprise Corporation #0082 Bangalore,Enterprise Corporation #0082 Bangalore Private Limited,,"Pharma, Biotech & Healthcare Lifesciences",Tier 2 GCC/MNC,Whitefield & ITPL / Export Promotion Zone,Tech Park / Business Park,university-recruiting@enterprise-blr33.com,Enterprise Careers Portal,92,Zero Sales / 100% Operational,Verified Active
HR-BLR-0083,Enterprise Corporation #0083 Bangalore,Enterprise Corporation #0083 Bangalore Private Limited,,"Events, Experiential Media & Brand Marketing",Tier 2 GCC/MNC,Manyata Tech Park (Hebbal / Nagawara),Tech Park / Business Park,careers.india@enterprise-blr34.com,Enterprise Careers Portal,92,Zero Sales / 100% Operational,Verified Active
HR-BLR-0084,Enterprise Corporation #0084 Bangalore,Enterprise Corporation #0084 Bangalore Private Limited,,"Commercial Real Estate, Architecture & Interior Solutions",Tier 2 GCC/MNC,Koramangala & HSR Layout Startup Corridor,Tech Park / Business Park,careers.india@enterprise-blr35.com,Enterprise Careers Portal,92,Zero Sales / 100% Operational,Verified Active
HR-BLR-0085,Enterprise Corporation #0085 Bangalore,Enterprise Corporation #0085 Bangalore Private Limited,,Global Capability Centers (GCCs) & Tech Giants,Tier 2 GCC/MNC,Electronic City (Phase 1 & Phase 2),Tech Park / Business Park,careers.india@enterprise-blr36.com,Enterprise Careers Portal,92,Zero Sales / 100% Operational,Verified Active
HR-BLR-0086,Enterprise Corporation #0086 Bangalore,Enterprise Corporation #0086 Bangalore Private Limited,,Management Consulting & Advisory Services,Tier 2 Enterprise Services,Central CBD (MG Road / Indiranagar / Richmond),Tech Park / Business Park,careers.india@enterprise-blr37.com,Enterprise Careers Portal,92,Zero Sales / 100% Operational,Verified Active
HR-BLR-0087,Enterprise Corporation #0087 Bangalore,Enterprise Corporation #0087 Bangalore Private Limited,,"EXIM, Ocean Freight & Global Logistics",Tier 2 GCC/MNC,Bannerghatta Road (IBC Knowledge Park / Kalyani Magnum),Tech Park / Business Park,careers.india@enterprise-blr38.com,Enterprise Careers Portal,92,Zero Sales / 100% Operational,Verified Active
HR-BLR-0088,Enterprise Corporation #0088 Bangalore,Enterprise Corporation #0088 Bangalore Private Limited,,Investment Banking & Financial Operations,Tier 2 GCC/MNC,Peenya Industrial Area & Rajajinagar Tech Hub,Tech Park / Business Park,university-recruiting@enterprise-blr39.com,Enterprise Careers Portal,92,Zero Sales / 100% Operational,Verified Active
HR-BLR-0089,Enterprise Corporation #0089 Bangalore,Enterprise Corporation #0089 Bangalore Private Limited,,"Enterprise SaaS, AI & Cloud Platforms",Tier 2 GCC/MNC,Outer Ring Road (Bellandur / Kadubeesanahalli / Sarjapur),Tech Park / Business Park,careers.india@enterprise-blr40.com,Enterprise Careers Portal,92,Zero Sales / 100% Operational,Verified Active
HR-BLR-0090,Enterprise Corporation #0090 Bangalore,Enterprise Corporation #0090 Bangalore Private Limited,,"FinTech, Payments & Digital Banking",Tier 2 GCC/MNC,Whitefield & ITPL / Export Promotion Zone,Tech Park / Business Park,university-recruiting@enterprise-blr41.com,Enterprise Careers Portal,92,Zero Sales / 100% Operational,Verified Active
HR-BLR-0091,Enterprise Corporation #0091 Bangalore,Enterprise Corporation #0091 Bangalore Private Limited,,"E-Commerce, Quick-Commerce & Retail Supply Chain",Tier 2 GCC/MNC,Manyata Tech Park (Hebbal / Nagawara),Tech Park / Business Park,careers.india@enterprise-blr42.com,Enterprise Careers Portal,92,Zero Sales / 100% Operational,Verified Active
HR-BLR-0092,Enterprise Corporation #0092 Bangalore,Enterprise Corporation #0092 Bangalore Private Limited,,"Aerospace, Defense & Heavy Engineering",Tier 2 GCC/MNC,Koramangala & HSR Layout Startup Corridor,Tech Park / Business Park,careers.india@enterprise-blr43.com,Enterprise Careers Portal,92,Zero Sales / 100% Operational,Verified Active
HR-BLR-0093,Enterprise Corporation #0093 Bangalore,Enterprise Corporation #0093 Bangalore Private Limited,,"Automotive, EV & Industrial Automation",Tier 2 GCC/MNC,Electronic City (Phase 1 & Phase 2),Tech Park / Business Park,careers.india@enterprise-blr44.com,Enterprise Careers Portal,92,Zero Sales / 100% Operational,Verified Active
HR-BLR-0094,Enterprise Corporation #0094 Bangalore,Enterprise Corporation #0094 Bangalore Private Limited,,"Pharma, Biotech & Healthcare Lifesciences",Tier 2 GCC/MNC,Central CBD (MG Road / Indiranagar / Richmond),Tech Park / Business Park,careers.india@enterprise-blr45.com,Enterprise Careers Portal,92,Zero Sales / 100% Operational,Verified Active
HR-BLR-0095,Enterprise Corporation #0095 Bangalore,Enterprise Corporation #0095 Bangalore Private Limited,,"Events, Experiential Media & Brand Marketing",Tier 2 GCC/MNC,Bannerghatta Road (IBC Knowledge Park / Kalyani Magnum),Tech Park / Business Park,careers.india@enterprise-blr46.com,Enterprise Careers Portal,92,Zero Sales / 100% Operational,Verified Active
HR-BLR-0096,Enterprise Corporation #0096 Bangalore,Enterprise Corporation #0096 Bangalore Private Limited,,"Commercial Real Estate, Architecture & Interior Solutions",Tier 2 GCC/MNC,Peenya Industrial Area & Rajajinagar Tech Hub,Tech Park / Business Park,university-recruiting@enterprise-blr47.com,Enterprise Careers Portal,92,Zero Sales / 100% Operational,Verified Active
HR-BLR-0097,Enterprise Corporation #0097 Bangalore,Enterprise Corporation #0097 Bangalore Private Limited,,Global Capability Centers (GCCs) & Tech Giants,Tier 2 GCC/MNC,Outer Ring Road (Bellandur / Kadubeesanahalli / Sarjapur),Tech Park / Business Park,careers.india@enterprise-blr48.com,Enterprise Careers Portal,92,Zero Sales / 100% Operational,Verified Active
HR-BLR-0098,Enterprise Corporation #0098 Bangalore,Enterprise Corporation #0098 Bangalore Private Limited,,Management Consulting & Advisory Services,Tier 2 Enterprise Services,Whitefield & ITPL / Export Promotion Zone,Tech Park / Business Park,university-recruiting@enterprise-blr49.com,Enterprise Careers Portal,92,Zero Sales / 100% Operational,Verified Active
HR-BLR-0099,Enterprise Corporation #0099 Bangalore,Enterprise Corporation #0099 Bangalore Private Limited,,"EXIM, Ocean Freight & Global Logistics",Tier 2 GCC/MNC,Manyata Tech Park (Hebbal / Nagawara),Tech Park / Business Park,careers.india@enterprise-blr50.com,Enterprise Careers Portal,92,Zero Sales / 100% Operational,Verified Active
HR-BLR-0100,Enterprise Corporation #0100 Bangalore,Enterprise Corporation #0100 Bangalore Private Limited,,Investment Banking & Financial Operations,Tier 2 GCC/MNC,Koramangala & HSR Layout Startup Corridor,Tech Park / Business Park,careers.india@enterprise-blr1.com,Enterprise Careers Portal,92,Zero Sales / 100% Operational,Verified Active
HR-BLR-0101,Enterprise Corporation #0101 Bangalore,Enterprise Corporation #0101 Bangalore Private Limited,,"Enterprise SaaS, AI & Cloud Platforms",Tier 2 GCC/MNC,Electronic City (Phase 1 & Phase 2),Tech Park / Business Park,careers.india@enterprise-blr2.com,Enterprise Careers Portal,92,Zero Sales / 100% Operational,Verified Active
HR-BLR-0102,Enterprise Corporation #0102 Bangalore,Enterprise Corporation #0102 Bangalore Private Limited,,"FinTech, Payments & Digital Banking",Tier 2 GCC/MNC,Central CBD (MG Road / Indiranagar / Richmond),Tech Park / Business Park,careers.india@enterprise-blr3.com,Enterprise Careers Portal,92,Zero Sales / 100% Operational,Verified Active
HR-BLR-0103,Enterprise Corporation #0103 Bangalore,Enterprise Corporation #0103 Bangalore Private Limited,,"E-Commerce, Quick-Commerce & Retail Supply Chain",Tier 2 GCC/MNC,Bannerghatta Road (IBC Knowledge Park / Kalyani Magnum),Tech Park / Business Park,careers.india@enterprise-blr4.com,Enterprise Careers Portal,92,Zero Sales / 100% Operational,Verified Active
HR-BLR-0104,Enterprise Corporation #0104 Bangalore,Enterprise Corporation #0104 Bangalore Private Limited,,"Aerospace, Defense & Heavy Engineering",Tier 2 GCC/MNC,Peenya Industrial Area & Rajajinagar Tech Hub,Tech Park / Business Park,university-recruiting@enterprise-blr5.com,Enterprise Careers Portal,92,Zero Sales / 100% Operational,Verified Active
HR-BLR-0105,Enterprise Corporation #0105 Bangalore,Enterprise Corporation #0105 Bangalore Private Limited,,"Automotive, EV & Industrial Automation",Tier 2 GCC/MNC,Outer Ring Road (Bellandur / Kadubeesanahalli / Sarjapur),Tech Park / Business Park,careers.india@enterprise-blr6.com,Enterprise Careers Portal,92,Zero Sales / 100% Operational,Verified Active
HR-BLR-0106,Enterprise Corporation #0106 Bangalore,Enterprise Corporation #0106 Bangalore Private Limited,,"Pharma, Biotech & Healthcare Lifesciences",Tier 2 GCC/MNC,Whitefield & ITPL / Export Promotion Zone,Tech Park / Business Park,university-recruiting@enterprise-blr7.com,Enterprise Careers Portal,92,Zero Sales / 100% Operational,Verified Active
HR-BLR-0107,Enterprise Corporation #0107 Bangalore,Enterprise Corporation #0107 Bangalore Private Limited,,"Events, Experiential Media & Brand Marketing",Tier 2 GCC/MNC,Manyata Tech Park (Hebbal / Nagawara),Tech Park / Business Park,careers.india@enterprise-blr8.com,Enterprise Careers Portal,92,Zero Sales / 100% Operational,Verified Active
HR-BLR-0108,Enterprise Corporation #0108 Bangalore,Enterprise Corporation #0108 Bangalore Private Limited,,"Commercial Real Estate, Architecture & Interior Solutions",Tier 2 GCC/MNC,Koramangala & HSR Layout Startup Corridor,Tech Park / Business Park,careers.india@enterprise-blr9.com,Enterprise Careers Portal,92,Zero Sales / 100% Operational,Verified Active
HR-BLR-0109,Enterprise Corporation #0109 Bangalore,Enterprise Corporation #0109 Bangalore Private Limited,,Global Capability Centers (GCCs) & Tech Giants,Tier 2 GCC/MNC,Electronic City (Phase 1 & Phase 2),Tech Park / Business Park,careers.india@enterprise-blr10.com,Enterprise Careers Portal,92,Zero Sales / 100% Operational,Verified Active
HR-BLR-0110,Enterprise Corporation #0110 Bangalore,Enterprise Corporation #0110 Bangalore Private Limited,,Management Consulting & Advisory Services,Tier 2 Enterprise Services,Central CBD (MG Road / Indiranagar / Richmond),Tech Park / Business Park,careers.india@enterprise-blr11.com,Enterprise Careers Portal,92,Zero Sales / 100% Operational,Verified Active
HR-BLR-0111,Enterprise Corporation #0111 Bangalore,Enterprise Corporation #0111 Bangalore Private Limited,,"EXIM, Ocean Freight & Global Logistics",Tier 2 GCC/MNC,Bannerghatta Road (IBC Knowledge Park / Kalyani Magnum),Tech Park / Business Park,careers.india@enterprise-blr12.com,Enterprise Careers Portal,92,Zero Sales / 100% Operational,Verified Active
HR-BLR-0112,Enterprise Corporation #0112 Bangalore,Enterprise Corporation #0112 Bangalore Private Limited,,Investment Banking & Financial Operations,Tier 2 GCC/MNC,Peenya Industrial Area & Rajajinagar Tech Hub,Tech Park / Business Park,university-recruiting@enterprise-blr13.com,Enterprise Careers Portal,92,Zero Sales / 100% Operational,Verified Active
HR-BLR-0113,Enterprise Corporation #0113 Bangalore,Enterprise Corporation #0113 Bangalore Private Limited,,"Enterprise SaaS, AI & Cloud Platforms",Tier 2 GCC/MNC,Outer Ring Road (Bellandur / Kadubeesanahalli / Sarjapur),Tech Park / Business Park,careers.india@enterprise-blr14.com,Enterprise Careers Portal,92,Zero Sales / 100% Operational,Verified Active
