recruiter_id,name,position,company,email,linkedin_url,seniority,department
19592,Bhumika S Jain,Human Resources Executive,,,https://www.linkedin.com/in/bhumika-s-jain-a86736216,Specialist / Executive,General HR & People Operations
19593,Khushi Trivedi,Talent Acquisition Specialist,,,https://www.linkedin.com/in/khushitrivedi21,Specialist / Executive,Talent Acquisition
19594,Nisha Singh,HR Manager,,,http://www.linkedin.com/in/nisha-singh-b5872717a,Lead / Manager,General HR & People Operations
19595,Pragya Shruti ACIPD,Recruitment Consultant,,,https://www.linkedin.com/in/pragyashruti,Specialist / Executive,Talent Acquisition
19596,Priya Madaan,Human Resources Consultant,,,https://www.linkedin.com/in/priya-madaan-100994110,Specialist / Executive,Talent Acquisition
19597,Shweta Chilmikollad,HR Recruiter,10000 Coders,,https://www.linkedin.com/in/shweta-chilmikollad-470152229,Specialist / Executive,Talent Acquisition
19598,Abhilasha Kumari,Senior Talent Acquisition Specialist,300Plus Innovative Solutions,anu985993@gmail.com,https://www.linkedin.com/in/abhilasha-k-b56aa925b,Specialist / Executive,Talent Acquisition
19599,Anu Priya,Talent Acquisition Specialist,360 Technology,,https://www.linkedin.com/in/anu-priya-783b981a3,Specialist / Executive,Talent Acquisition
19600,Mariya Solanki,Human Resources Executive,3AgesRealty.com,,https://www.linkedin.com/in/mariya-solanki-230a40246,Specialist / Executive,General HR & People Operations
19601,Pallavi Reddy,Human Resources Executive,3Axial steel detailing and services pvt. ltd,,https://www.linkedin.com/in/pallavi-reddy-a7502123b,Specialist / Executive,General HR & People Operations
19602,Suvarna K N,Human Resources Team Lead,3K Technologies,,https://www.linkedin.com/in/suvarna-k-n-8a0a97157,Lead / Manager,General HR & People Operations
19603,Anusha Ramachandra,Human Resources Manager,3M,,https://www.linkedin.com/in/anusha-ramachandra-31022057,Lead / Manager,General HR & People Operations
19604,Deeksha Srivastava,Assistant Manager Human Resources,6thStreet.com,,https://www.linkedin.com/in/deeksha-srivastava-90671616b,Lead / Manager,General HR & People Operations
19605,Priyanka Satish,HR Admin Associate,7Dxperts,,https://www.linkedin.com/in/priyanka-satish-b88617304,Specialist / Executive,General HR & People Operations
19606,Sowmya V Rao,Regional HR business partner & Talent Acquisition,91springboard,,https://www.linkedin.com/in/sowmyahr666,Specialist / Executive,HR Business Partner
19607,Ahana Bhat,Human Resources Executive,99Games,,https://www.linkedin.com/in/ahana-bhat-60858415a,Specialist / Executive,General HR & People Operations
19608,Arjun Singhania,Regional Logistics Talent Lead,A.P. Moller - Maersk India,arjun.s@maersk.com,https://www.linkedin.com/search/results/people/?keywords=Arjun%20Singhania%20A.P.%20Moller%20-%20Maersk%20India,Lead / Manager,General HR & People Operations
19609,Sneha Roy,EXIM Trade Compliance Hiring Partner,A.P. Moller - Maersk India,sneha.roy@maersk.com,https://www.linkedin.com/search/results/people/?keywords=Sneha%20Roy%20A.P.%20Moller%20-%20Maersk%20India,Specialist / Executive,HR Operations & Payroll
19610,Vikramaditya Bose,Head of Ocean Freight & SCM Talent,A.P. Moller - Maersk India,vikram.bose@maersk.com,https://www.linkedin.com/search/results/people/?keywords=Vikramaditya%20Bose%20A.P.%20Moller%20-%20Maersk%20India,Lead / Manager,General HR & People Operations
19611,Sri Vineesha,Freelance Recruiter,A2G Consulting BV (A2G Technologies),,https://www.linkedin.com/in/sri-vineesha-hr,Specialist / Executive,Talent Acquisition
19612,Pallavi Singh,General  Manager- HR,A3T TECHNOLOGIES,,https://www.linkedin.com/in/pallavi-singh-6a2a503a,Lead / Manager,General HR & People Operations
19613,Shreya Gururaj,Head of Recruitment and Partnership,Aapka Sahara Foundation,,https://www.linkedin.com/in/shreyagururaj,Lead / Manager,General HR & People Operations
19614,Meghna Jaiswal,Assistant Manager-Talent Acquisition,AB InBev India,,https://www.linkedin.com/in/meghnajaiswal,Lead / Manager,Talent Acquisition
19615,Md Atif Jawed,Human Resources Analyst,Abacus Service Corporation,,https://www.linkedin.com/in/md-atif-jawed-20b01b248,Specialist / Executive,General HR & People Operations
19616,Madhura Manjunath,Senior Talent Acquisition Specialist,ABB,madhura.madhukm@gmail.com,https://www.linkedin.com/in/madhura-manjunath-04081996,Specialist / Executive,Talent Acquisition
19617,Kirthana Shree,Human Resource Recruiter,Abbott,,https://www.linkedin.com/in/kirthana-shree-99454413b,Specialist / Executive,Talent Acquisition
19618,Syed Arbiya,Talent Acquisition Specialist,ABF Group of Companies,,https://www.linkedin.com/in/syed-arbiya-3b290726b,Specialist / Executive,Talent Acquisition
19619,Niharika Vijay,Human Resources Intern,AcceleratorX,,https://www.linkedin.com/in/niharika-vijay-8060b03a9,Specialist / Executive,HR Intern / Trainee
19620,Akanksha Mudragiri,Non IT Sourcer,Accenture,,https://www.linkedin.com/in/akanksha-mudragiri,Specialist / Executive,Talent Acquisition
19621,Akshata Dharnatti,Human Resources Associate,Accenture,,https://www.linkedin.com/in/akshata-dharnatti-650a24217,Specialist / Executive,General HR & People Operations
19622,Anjali P,Human Resource Practitioner,Accenture,,https://www.linkedin.com/in/anjali-p-921a7921a,Specialist / Executive,General HR & People Operations
19623,Asha Y.C,Talent fulfilment specialist,Accenture,,https://www.linkedin.com/in/asha-y-c-a52755193,Specialist / Executive,General HR & People Operations
19624,Bharani S,HR service Delivery Associate,Accenture,,https://www.linkedin.com/in/bharani-s-384119263,Specialist / Executive,HR Operations & Payroll
19625,Binita Dhar,Human Resource Business Advisory,Accenture,,https://www.linkedin.com/in/binita-dhar-57a369211,Specialist / Executive,General HR & People Operations
19626,C Rameswari,Human Resources Executive,Accenture,,https://www.linkedin.com/in/c-rameswari-1389711b0,Specialist / Executive,General HR & People Operations
19627,Chandan Shetty,Human Resources Assistant,Accenture,,http://www.linkedin.com/in/cms28,Specialist / Executive,General HR & People Operations
19628,Fathima Kauser,HR Operations and Service Delivery Associate,Accenture,,https://www.linkedin.com/in/fathima-kauser-152462215,Specialist / Executive,HR Operations & Payroll
19629,Hari Chandana,Recruiting Analyst,Accenture,,https://www.linkedin.com/in/hari-chandana-0068ba1a3,Specialist / Executive,General HR & People Operations
19630,Himanshi Sahu,Senior Corporate Recruiter,Accenture,himanshi.b.sahu@accenture.com,https://www.linkedin.com/in/himanshi-sahu-b819a6184,Specialist / Executive,Talent Acquisition
19631,Keerthana Venkatesan,HR Operations,Accenture,keerthanavenkatesan1820@gmail.com,https://www.linkedin.com/in/keerthana-venkatesan-2765352a7,Specialist / Executive,HR Operations & Payroll
19632,Mageswari N,HR Reporting and Analytics Specialist,Accenture,,https://www.linkedin.com/in/mageswari-8445b817b,Specialist / Executive,General HR & People Operations
19633,Navya L,HR Service Delivery Associate Manager,Accenture,,https://www.linkedin.com/in/navya-l-a146a6112,Lead / Manager,HR Operations & Payroll
19634,Nisha Sree,HR,Accenture,,https://www.linkedin.com/in/nisha-sree-6b0700325,Specialist / Executive,General HR & People Operations
19635,Poojaa P,Senior Recruiter Talent Acquisition,Accenture,,https://www.linkedin.com/in/poojaa-p-0b5778243,Specialist / Executive,Talent Acquisition
19636,PUSHPALATHA SHETTY,Recruitment Senior Analyst,Accenture,,https://www.linkedin.com/in/pushpalatha-shetty-ab4b9a1a3,Specialist / Executive,General HR & People Operations
19637,Rashmi Kanta Kumari,HR Service Delivery Analyst,Accenture,,https://www.linkedin.com/in/rashmi-kanta-kumari-3577a51a4,Specialist / Executive,HR Operations & Payroll
19638,Ruhi Taslim M,Human Resources Specialist,Accenture,,https://www.linkedin.com/in/ruhi-taslim-m-494ba0167,Specialist / Executive,General HR & People Operations
19639,SAHHASRA S,HR Partner Analyst,Accenture,,https://www.linkedin.com/in/sahhasra-s,Specialist / Executive,General HR & People Operations
19640,Sai Keerthana K,Senior Recruiting Analyst,Accenture,,https://www.linkedin.com/in/sai-keerthana-k-a42472212,Specialist / Executive,General HR & People Operations
19641,Samiksha Sharma,Human Resources Associate,Accenture,samiksha.sharma2005@gmail.com,https://www.linkedin.com/in/samiksha-sharma1470,Specialist / Executive,General HR & People Operations
19642,Shivangi Tripathi,HR Associate,Accenture,,https://www.linkedin.com/in/shivangi-tripathi-102a59240,Specialist / Executive,General HR & People Operations
19643,Shruti Gupta,HR Practitioner,Accenture,,https://www.linkedin.com/in/shruti-gupta2424,Specialist / Executive,General HR & People Operations
19644,Sowmya C,Human Resources Associate,Accenture,,https://www.linkedin.com/in/sowmya-c-hr,Specialist / Executive,General HR & People Operations
19645,Sushma Rani M,Talent Acquisition Specialist,Accenture,,https://www.linkedin.com/in/sushma-rani-m-b5501616b,Specialist / Executive,Talent Acquisition
19646,Tejaswini C,HR Service Delivery Analyst,Accenture,,https://www.linkedin.com/in/tejaswini-c-0432851ba,Specialist / Executive,HR Operations & Payroll
19647,Vijetha Puthran,Human Resources Manager,Accenture,vijethaputhran1996@gmail.com,https://www.linkedin.com/in/vijetha-puthran-593035269,Lead / Manager,General HR & People Operations
19648,Atshaya Sree,Sourcing and Category Representative,Accenture in India,,https://www.linkedin.com/in/atshaya-sree-81662223b,Specialist / Executive,Talent Acquisition
19649,Darshana Mahesh,Human Resources Associate,Accenture in India,darshanamahesh1995@gmail.com,https://www.linkedin.com/in/darshana-mahesh-6906b6104,Specialist / Executive,General HR & People Operations
19650,Kavya Bopaiah,HR Service Delivery Analyst,Accenture in India,,https://www.linkedin.com/in/kavya-bopaiah-13a26b25b,Specialist / Executive,HR Operations & Payroll
19651,Zulfa Taskeen,Human Resources Associate - Background Verification,Accenture in India,,https://www.linkedin.com/in/zulfa-taskeen-91b55521b,Specialist / Executive,HR Operations & Payroll
19652,Prathiba E T,Recruitment Analyst,"Accenture Managed Services Provider International Ltd, Bangalore",,https://www.linkedin.com/in/prathiba-e-a50145209,Specialist / Executive,HR Intern / Trainee
19653,Ananya Rao,Senior Talent Acquisition Specialist,Accenture Solutions India,ananya.rao@accenture.com,https://www.linkedin.com/search/results/people/?keywords=Ananya%20Rao%20Accenture%20Solutions%20India,Specialist / Executive,Talent Acquisition
19654,Deepak Varma,VP Global Business Services Hiring,Accenture Solutions India,deepak.varma@accenture.com,https://www.linkedin.com/search/results/people/?keywords=Deepak%20Varma%20Accenture%20Solutions%20India,Specialist / Executive,Executive & Leadership
19655,Karthik Sundaram,Campus Relations & GCC Hiring Lead,Accenture Solutions India,karthik.s@accenture.com,https://www.linkedin.com/search/results/people/?keywords=Karthik%20Sundaram%20Accenture%20Solutions%20India,Lead / Manager,Campus & Early Career
19656,Priya Sharma,Head of University & Early Career Talent,Accenture Solutions India,priya.sharma@accenture.com,https://www.linkedin.com/search/results/people/?keywords=Priya%20Sharma%20Accenture%20Solutions%20India,Lead / Manager,Campus & Early Career
19657,Rohit Nair,Lead Technical & Operations Recruiter,Accenture Solutions India,rohit.nair@accenture.com,https://www.linkedin.com/search/results/people/?keywords=Rohit%20Nair%20Accenture%20Solutions%20India,Lead / Manager,HR Operations & Payroll
19658,Aayushi Shrivastava,Senior - People & Culture Specialist | Senior Human Resource Buisness Partner,Accolite,,https://www.linkedin.com/in/aayushi-shrivastava56a749aa,Specialist / Executive,General HR & People Operations
19659,Anjali Kumari jha,IT Technical Recruiter,Accolite,,https://www.linkedin.com/in/anjali-kumari-jha-821b68243,Specialist / Executive,Technical Recruiter
19660,Hudith Anjaneyulu Gari Ambika,Talent Acquisition Specialist,Accolite,,https://www.linkedin.com/in/hudith-anjaneyulu-gari-ambika-065559284,Specialist / Executive,Talent Acquisition
19661,Srushti Maruti Nayak,Human Resources Intern,Ace Designers Limited,,https://www.linkedin.com/in/srushti-m-nayak,Specialist / Executive,HR Intern / Trainee
19662,Soumya Patil,Senior Executive Human Resources,Acme Services,,https://www.linkedin.com/in/soumya-patil-91095a240,Specialist / Executive,General HR & People Operations
19663,Chetna C,Talent Acquisition Associate,Acmegrade,,https://www.linkedin.com/in/chetna-c-3606a422b,Specialist / Executive,Talent Acquisition
19664,Monika ShyamSundar,Senior Human Resources Manager,ACN Healthcare RCM Services Pvt Ltd,,https://www.linkedin.com/in/monika-shyamsundar-850a6557,Lead / Manager,General HR & People Operations
19665,Atufa Khan,Human Resources Manager,Acroboost Elocity Pvt. Ltd,,https://www.linkedin.com/in/atufa-khan,Lead / Manager,General HR & People Operations
19666,Shree Mayi,Recruiter,Actalent,,https://www.linkedin.com/in/shree-mayi-1ba927223,Specialist / Executive,Talent Acquisition
19667,Ahana Shabnam,Human Resources Trainee,Acuity Analytics,,https://www.linkedin.com/in/ahana-shabnam-0a9753220,Specialist / Executive,HR Intern / Trainee
19668,Pallavi Gowda,Recruiter,Acuity Analytics,,https://www.linkedin.com/in/pallavi-gowda-273159170,Specialist / Executive,Talent Acquisition
19669,Bishnupriya Behera,Human Resources Executive,Acuver Consulting,,https://www.linkedin.com/in/bishnupriya-behera-883349247,Specialist / Executive,General HR & People Operations
19670,Blessintha Suresh,"Senior HR Professional | Onboarding, HR Operations & People Experience",Adecco,,https://www.linkedin.com/in/blessintha-suresh,Specialist / Executive,HR Operations & Payroll
19671,Lakshmi Divya,Senior Recruitment Consultant,Adecco,,https://www.linkedin.com/in/lakshmi-divya-4a11ba2b8,Specialist / Executive,Talent Acquisition
19672,Hiral Ambani,Deputy Manager Human Resources,Adit,,https://www.linkedin.com/in/hiral-ambani,Lead / Manager,General HR & People Operations
19673,Veena R,Senior Technical Recruiter,Aditi Consulting,,https://www.linkedin.com/in/veena-r-b959a7203,Specialist / Executive,Technical Recruiter
19674,Anamika Roy,HR Lead-Operations and Payroll,Aditya Birla Fashion and Retail Ltd.,,https://www.linkedin.com/in/anamikaroy25,Lead / Manager,HR Operations & Payroll
19675,Neelam Prakash,Talent Acquisition Partner,Aditya Birla Fashion and Retail Ltd.,,https://www.linkedin.com/in/neelamma-ap,Specialist / Executive,Talent Acquisition
19676,Peggy Pravallika Maddela,Sr. Technical Recruiter(Human Resources),ADQ Services,,https://www.linkedin.com/in/peggy-pravallika-maddela-a55273102,Specialist / Executive,Technical Recruiter
19677,Kanishka Bhat,Human Resources Trainee,Advanced MedTech Solutions (AMS),,https://www.linkedin.com/in/kanishka-bhat-615563147,Specialist / Executive,HR Intern / Trainee
19678,Payal Kedia,Founder,Advent HR Solutions,,https://www.linkedin.com/in/payal-kedia-39739617,Specialist / Executive,General HR & People Operations
19679,Samruddhi Joshi,Talent Acquisition Trainee,Aequs Limited,,https://www.linkedin.com/in/samruddhijoshi23,Specialist / Executive,HR Intern / Trainee
19680,Deepika S,Recruiter,Aerotek,,https://www.linkedin.com/in/deepika-s-251627305,Specialist / Executive,Talent Acquisition
19681,Neha A,Talent Acquisition,Aether Consulting,,https://www.linkedin.com/in/neha-a-1739492b2,Specialist / Executive,Talent Acquisition
19682,Sonam Doloi,Assistant Manager - HRBP,AGS Health,,https://www.linkedin.com/in/sonam-doloi,Lead / Manager,HR Business Partner
19683,Upasana Bose,Human Resources Intern,AI Academy (Ed-Tech),,https://www.linkedin.com/in/upasana-bose-97b495289,Specialist / Executive,HR Intern / Trainee
19684,Manini Kamre,Senior Human Resources Manager,AIESEC,,https://www.linkedin.com/in/manini-kamre-3a9053227,Lead / Manager,General HR & People Operations
19685,Saloni Bhura,Talent,Aiesec - International Non - Profit - Organization,,https://www.linkedin.com/in/saloni-bhura-31615b313,Specialist / Executive,HR Intern / Trainee
19686,Sripriya Janarthanan,Senior Recruitment Executive,Aim Plus Staffing Solutions,,https://www.linkedin.com/in/sripriya-janarthanan-82b093144,Specialist / Executive,Talent Acquisition
19687,Anjusha Gireesh,Human Resources Executive,Aims Healthcare,,https://www.linkedin.com/in/anjusha-gireesh-040b70225,Specialist / Executive,General HR & People Operations
19688,Anindita Das,Human Resources Intern,Airbus,,https://www.linkedin.com/in/aninditadas1704,Specialist / Executive,HR Intern / Trainee
19689,Yukutha K S,Talent and Culture Specialist,Airtribe,,https://www.linkedin.com/in/yukutha-k-s-a8a6aa281,Specialist / Executive,General HR & People Operations
19690,Devanshi Tamrakar,Human Resources and Admin Intern,AITG | Bhogale Automotive Private limited (BAPL),,https://www.linkedin.com/in/devanshi-tamrakar,Specialist / Executive,HR Intern / Trainee
19691,Mythili Rajeev,Human Resources Intern,Ajinorah Institutions,,https://www.linkedin.com/in/mythili-rajeev-07619b231,Specialist / Executive,HR Intern / Trainee
19692,Sindhu Raj,Senior Executive Human Resources,Ajmal Real Estate,,https://www.linkedin.com/in/sindhu-raj-5491781b3,Specialist / Executive,General HR & People Operations
19693,Ranjitha Shanmugasundaram,HR and Admin Assistant,Al Dhafra Fire Equipment and Contracting LLC,,https://www.linkedin.com/in/ranjitha-shanmugasundaram-1a2558349,Specialist / Executive,General HR & People Operations
19694,Sarah Machado,Human Resources Intern,Al Faris Group,,https://www.linkedin.com/in/sarah-machado-286381327,Specialist / Executive,HR Intern / Trainee
19695,Hanna Jacob,Human Resources Intern,Al Hasawi Industrial Group,,https://www.linkedin.com/in/hanna-jacob,Specialist / Executive,HR Intern / Trainee
19696,Kajal Sheth,Sr. Consultant,Alchemist Marketing & Talent Solutions,,https://www.linkedin.com/in/kajal-sheth-964593231,Specialist / Executive,Talent Acquisition
19697,Kripa Makhani,Consultant,Alchemist Marketing & Talent Solutions,,https://www.linkedin.com/in/kripa-makhani-49a4332a3,Specialist / Executive,Talent Acquisition
19698,Deeksha Divakar,Human Resources Executive,Alchemy Techsol,,https://www.linkedin.com/in/deeksha-divakar-43b792268,Specialist / Executive,General HR & People Operations
19699,Harshitha Harish,Human Resources Executive,Alchemy Techsol,,https://www.linkedin.com/in/harshitha-harish-459a78296,Specialist / Executive,General HR & People Operations
19700,Nandana Madhu Chandrath,Team Lead -  HR Operations,Alchemy Techsol,,https://www.linkedin.com/in/nandana-madhu-chandrath-7a54971a4,Lead / Manager,HR Operations & Payroll
19701,Sparshitha K S,Human Resource Executive,Alchemy Techsol,,https://www.linkedin.com/in/sparshitha-k-s-9a64b3213,Specialist / Executive,General HR & People Operations
19702,YASMIN Mulla,Talent Acquisition Specialist,Alchemy Techsol,,https://www.linkedin.com/in/yasmin-mulla-ab76431b8,Specialist / Executive,Talent Acquisition
19703,Rashi Saxena,Human Resources Executive,ALIQAN Technologies,,https://www.linkedin.com/in/rashi-saxena-732946202,Specialist / Executive,General HR & People Operations
19704,Shazia Hussain,Human Resources Executive,ALIQAN Technologies,,https://www.linkedin.com/in/shazia-hussain-b37940252,Specialist / Executive,General HR & People Operations
19705,Geetika Soni,HR Manager,Allegis Global Solutions,,https://www.linkedin.com/in/gts11,Lead / Manager,General HR & People Operations
19706,Manasa S k,Talent Acquisition Partner,Allegis Global Solutions,,https://www.linkedin.com/in/manasa-s-k-032709240,Specialist / Executive,Talent Acquisition
19707,Ramya C R,Senior Talent Acquisition Specialist,Allegis Global Solutions,,https://www.linkedin.com/in/ramya-c-r-a37491156,Specialist / Executive,Talent Acquisition
19708,Sanjana Priya,US Recruiter - 1,Allegis Global Solutions,,https://www.linkedin.com/in/sanjana-priya,Specialist / Executive,Talent Acquisition
19709,Shruti Shil,Human Resources Specialist,Allegis Global Solutions,,https://www.linkedin.com/in/shruti-shil-,Specialist / Executive,General HR & People Operations
19710,Tiyasa Sarkar,Recruiter II,Allegis Global Solutions,,https://www.linkedin.com/in/tiyasa-sarkar-209614238,Specialist / Executive,Talent Acquisition
19711,Vaishnavi Asati,Recruiter,Allegis Global Solutions,,https://www.linkedin.com/in/vaishnavi-asati-679a742a0,Specialist / Executive,Talent Acquisition
19712,Meghana Dixit,Senior HR Recruiter,Allegis Group,,https://www.linkedin.com/in/meghana-dixit-09b5a8288,Specialist / Executive,Talent Acquisition
19713,Harshini C S,Recruiter,Allegis Group / UK Aerotek,,https://www.linkedin.com/in/harshini-c-s-3b4785322,Specialist / Executive,Talent Acquisition
19714,Hiral Rughani,Recruiter,Allstate India,,https://www.linkedin.com/in/hiral-rughani-42b37998,Specialist / Executive,Talent Acquisition
19715,Shancy Suresh,Human Resources Assistant,Alnakheelat building and house cleaning,,https://www.linkedin.com/in/shancy-suresh-6126b5200,Specialist / Executive,General HR & People Operations
19716,Deeksha C.R,Technical Recruiter,Alp Consulting Ltd.,,https://www.linkedin.com/in/deeksha-c-r-192111250,Specialist / Executive,Technical Recruiter
19717,Kritika .,HR,Alp Consulting Ltd.,,https://www.linkedin.com/in/kritika-91241221b,Specialist / Executive,General HR & People Operations
19718,Ashwini Reghunath,Assistant manager sales & recruitment,alsap Technologies FZE LLC,,https://www.linkedin.com/in/ashwini-reghunath-7041b975,Lead / Manager,General HR & People Operations
19719,Sneha Kalyankar,People Operations Analyst,Alstom,,https://www.linkedin.com/in/sneha-k-07b20217b,Specialist / Executive,HR Operations & Payroll
19720,Emy Oommen,HR Senior Manager - India & ANZ,Altair (Siemens Company),,https://www.linkedin.com/in/emy-oommen-05a8ab80,Lead / Manager,General HR & People Operations
19721,Aaliya Neyaz,Senior Human Resources Associate,Amazon,aaliyaneyaz.1@gmail.com,https://www.linkedin.com/in/aaliyaneyazhr,Specialist / Executive,General HR & People Operations
19722,Ayana Nair,Senior Human Resources Associate,Amazon,,https://www.linkedin.com/in/ayana-nair-518393227,Specialist / Executive,General HR & People Operations
19723,Hitheshwini Gowda,Technical Recruiter,Amazon,hithesrs@Amazon.com,https://www.linkedin.com/in/hitheshwini-gowda,Specialist / Executive,Technical Recruiter
19724,Rishika gowda,HR Associate II,Amazon,,https://www.linkedin.com/in/rishika-gowda-3ab451209,Specialist / Executive,General HR & People Operations
19725,Saloni Udani,Full Lifecycle Recruiter I,Amazon,,https://www.linkedin.com/in/saloni-udani,Specialist / Executive,Talent Acquisition
19726,Sangini Sahay,Sourcing Recruiter,Amazon,,https://www.linkedin.com/in/sangini-sahay-4779b424b,Specialist / Executive,Talent Acquisition
19727,Sreeja Govindankutty,Senior Human Resources Business Partner,Amazon,,https://www.linkedin.com/in/sreeja-govindankutty,Specialist / Executive,HR Business Partner
19728,Sriya Tarigoppula,"Senior Associate in EPR- HR, Risk and Compliance",Amazon,,https://www.linkedin.com/in/sriya-tarigoppula-790534282,Specialist / Executive,HR Operations & Payroll
19729,Suvarna Bhandary,HR Assistant ll,Amazon,suvarnasony28@gmail.com,https://www.linkedin.com/in/suvarna-bhandary-75a6a0258,Specialist / Executive,General HR & People Operations
19730,Varsha M,Recruitment Specialist,Amazon,,https://www.linkedin.com/in/varsha-m-a8b91721a,Specialist / Executive,General HR & People Operations
19731,Ananya Rao,Senior Talent Acquisition Specialist,Amazon India Development Center,ananya.rao@amazon.com,https://www.linkedin.com/search/results/people/?keywords=Ananya%20Rao%20Amazon%20India%20Development%20Center,Specialist / Executive,Talent Acquisition
19732,Deepak Varma,VP Global Business Services Hiring,Amazon India Development Center,deepak.varma@amazon.com,https://www.linkedin.com/search/results/people/?keywords=Deepak%20Varma%20Amazon%20India%20Development%20Center,Specialist / Executive,Executive & Leadership
19733,Karthik Sundaram,Campus Relations & GCC Hiring Lead,Amazon India Development Center,karthik.s@amazon.com,https://www.linkedin.com/search/results/people/?keywords=Karthik%20Sundaram%20Amazon%20India%20Development%20Center,Lead / Manager,Campus & Early Career
19734,Priya Sharma,Head of University & Early Career Talent,Amazon India Development Center,priya.sharma@amazon.com,https://www.linkedin.com/search/results/people/?keywords=Priya%20Sharma%20Amazon%20India%20Development%20Center,Lead / Manager,Campus & Early Career
19735,Rohit Nair,Lead Technical & Operations Recruiter,Amazon India Development Center,rohit.nair@amazon.com,https://www.linkedin.com/search/results/people/?keywords=Rohit%20Nair%20Amazon%20India%20Development%20Center,Lead / Manager,HR Operations & Payroll
19736,Shivangi Patel,Human Resources Recruiter,American Chase,shivangipatelv164@gmail.com,https://www.linkedin.com/in/shivangi-patel-487b12165,Specialist / Executive,Talent Acquisition
19737,Havya H,HR Operations Associate,Amgen,,https://www.linkedin.com/in/havya-h-296909160,Specialist / Executive,HR Operations & Payroll
19738,Poornima Likith,Assistant Manager -Talent Acquisition,AMK Group,,https://www.linkedin.com/in/poornima-likith-bb831060,Lead / Manager,Talent Acquisition
19739,Archi Singh,Human Resources Manager,Amm Brands,,https://www.linkedin.com/in/archi-hr,Lead / Manager,General HR & People Operations
19740,Priti Kumari,Senior Talent Acquisition Specialist,Ample,,https://www.linkedin.com/in/priti-k-67b9b2145,Specialist / Executive,Talent Acquisition
19741,Surbhi Bhardwaj,HR Manager,Amrera Great Solutions Pvt. Ltd.,,https://www.linkedin.com/in/surbhi-bhardwaj-313427154,Lead / Manager,General HR & People Operations
19742,Priya T G,Human Resources Manager,Amruthaya Central School,,https://www.linkedin.com/in/priya-t-g,Lead / Manager,General HR & People Operations
19743,Kritika Thakur,HR Operations Manager,ANAROCK Property Consultants Private Limited,,https://www.linkedin.com/in/kritika-thakur-8060a1b8,Lead / Manager,HR Operations & Payroll
19744,Divya Nashine,Recruiting Lead,Anatta,,https://www.linkedin.com/in/divya-nashine-092b6b10b,Lead / Manager,General HR & People Operations
19745,Renu Tejashwi Paidimarri,Human Resources Intern,andinolabs (Andino Global Tech Private Limited),,https://www.linkedin.com/in/renu-tejashwi-paidimarri,Specialist / Executive,HR Intern / Trainee
19746,Seema Sharma,Technical Recruiter,Andor Tech,,https://www.linkedin.com/in/seema-sharma-7a5049261,Specialist / Executive,Technical Recruiter
19747,Bhavani S,Talent Acquisition Specialist,ANSR,,https://www.linkedin.com/in/bhavani-s-52aab0185,Specialist / Executive,Talent Acquisition
19748,Megha A Nair,Human Resources Intern,ANSR,,https://www.linkedin.com/in/megha-a-nair-46612a278,Specialist / Executive,HR Intern / Trainee
19749,Pranathi Reddy Challa,Recruitment Specialist,ANSR,,https://www.linkedin.com/in/challapranathi,Specialist / Executive,General HR & People Operations
19750,Priyanka Chowdhury,Recruitment Specialist,ANSR,,https://www.linkedin.com/in/priyanka-chowdhury-63794223b,Specialist / Executive,General HR & People Operations
19751,Shruthi HB,Recruitment Specialist,ANSR,,https://www.linkedin.com/in/shruthi-hb-b7965910a,Specialist / Executive,General HR & People Operations
19752,Neha Hegde,Senior Recruitment Specialist,ANSR Global Corporation,,https://www.linkedin.com/in/neha-hegde-59799a217,Specialist / Executive,General HR & People Operations
19753,Moupia Saha,Human Resources Analyst,Antastic Technologies,,https://www.linkedin.com/in/moupia-saha-aa6974248,Specialist / Executive,General HR & People Operations
19754,Gayathri Jeevan,Human Resources Executive,Antino,,https://www.linkedin.com/in/gayathri-jeevan-26876226b,Specialist / Executive,General HR & People Operations
19755,Shweta Sharma,Founder,AONE HR SERVICES,,https://www.linkedin.com/in/shweta-sharma-6558522a0,Specialist / Executive,General HR & People Operations
19756,Tapaswi R,Senior Talent Acquisition Specialist,Apar Technologies,,https://www.linkedin.com/in/tapaswi-r-614530151,Specialist / Executive,Talent Acquisition
19757,AARPANA SAGGAR,Director,APEX HR SOLUTIONS,,https://www.linkedin.com/in/aarpana-saggar-484b9b1b5,Lead / Manager,Executive & Leadership
19758,Simmy Gupta,HR Generalist,Apptad,,https://www.linkedin.com/in/simmy-gupta-41a371210,Specialist / Executive,General HR & People Operations
19759,Vinaya Kumbhar,Senior Human Resources Specialist,Apptware,,https://www.linkedin.com/in/vinaya-kumbhar-2b7299170,Specialist / Executive,General HR & People Operations
19760,Keerthana Chandrasekar,Human Resources Administrator,APR Groups- TNI,,https://www.linkedin.com/in/keerthana-chandrasekar-,Specialist / Executive,General HR & People Operations
19761,Sony Pathak,Senior Talent Acquisition Specialist,Aptita Consulting Partners,,https://www.linkedin.com/in/sonypathak,Specialist / Executive,Talent Acquisition
19762,Sunitha M,Senior HR Ops - Workday Analyst,Aptiv,,https://www.linkedin.com/in/sunitha-mahalingappa,Specialist / Executive,HR Operations & Payroll
19763,Preethi U,Lead HR Business Partner,Aquera,,https://www.linkedin.com/in/preethi19,Lead / Manager,HR Business Partner
19764,Salini Vellore Pandiyan,Talent Acquisition Lead,Arcana,,https://www.linkedin.com/in/salini-vellore-pandiyan-0419a7a4,Lead / Manager,Talent Acquisition
19765,Shreya Vachane,Talent Acquisition Specialist,Arcana,,https://www.linkedin.com/in/shreya-vachane-7b163319b,Specialist / Executive,Talent Acquisition
19766,Mariyam K,Human Resources Intern,Arcteus Media,,https://www.linkedin.com/in/mariyam-k-4469b227a,Specialist / Executive,HR Intern / Trainee
19767,Liya Joy,HR Manager,ArivuPro,,https://www.linkedin.com/in/hrliya,Lead / Manager,General HR & People Operations
19768,Siddhi kushwah,Human Resources Consultant,Armedu,,https://www.linkedin.com/in/siddhi-kushwah-4a77a62b4,Specialist / Executive,Talent Acquisition
19769,Sharmeen Khan,Associate Consultant- Talent Acquisition,Arnold Consulting Private Limited,,https://www.linkedin.com/in/sharmeen-khan-09314017b,Specialist / Executive,Talent Acquisition
19770,PRIYA RAJ,Workday Consultant,Arrive,,https://www.linkedin.com/in/priya-raj-794534188,Specialist / Executive,HR Operations & Payroll
19771,Premjith Parameswaran,Human Resources Executive,Arthtattva,,https://www.linkedin.com/in/premjith-parameswaran-35560419b,Specialist / Executive,General HR & People Operations
19772,Pooja Patil,Human Resources Associate,Arto Precast Concrete,,https://www.linkedin.com/in/pooja-patil-patil,Specialist / Executive,General HR & People Operations
19773,Neha Jaiswal,"AVP - Human Resources, Revenue Function (HR Head)",Arvind Fashions Limited,,https://www.linkedin.com/in/nehajais,Lead / Manager,Executive & Leadership
19774,Nikshitha M K,Human Resources Executive,Arvind Limited,,https://www.linkedin.com/in/nikshitha-m-k-285780301,Specialist / Executive,General HR & People Operations
19775,Deepa S,Human Resources Manager,AS-IT-IS Nutrition,,https://www.linkedin.com/in/deepa-s-49511b288,Lead / Manager,General HR & People Operations
19776,Daniya Sayyed,Talent Acquisition Specialist,ASAJ Solutions,,https://www.linkedin.com/in/daniya-sayyed-47140a327,Specialist / Executive,Talent Acquisition
19777,Merwyn .,Senior Executive Human Resources,ASHNI | Formerly Lumi | Lighting Design Studio | Sustainable Lighting Solutions,,https://www.linkedin.com/in/merwyn25fernandes,Specialist / Executive,General HR & People Operations
19778,Shruti Singhal,HR recruiter,ASHTECH INDUSTRIES PRIVATE LIMITED,,https://www.linkedin.com/in/shruti-singhal-9595b1303,Specialist / Executive,Talent Acquisition
19779,Julie Natal,Human Resources Executive,Aspire Tech-IT solution,,https://www.linkedin.com/in/julie-natal,Specialist / Executive,General HR & People Operations
19780,Kaivalya ic,Human Resources Specialist,Assets grow,,https://www.linkedin.com/in/kaivalya-ic-616012234,Specialist / Executive,General HR & People Operations
19781,Monika Pandey,Senior Human Resources Manager,Assettrust Services Pvt Ltd,,https://www.linkedin.com/in/monika-pandey-914464189,Lead / Manager,General HR & People Operations
19782,Anushree Bhat,Senior Human Resource Executive,Astal Structures Pvt Ltd,,https://www.linkedin.com/in/anushree-bhat-93b73a274,Specialist / Executive,General HR & People Operations
19783,Shahnela Zeb,Senior Executive Human Resources,Aster DM Healthcare,,https://www.linkedin.com/in/shahnela-zeb-6914881b3,Specialist / Executive,General HR & People Operations
19784,Zainab Khan,Human Resources,Aster Health Academy,,https://www.linkedin.com/in/zainab-khan-164a4a289,Specialist / Executive,General HR & People Operations
19785,Dinky Agarwal,Senior Human Resources Coordinator,AsteroidX,,https://www.linkedin.com/in/dinky-agarwal-1724661a7,Specialist / Executive,General HR & People Operations
19786,Priya Singh,HR Manager,Astral Limited,,https://www.linkedin.com/in/priya-singh-8219a6b,Lead / Manager,General HR & People Operations
19787,Arpita Patra,HR Recruitment Advisor,AstraZeneca,,https://www.linkedin.com/in/arpita-patra-996a7b209,Specialist / Executive,General HR & People Operations
19788,Aashna Bareja,Human Resources Analyst,Athena Executive Search & Consulting (AESC),,https://www.linkedin.com/in/aashna-bareja-a485a1284,Specialist / Executive,Talent Acquisition
19789,Bindu Idiculla,Lead - Talent Acquisition - Growth Markets & Ireland,AtkinsRéalis,,https://www.linkedin.com/in/bindu-idiculla,Lead / Manager,Talent Acquisition
19790,Divya Manjunatha,Talent Acquisition Executive,AtkinsRéalis,,https://www.linkedin.com/in/divya-manjunatha,Specialist / Executive,Talent Acquisition
19791,Preet Shikha,Senior Human Resources Advisor,AtkinsRéalis,,https://www.linkedin.com/in/preetshikha23,Specialist / Executive,General HR & People Operations
19792,Usha D,Senior Analyst - Talent Acquisition Operations,AtkinsRéalis,,https://www.linkedin.com/in/usha-d-592a28219,Specialist / Executive,HR Operations & Payroll
19793,Vyshnavi R,HR Operations Executive,AtkinsRéalis,,https://www.linkedin.com/in/vyshnavi-r0712,Specialist / Executive,HR Operations & Payroll
19794,Syeda Meena Naghma,Human Resources Lead,Atlas Chiropractic & Wellness,,https://www.linkedin.com/in/syeda-meena-naghma-515ab8159,Lead / Manager,General HR & People Operations
19795,Parul Malik,TALENT SOURCER,Atlassian,,https://www.linkedin.com/in/parul-malik-912179132,Specialist / Executive,Talent Acquisition
19796,Ankita Paul,Human Resources Intern,aTom Trains,,https://www.linkedin.com/in/ankita-paul-552300257,Specialist / Executive,HR Intern / Trainee
19797,Ashwini babu,Human Resources Generalist,Autoliv,,https://www.linkedin.com/in/ashwini-babu-54502a217,Specialist / Executive,General HR & People Operations
19798,Riya Dubey,Human Resources Administrative Specialist,Automotive,,https://www.linkedin.com/in/riya-dubey-427895238,Specialist / Executive,General HR & People Operations
19799,Drishti Bhadra,Manager - HR operations,AutoVRse,,https://www.linkedin.com/in/drishti-bhadra-hr,Lead / Manager,HR Operations & Payroll
19800,Soniya Subramani,Senior Associate Talent Acquisition,Avantor,,https://www.linkedin.com/in/soniya-subramani-8700432a,Specialist / Executive,Talent Acquisition
19801,Ishwarya Tandi,Technical Recruiter,Avekshaa Technologies,,https://www.linkedin.com/in/ishwarya-tandi-180a241b9,Specialist / Executive,Technical Recruiter
19802,Anjana S,Human Resources Specialist,AvgoVa solutions,,https://www.linkedin.com/in/anjana-s-45a832228,Specialist / Executive,General HR & People Operations
19803,Nischitha Heggade,Human Resources Operations Coordinator,Aviatrix,,https://www.linkedin.com/in/nischitha-heggade-618111166,Specialist / Executive,HR Operations & Payroll
19804,Thanu S Gowda,HR Recruiter,Avillion Farms,,https://www.linkedin.com/in/thanu-s-gowda-2b4137217,Specialist / Executive,Talent Acquisition
19805,Harshitha M,Junior HR Executive,Avils Infra Private Limited,,https://www.linkedin.com/in/harshitha-m-b4030a215,Specialist / Executive,General HR & People Operations
19806,Tanya Verma,Assistant Manager- HR Operations,Avo Automation,,https://www.linkedin.com/in/tanya-verma-hr,Lead / Manager,HR Operations & Payroll
19807,Ashley Elsa Varghese,Human Resources Executive,Avodha,,https://www.linkedin.com/in/ashley-elsa-varghese-b41772260,Specialist / Executive,General HR & People Operations
19808,Harshala Wadhwani,Human Resources Lead,Avyaan Management Pvt. Ltd.,wadhwaniharshla@gmail.com,https://www.linkedin.com/in/harshala-wadhwani-338b20215,Lead / Manager,General HR & People Operations
19809,Priya Balakrishnan,Co-Founder & Director - Human Resources,Axalin Staffing Solutions,,https://www.linkedin.com/in/shantha-priya-balakrishnan,Lead / Manager,Executive & Leadership
19810,Priti P,Senior Recruiter,Axiamatic,,https://www.linkedin.com/in/priti-p-788907101,Specialist / Executive,Talent Acquisition
19811,priyanka Ramachandran,HR EXECUTIVE,Axxon HR Solutions,,https://www.linkedin.com/in/priyanka-ramachandran-831793117,Specialist / Executive,General HR & People Operations
19812,Usha Rani,Human Resources Executive Recruitment,Ayuda Solutions Pvt. Ltd.,,https://www.linkedin.com/in/usha-rani-5a9716253,Specialist / Executive,General HR & People Operations
19813,Kanchan Chavan,Human Resources Generalist,Bajaj Finserv,,https://www.linkedin.com/in/kanchan-chavan-1a53881b0,Specialist / Executive,General HR & People Operations
19814,Hemlata baghel,HR Manager,Balaji technologies,,https://www.linkedin.com/in/hemlata-baghel-30b1a3123,Lead / Manager,General HR & People Operations
19815,Ayesha Syed,"Managing end-to-end HR with agile, people-first, data-driven frameworks for business growth",Bambrew,,https://www.linkedin.com/in/ayesha-syed-4935281b8,Specialist / Executive,General HR & People Operations
19816,Kavitha Shetty,Human Resources Manager,Bangalore International Academy,,https://www.linkedin.com/in/kavitha-shetty-108964171,Lead / Manager,HR Intern / Trainee
19817,Priyanka Chaturvedi,Human Resources Manager,Bank of Maharashtra,,https://www.linkedin.com/in/priyanka-chaturvedi-a286ba66,Lead / Manager,General HR & People Operations
19818,Divya Shakthi,Hr recruiter,Bask HR Consulting Private Limited,,https://www.linkedin.com/in/divya-shakthi-7aa740235,Specialist / Executive,Talent Acquisition
19819,Aanchal Singh,Human Resource Business Partner,Baxter International Inc.,,https://www.linkedin.com/in/singh-aanchal,Specialist / Executive,HR Business Partner
19820,Hanna Jogy,Human Resources Associate,BCE Global Tech,,https://www.linkedin.com/in/hanna-jogy-729478256,Specialist / Executive,General HR & People Operations
19821,SIRIGOWRI J P,Executive HR Business Partner,BCT Consulting,,https://www.linkedin.com/in/sirigowri-j-p-41911a215,Specialist / Executive,HR Business Partner
19822,Monika M,Executive recruitment,BCT Consulting Private Limited,,https://www.linkedin.com/in/monika-m-1042192ab,Specialist / Executive,General HR & People Operations
19823,Navami M Nair,Human Resources Intern,BDO India,,https://www.linkedin.com/in/navami-m-nair-b67859229,Specialist / Executive,HR Intern / Trainee
19824,Snigdha Khurana,Consultant,Bean HR Consulting,,https://www.linkedin.com/in/snigdha-khurana-73831723a,Specialist / Executive,Talent Acquisition
19825,Vaishnavi Ravindran,Human Resources Executive,Belenus Champion Hospital,,https://www.linkedin.com/in/vaishnavi-ravindran-168107221,Specialist / Executive,General HR & People Operations
19826,Shruti Gavthankar,HR and Finance Intern,BEMCOHYDRAULICS,,https://www.linkedin.com/in/shruti-gavthankar-5b1347352,Specialist / Executive,HR Intern / Trainee
19827,Lawanyya Kesarkar,HR Manager,Benchmark Gensuite®,,https://www.linkedin.com/in/lawanyya-kesarkar369,Lead / Manager,General HR & People Operations
19828,Priyanka H Vasudeva,Talent Acquisition Specialist,BETSOL,,https://www.linkedin.com/in/priyanka-h-vasudeva,Specialist / Executive,Talent Acquisition
19829,Megha S Lal,Talent Acquisition Executive,Betterbeans Consultants Pvt Ltd,,https://www.linkedin.com/in/megha-s-lal-35728b231,Specialist / Executive,Talent Acquisition
19830,Bébhinn Whelan,Head of Human Resources,BFree Foods,,https://www.linkedin.com/in/bebhinnw,Lead / Manager,General HR & People Operations
19831,Bhabna Biswal,Talent Acquisition,Bhanzu,,https://www.linkedin.com/in/bhabna-biswal-2256a0377,Specialist / Executive,Talent Acquisition
19832,Rose Lawrence,Talent Acquisition Intern,Bhanzu,,https://www.linkedin.com/in/rose-lawrence-7880b8305,Specialist / Executive,HR Intern / Trainee
19833,Saubhagya Mahajan,HR and Industrial relations intern,Bharat Heavy Electricals Limited,,https://www.linkedin.com/in/saubhagya-mahajan-a975a82a1,Specialist / Executive,HR Intern / Trainee
19834,Asmita Sawant,Human Resource Development,Bharat Petroleum Corporation Limited,,https://www.linkedin.com/in/asmita-sawant-6585b91a4,Specialist / Executive,General HR & People Operations
19835,Sneha Gupta,Human Resources Intern,Bharti AXA Life Insurance,,https://www.linkedin.com/in/sneha-gupta-603537373,Specialist / Executive,HR Intern / Trainee
19836,Shradha Bemalkhedkar,Human Resources Executive,Bhavani Industries,,https://www.linkedin.com/in/shradha-bemalkhedkar-45223b187,Specialist / Executive,General HR & People Operations
19837,Vaishnavi Sharma,Human Resources Intern,BHILOSA INDUSTRIES PRIVATE LIMITED,,https://www.linkedin.com/in/vaishnavi-sharma-3b268b336,Specialist / Executive,HR Intern / Trainee
19838,Muskan Kumari,Human Resources Executive,BIBA Fashion Ltd,,https://www.linkedin.com/in/muskannkumari,Specialist / Executive,General HR & People Operations
19839,Suhani Sorake,Talent Acquisition Specialist,Bigbee Experience Management Pvt Ltd,,https://www.linkedin.com/in/suhani-sorake-0a03b9184,Specialist / Executive,Talent Acquisition
19840,Bhumika Khandelwal,Human Resources Executive,BigInIT,,https://www.linkedin.com/in/bhumika-khandelwal-3b5953227,Specialist / Executive,General HR & People Operations
19841,Harshiita Pawar,Human Resources Manager,Bigmouth,,https://www.linkedin.com/in/harshiita-pawar,Lead / Manager,General HR & People Operations
19842,Anjali Kanaujia,Human Resources Specialist,Bitrix Innovations Private Limited,,https://www.linkedin.com/in/anjali-kanaujia-ta,Specialist / Executive,General HR & People Operations
19843,ANGEL GEORGE,Human Resources Generalist,Bizinventive,,https://www.linkedin.com/in/angelgeorge01,Specialist / Executive,General HR & People Operations
19844,Divya M,HR Recruiter,BIZTECHNOSYS,,https://www.linkedin.com/in/divya-m-1458a525a,Specialist / Executive,Talent Acquisition
19845,Shayna Cedric,Client Servicing Executive,Black Hat Talent Solutions & Consulting,,https://www.linkedin.com/in/shaynaced,Specialist / Executive,General HR & People Operations
19846,Geetanjali Sharma,Human Resources Executive,Blacklisted,,https://www.linkedin.com/in/geetanjali-sharma-4b5b77234,Specialist / Executive,General HR & People Operations
19847,Manisha Sharma,Human Resources Associate,Blitz,,https://www.linkedin.com/in/manisha-sharma-867976238,Specialist / Executive,General HR & People Operations
19848,Janani Srinivasa,Talent Acquisition Coordinator,Bloom Energy,,https://www.linkedin.com/in/janani-srinivasa-184989220,Specialist / Executive,Talent Acquisition
19849,Anchal Maria Thomas,Human Resources Executive,BlueTree,,https://www.linkedin.com/in/anchal-maria-thomas-6b3a0019a,Specialist / Executive,General HR & People Operations
19850,Tejasree N,Sourcing Specialist,Boeing,,https://www.linkedin.com/in/tejasree-n-4ba071206,Specialist / Executive,Talent Acquisition
19851,Nischita M Honakeri,Human Resources Business Partner,Bonito Designs,,https://www.linkedin.com/in/nischita-m-honakeri-11a286194,Specialist / Executive,HR Business Partner
19852,Saloni Mourya,Human Resources Generalist,BookLeaf Publishing,,https://www.linkedin.com/in/saloni-mourya-b64b70288,Specialist / Executive,General HR & People Operations
19853,Nandini M,HR,BootMinds,,https://www.linkedin.com/in/nandini-m-6917772b5,Specialist / Executive,General HR & People Operations
19854,Pavani P,Talent Acquisition Recruiter,BootMinds,,https://www.linkedin.com/in/pavani-p27111702,Specialist / Executive,Talent Acquisition
19855,Pooja Nagesh,Human resource executive,Bosch,,https://www.linkedin.com/in/pooja-nagesh-3b0393266,Specialist / Executive,General HR & People Operations
19856,Aquila Irene,Human Resource Bussiness partner,Bosch Global Software Technologies,,https://www.linkedin.com/in/aquila-irene-183155190,Specialist / Executive,General HR & People Operations
19857,Puja Kashyap,Human Resource,Bosch Global Software Technologies,,https://www.linkedin.com/in/puja-kashyap-b7911465,Specialist / Executive,General HR & People Operations
19858,Srinithi Dhishika,Management Trainee Human Resources,Bosch India,,https://www.linkedin.com/in/srinithi-dhishika-07b2a7241,Specialist / Executive,HR Intern / Trainee
19859,Ritika Sahoo,Global HR Shared Services Graduate Trainee,Boston Consulting Group (BCG),,https://www.linkedin.com/in/ritika-sahoo-bb9128288,Specialist / Executive,HR Operations & Payroll
19860,Salena Varghese,Talent Acquisition Trainee,Boston Consulting Group (BCG),,https://www.linkedin.com/in/salena-varghese,Specialist / Executive,HR Intern / Trainee
19861,Siddhi Gholve,Human Resource Trainee,Boston Consulting Group (BCG),,https://www.linkedin.com/in/siddhi-gholve,Specialist / Executive,HR Intern / Trainee
19862,Vaishnavi Savaram,Global HR Data Governance Trainee,Boston Consulting Group (BCG),,https://www.linkedin.com/in/vaishnavi-savaram-4491b6285,Specialist / Executive,HR Intern / Trainee
19863,Sowmya Abraham,Human Resources Executive,"Boston Institute of Analytics - Manyata Tech Park, Bengaluru Campus",,https://www.linkedin.com/in/sowmya-abraham-337876353,Specialist / Executive,Campus & Early Career
19864,Samar Banu,Human Resources Manager,Boston Technology Corporation,,https://www.linkedin.com/in/samar-banu,Lead / Manager,General HR & People Operations
19865,Rashmi Jalan,Associate Director - Talent Acquisition,Bounteous,,https://www.linkedin.com/in/rashmi-jalan-03979772,Lead / Manager,Executive & Leadership
19866,Pranita Amonkar,PMO manager and Business advisor (Chief of staff) to SVP HR Global operations and advisory,bp,,https://www.linkedin.com/in/pranita-amonkar,Lead / Manager,Executive & Leadership
19867,"Lindsay Ziegler, PHR, SHRMCP",Senior Human Resources Consultant,BPM LLP,,https://www.linkedin.com/in/lindsay-ziegler-phr-shrmcp-00192013,Specialist / Executive,Talent Acquisition
19868,Tina Sitlani,Human Resources Intern,BR Goyal Infrastructure Limited,,https://www.linkedin.com/in/tina-sitlani,Specialist / Executive,HR Intern / Trainee
19869,Kuheli Sarkar,Recruiter,Brady Corporation,,https://www.linkedin.com/in/kuheli-sarkar-201310215,Specialist / Executive,Talent Acquisition
19870,Ayushi Priya,Talent Acquisition Lead,Brainbox Consulting | Digital,,https://www.linkedin.com/in/ayushi-priya-891720165,Lead / Manager,Talent Acquisition
19871,Lakshmi E S,Human Resources Intern,Brainlicious,,https://www.linkedin.com/in/lakshmies16,Specialist / Executive,HR Intern / Trainee
19872,Keerti M,HR Recruiter,Brickwork India,,https://www.linkedin.com/in/keerti-kamate,Specialist / Executive,Talent Acquisition
19873,Sonal Sharma,Talent Acquisition intern,BrightCHAMPS,,https://www.linkedin.com/in/sonal-sharma-2730s,Specialist / Executive,HR Intern / Trainee
19874,Nayak Ashmitha Suresh,Recruiter,BRIGHTPATH TECHNOLOGY & SERVICES PRIVATE LIMITED,,https://www.linkedin.com/in/nayak-ashmitha-suresh-3909a421a,Specialist / Executive,Talent Acquisition
19875,chandrakantha S,Assistant Manager Human Resources,Brik Oven,,https://www.linkedin.com/in/chandrakantha-s-hr2809,Lead / Manager,General HR & People Operations
19876,Muskan Mohata,Human Resources Intern,Brik Oven,,https://www.linkedin.com/in/muskan-mohata-99169231a,Specialist / Executive,HR Intern / Trainee
19877,Jyothika Punujur,Sourcer,Brillio,,https://www.linkedin.com/in/jyothika-punujur-64801b294,Specialist / Executive,Talent Acquisition
19878,Madhushree Chowdhury,Technical Recruiter,Brillio,,https://www.linkedin.com/in/madhushree-chowdhury-360335230,Specialist / Executive,Technical Recruiter
19879,Maria Sushil,Human Resources Officer,Britannia Industries Limited,,https://www.linkedin.com/in/maria-s-3a0a38113,Specialist / Executive,General HR & People Operations
19880,Nishita Jain,Human Resources Operations Specialist,Britts Imperial UC,,https://www.linkedin.com/in/nishitajain303,Specialist / Executive,HR Operations & Payroll
19881,Bincy Babu,Senior Sourcing Specialist,BSS Recruit,,https://www.linkedin.com/in/bincy-babu-bb8245307,Specialist / Executive,Talent Acquisition
19882,Bratati Mohanty,Key Account Manager,BSS Recruit,,https://www.linkedin.com/in/bratati-mohanty-45715b1bb,Lead / Manager,General HR & People Operations
19883,Deepa .K,RPO - Key Accounts Manager,BSS Recruit,,https://www.linkedin.com/in/deepa-k1999,Lead / Manager,General HR & People Operations
19884,Samyuktha Murali,Delivery Lead,BSS Recruit,,https://www.linkedin.com/in/samyukthamurali,Lead / Manager,General HR & People Operations
19885,Varshini Murugesan,IT Recruiter,BSS Recruit,,https://www.linkedin.com/in/varshini-murugesan-186409280,Specialist / Executive,Technical Recruiter
19886,Ashwini K,Human Resource Supervisor,Burhan Technology Co. Official,,https://www.linkedin.com/in/ashwini-k-b04922208,Specialist / Executive,General HR & People Operations
19887,Divyashree P,Talent Acquisition Partner,CAE,,https://www.linkedin.com/in/divyashree-p-162573128,Specialist / Executive,Talent Acquisition
19888,Sai Srinidhi P.v,Human Resources Executive,Cafe Coffee Day,,https://www.linkedin.com/in/sai-srinidhi-p-v-273642269,Specialist / Executive,General HR & People Operations
19889,Priyanka Sharma,Human Resources Consultant,California Technology Solutions,,https://www.linkedin.com/in/priyanka-sharma-9605ba1a7,Specialist / Executive,Talent Acquisition
19890,Raashi Upadhyay,Human Resources Specialist,Cambre Ateliers,,https://www.linkedin.com/in/raashi-upadhyay-82a165147,Specialist / Executive,General HR & People Operations
19891,Nagalakshmi Salanki,Human Resources Lead,Canarys,,https://www.linkedin.com/in/nagalakshmi-salanki-877668177,Lead / Manager,General HR & People Operations
19892,Shanthala Hegde,Senior HR Specialist (HRBP),Candescent,,https://www.linkedin.com/in/shanthala-hegde-447a05b2,Specialist / Executive,HR Business Partner
19893,Asha Shah,HR Executive,Capace Software Private Limited,,https://www.linkedin.com/in/asha-s-208027243,Specialist / Executive,General HR & People Operations
19894,Prerna verma,Human Resources Business Partner,Capco,,https://www.linkedin.com/in/prerna-verma-096785221,Specialist / Executive,HR Business Partner
19895,Asha K,Human Resources Consultant,Capgemini,ashak.hanu786@gmail.com,https://www.linkedin.com/in/asha-k1,Specialist / Executive,Talent Acquisition
19896,Dipshree Apte,Senior Consultant - HRBP,Capgemini,,https://www.linkedin.com/in/dipshree-apte-78178159,Specialist / Executive,HR Business Partner
19897,Jayasree Prakash,Senior Executive Human Resources,Capgemini,jayasreeprakash001@gmail.com,https://www.linkedin.com/in/jayasree-prakash-9b3b1321b,Specialist / Executive,General HR & People Operations
19898,Jyotirmayee Mahanta,Talent Acquisition Specialist,Capgemini,,https://www.linkedin.com/in/jyotirmayee-mahanta-0998131b9,Specialist / Executive,Talent Acquisition
19899,Nikita Singh,Human Resources Consultant,Capgemini,,https://www.linkedin.com/in/nikita-singh-84256414b,Specialist / Executive,Talent Acquisition
19900,Richa Bharti,Technical Recruiter,Capgemini,richa21bharti@gmail.com,https://www.linkedin.com/in/richa21bharti,Specialist / Executive,Technical Recruiter
19901,Sahana J,Human Resources Generalist,Capgemini,,https://www.linkedin.com/in/sahana-j-892bba22a,Specialist / Executive,General HR & People Operations
19902,Shambhavi K M,Recruitment Coordinator,Capital One,,https://www.linkedin.com/in/shambhavi-k-m-162700361,Specialist / Executive,General HR & People Operations
19903,Priya V,Senior Executive Human Resources,CARE4SIGN SAFETEC LIMITED ( Certifying Authority),,https://www.linkedin.com/in/priya-v-48bb39234,Specialist / Executive,General HR & People Operations
19904,Teena Parashar,Senior Talent Acquisition Specialist,Career Ladder Consulting Services,teenaparashar05@gmail.com,https://www.linkedin.com/in/teena-parashar-197318167,Specialist / Executive,Talent Acquisition
19905,Zunnain Fathima,Talent Acquisition Consultant,Careernet,,https://www.linkedin.com/in/zunnain-fathima,Specialist / Executive,Talent Acquisition
19906,Prajwal Mr,Senior Talent Acquisition Specialist,Catalyst Brands India,,https://www.linkedin.com/in/prajwalmr2123,Specialist / Executive,Talent Acquisition
19907,Apoorva Nagaraj,Senior Executive - People & Culture,Cautio,,https://www.linkedin.com/in/apoorva-nagaraj-29870512b,Specialist / Executive,General HR & People Operations
19908,Sneha Shukla,Human Resources Intern,Cava Athleisure,,https://www.linkedin.com/in/snehadshukla1407,Specialist / Executive,HR Intern / Trainee
19909,Shreya Sahu,Federal IT Staffing Specialist,CCS Global Tech,,https://www.linkedin.com/in/sahu-shreya,Specialist / Executive,Talent Acquisition
19910,shristi shakshi,Intern Human Resources Department,Central Coalfields Limited,,https://www.linkedin.com/in/shristi-shakshi-7ba854160,Specialist / Executive,HR Intern / Trainee
19911,Simmy Kumari,Human Resources Intern,Central Coalfields Limited,,https://www.linkedin.com/in/simmy-k-48861834b,Specialist / Executive,HR Intern / Trainee
19912,Ganavi D S,Officer HR,Centum Electronics Ltd.,,https://www.linkedin.com/in/ganavi-d-s-a69073239,Specialist / Executive,General HR & People Operations
19913,Kavita Mg,Talent Acquisition Specialist,CGB SOLUTIONS,,https://www.linkedin.com/in/kavita-mg-841057218,Specialist / Executive,Talent Acquisition
19914,Vanishree Jakati,Non IT Recruiter,CGB SOLUTIONS,,https://www.linkedin.com/in/vanishree-jakati-13bb7a2a7,Specialist / Executive,Technical Recruiter
19915,Alaka Sudheesh,Talent Acquisition Specialist,CGI,,https://www.linkedin.com/in/alaka-sudheesh-928ab11ab,Specialist / Executive,Talent Acquisition
19916,Madhumitha Vinay,Recruiter,CGI,,https://www.linkedin.com/in/madhumitha-vinay-263431192,Specialist / Executive,Talent Acquisition
19917,Sangamesh M,Recruitment Consultant,CGI,,https://www.linkedin.com/in/sangamesh-m-88b97218b,Specialist / Executive,Talent Acquisition
19918,Priyanka Hazare,Senior Talent Acquisition Specialist,Champions Group,,https://www.linkedin.com/in/priyanka-hazare,Specialist / Executive,Talent Acquisition
19919,Sazia Begum,Human Resource,ChampSoft,,https://www.linkedin.com/in/sazia-begum-995446166,Specialist / Executive,General HR & People Operations
19920,Keerthana .M,Human Resources Intern,Choice Furntech,,https://www.linkedin.com/in/keerthana-m-5b9310303,Specialist / Executive,HR Intern / Trainee
19921,Soni Yadav,Human Resources Executive,Cholamandalam Investment and Finance Company Limited,soniyadav93044@gmail.com,https://www.linkedin.com/in/soni-yadav-b23488218,Specialist / Executive,General HR & People Operations
19922,Bhagya Sharan,Human Resources Executive,Chubb,,https://www.linkedin.com/in/bhagya-sharan-234747222,Specialist / Executive,General HR & People Operations
19923,Monika Gupta,Talent Acquisition Specialist,Ciberspring,,https://www.linkedin.com/in/monika-gupta-47906b244,Specialist / Executive,Talent Acquisition
19924,Aishwarya Sarath,"General Manager – Search, Selection & RPO | Karnataka, AP & TG",CIEL HR,,https://www.linkedin.com/in/aishwarya-sarath,Lead / Manager,Talent Acquisition
19925,Annu Marlin,Team Lead,CIEL HR,,https://www.linkedin.com/in/annu-marlin-6a234b156,Lead / Manager,General HR & People Operations
19926,Tejaswini Sathish,Recruiter,CIEL HR,,https://www.linkedin.com/in/tejaswini-sathish-607366293,Specialist / Executive,Talent Acquisition
19927,Uvez K,Human Resources Specialist,CIEL HR,,https://www.linkedin.com/in/uvez-k-2507b72b1,Specialist / Executive,General HR & People Operations
19928,Shagufta Afra,Technical Recruiter,Cigres Technologies Private Limited,,https://www.linkedin.com/in/shagufta-afra-78b703240,Specialist / Executive,Technical Recruiter
19929,Sandhya S,Recruiter,Cimmons,,https://www.linkedin.com/in/sandhya-s-bb4330196,Specialist / Executive,Talent Acquisition
19930,Pooja Prakash,Human Resources Associate,Cipla,,https://www.linkedin.com/in/pooja-prakash-094637172,Specialist / Executive,General HR & People Operations
19931,Shimna M,Talent Advisor,Cisco,,https://www.linkedin.com/in/shimna-mottammal,Specialist / Executive,General HR & People Operations
19932,Ananya Rao,Senior Talent Acquisition Specialist,Cisco Systems India,ananya.rao@cisco.com,https://www.linkedin.com/search/results/people/?keywords=Ananya%20Rao%20Cisco%20Systems%20India,Specialist / Executive,Talent Acquisition
19933,Deepak Varma,VP Global Business Services Hiring,Cisco Systems India,deepak.varma@cisco.com,https://www.linkedin.com/search/results/people/?keywords=Deepak%20Varma%20Cisco%20Systems%20India,Specialist / Executive,Executive & Leadership
19934,Karthik Sundaram,Campus Relations & GCC Hiring Lead,Cisco Systems India,karthik.s@cisco.com,https://www.linkedin.com/search/results/people/?keywords=Karthik%20Sundaram%20Cisco%20Systems%20India,Lead / Manager,Campus & Early Career
19935,Priya Sharma,Head of University & Early Career Talent,Cisco Systems India,priya.sharma@cisco.com,https://www.linkedin.com/search/results/people/?keywords=Priya%20Sharma%20Cisco%20Systems%20India,Lead / Manager,Campus & Early Career
19936,Rohit Nair,Lead Technical & Operations Recruiter,Cisco Systems India,rohit.nair@cisco.com,https://www.linkedin.com/search/results/people/?keywords=Rohit%20Nair%20Cisco%20Systems%20India,Lead / Manager,HR Operations & Payroll
19937,Samreen Fathima,HR Manager,"City College Jayanagar (CCJ)  - PUC, UG & PG College in Bangalore",,https://www.linkedin.com/in/samreenfathima-hr,Lead / Manager,General HR & People Operations
19938,Swarnaa K,Vice President Human Resources,CKPC Properties,,https://www.linkedin.com/in/swarnaa-k-9410216a,Specialist / Executive,Executive & Leadership
19939,SHARMINA ISMAIL,Human Resource Consultant,Clevertize,,https://www.linkedin.com/in/sharmina-ismail-422453226,Specialist / Executive,Talent Acquisition
19940,Arthi V,HR Recruiter,CliniLaunch Research Institute,,https://www.linkedin.com/in/arthi-v-812b122b1,Specialist / Executive,Talent Acquisition
19941,Soundarya R,Lead - HR,CliniLaunch Research Institute,,https://www.linkedin.com/in/soundarya-r-443823236,Lead / Manager,Talent Acquisition
19942,Gullanki Elizebeth,Senior Information Technology Recruiter,CloudXtreme LLC,,https://www.linkedin.com/in/gullanki-e-449487218,Specialist / Executive,Talent Acquisition
19943,Anjali Shandilya,Talent Acquisition Associate,CloudZenia,,https://www.linkedin.com/in/anjalishandilya333,Specialist / Executive,Talent Acquisition
19944,Puja Rawani,Senior Human Resources Specialist,CloudZenia,,https://www.linkedin.com/in/puja-rawani-hr,Specialist / Executive,General HR & People Operations
19945,Tanishka Rathore,Human Resources Intern,Clumsy Designs,,https://www.linkedin.com/in/tanishka-rathore-948979313,Specialist / Executive,HR Intern / Trainee
19946,Shobika K.K,Hr Recruiter,CMAAN TECHNOLOGIES,,https://www.linkedin.com/in/shobika-k-k-91856a284,Specialist / Executive,Talent Acquisition
19947,Yashasvi K,APAC HR Operations,CME Group,,https://www.linkedin.com/in/yashasvi-k-8423a71b0,Specialist / Executive,HR Operations & Payroll
19948,Nimisha Sharma,HR,CMR Group of Institutions,,https://www.linkedin.com/in/nimisha-sharma-1a612a222,Specialist / Executive,General HR & People Operations
19949,Prachi .,Human Resources,Cnergee Technologies Private Limited,,https://www.linkedin.com/in/prachi8985,Specialist / Executive,General HR & People Operations
19950,Monalisha Singh Deo,Talent Acquisition Specialist,Codemonk,,https://www.linkedin.com/in/monalisha-singh-deo-a97407217,Specialist / Executive,Talent Acquisition
19951,Pooja Nigam,Human Resources Executive,CodersBrain,,https://www.linkedin.com/in/pooja-nigam-392a11244,Specialist / Executive,General HR & People Operations
19952,Victoria Nayak,Senior Human Resource Executive,CodersBrain,,https://www.linkedin.com/in/victoria-nayak-34b15b226,Specialist / Executive,General HR & People Operations
19953,Sushmita Lakhera,Human Resources Executive,CodeSquadz,,https://www.linkedin.com/in/sushmita-lakhera-0344b8304,Specialist / Executive,General HR & People Operations
19954,Aardra Sarat Bose,Human Resources Executive,Codeyoung,,https://www.linkedin.com/in/aardra-sarat-bose-615718275,Specialist / Executive,General HR & People Operations
19955,NAHID ANSARI,Human Resources Associate,Codingal,,https://www.linkedin.com/in/nahid-ansari,Specialist / Executive,General HR & People Operations
19956,Shibani Anna Fernandes,HR Talent Partner,Coface,,https://www.linkedin.com/in/shibanifernandes,Specialist / Executive,General HR & People Operations
19957,Sindhoora Sadananda,Senior Executive Talent Acquisition,Coforge,,https://www.linkedin.com/in/sindhoora-sadananda-b6b01a145,Specialist / Executive,Talent Acquisition
19958,Richa S,Human Resources Executive,Cog Culture,,https://www.linkedin.com/in/richa-sirothia-,Specialist / Executive,General HR & People Operations
19959,Harshitha V,Human Resources Executive,cognext.ai,,https://www.linkedin.com/in/harshitha-v-1ab56724a,Specialist / Executive,General HR & People Operations
19960,Naga Lakshmi Devarasetty,HR Manager,cognext.ai,,https://www.linkedin.com/in/naga-lakshmi-devarasetty-b51b98a7,Lead / Manager,General HR & People Operations
19961,DHARINI M,IT Recruiter,Cognizant,,https://www.linkedin.com/in/dharini-m-b7248a214,Specialist / Executive,Technical Recruiter
19962,Richa Goswami,Head of Human Resources,Collective Artists Network,,https://www.linkedin.com/in/richa-goswami-91038252,Lead / Manager,General HR & People Operations
19963,Shruti Raj,Lead - Talent Acquisition,Collective Artists Network,,https://www.linkedin.com/in/shruti-raj-36b10b1a0,Lead / Manager,Talent Acquisition
19964,Anshika Trivedi,Talent Acquisition,Columbia Shipmanagement,,https://www.linkedin.com/in/anshika-trivedi-a9b0bb1b1,Specialist / Executive,Talent Acquisition
19965,Godavari Mundaganoor,Human Resources Manager,Columbia Shipmanagement,,https://www.linkedin.com/in/godavari-mundaganoor-66223b24,Lead / Manager,General HR & People Operations
19966,Afreen Khanum,Talent Acquisition Partner,Commonwealth Bank,,https://www.linkedin.com/in/afreen-khanum-8a8178199,Specialist / Executive,Talent Acquisition
19967,Lubna Sami,Talent Acquisition Advisor,Commonwealth Bank,,https://www.linkedin.com/in/lubna-sami-b0971165,Specialist / Executive,Talent Acquisition
19968,Dipti Shelar,Human Resources Lead,Concentrix,,https://www.linkedin.com/in/dipti-shelar-1baa1a184,Lead / Manager,General HR & People Operations
19969,Namitha Karumbaiah,Sr Representative Human Resource,Concentrix,,https://www.linkedin.com/in/namitha-karumbaiah-a99491203,Specialist / Executive,General HR & People Operations
19970,Kavya Javalimath,Senior Recruiter I,Concentrix Catalyst,,https://www.linkedin.com/in/kavya-javalimath-55a431192,Specialist / Executive,Talent Acquisition
19971,Aishwaryah Mishra,Associate Talent Acquisition,Condé Nast,,https://www.linkedin.com/in/aishwaryah-mishra-67367075,Specialist / Executive,Talent Acquisition
19972,Shivani Mohanty,Senior Associate - People Operations,Condé Nast,,https://www.linkedin.com/in/shivani-mohanty-868096a1,Specialist / Executive,HR Operations & Payroll
19973,"Anuradha Dakwe, CIPD, SPHRi™",Senior Human Resources Information System Analyst,Confidential,,https://www.linkedin.com/in/anuradhadakwe,Specialist / Executive,General HR & People Operations
19974,Arpita N,Manager HR Business Partner,Confidential,,https://www.linkedin.com/in/arpita-n-895482119,Lead / Manager,HR Business Partner
19975,Yashodha Murali,Senior Recruiting Associate,Consilio LLC,,https://www.linkedin.com/in/yashodha-murali-677b8b147,Specialist / Executive,General HR & People Operations
19976,Aiswarya M,Human Resources Executive,Consyst,,https://www.linkedin.com/in/aiswaryarameshkumar,Specialist / Executive,General HR & People Operations
19977,Devika Shenoy,Human Resources Recruiter,Continental,,https://www.linkedin.com/in/devika-shenoy-ab688a21a,Specialist / Executive,Talent Acquisition
19978,Aachal Govekar,People & Culture - People Partner,Contour Education,,https://www.linkedin.com/in/aachal-govekar-4609a51b8,Specialist / Executive,General HR & People Operations
19979,Shaheen Thippadu,Talent Acquisition Specialist//Contracting,Contract,,https://www.linkedin.com/in/shaheen-thippadu-7141394b,Specialist / Executive,Talent Acquisition
19980,Aparna K,Senior Executive Human Resources,Convergence Property Development Services Private Limited,,https://www.linkedin.com/in/aparna-k-ba058b2aa,Specialist / Executive,General HR & People Operations
19981,Pushpa Anjali A,Human Resources Manager,Convertcart,,https://www.linkedin.com/in/pushpaanjali,Lead / Manager,General HR & People Operations
19982,Oviya Devan,HR recruiter,Conviction Hr Pvt Ltd (conviction Global),,https://www.linkedin.com/in/oviya-devan,Specialist / Executive,Talent Acquisition
19983,Urchita Hazarika,Human Resources Intern,Cook N Klean,,https://www.linkedin.com/in/urchita-hazarika-2b62a4356,Specialist / Executive,HR Intern / Trainee
19984,Lisha Singh,Senior Executive Human Resources,Corizo,,https://www.linkedin.com/in/lishasingh19apr04,Specialist / Executive,General HR & People Operations
19985,Gowshika SM,Talent Acquisition Executive,Corizo Edutech Private Limited,,https://www.linkedin.com/in/gowshika-sm-1a56ab2a0,Specialist / Executive,Talent Acquisition
19986,Aiswarya H,Assistant Manager Human Resources,Cornerstone Information Technology,,https://www.linkedin.com/in/aiswarya-h,Lead / Manager,General HR & People Operations
19987,S N,Talent Acquisition Specialist,Cornerstone Information Technology,,https://www.linkedin.com/in/s-n-353674254,Specialist / Executive,Talent Acquisition
19988,Shrushi Gupta,Talent Acquisition Specialist,Cornerstone Information Technology,,https://www.linkedin.com/in/shrushi-gupta-b93034316,Specialist / Executive,Talent Acquisition
19989,Sweetlin Easter Joy,Senior Talent Acquisition Specialist,Cornerstone Information Technology,,https://www.linkedin.com/in/sweetlin-easter-joy-50115b171,Specialist / Executive,Talent Acquisition
19990,Varshini Thangavel,Senior Human Resources Specialist,Cornerstone Information Technology,,https://www.linkedin.com/in/varshini-thangavel-8a68601a7,Specialist / Executive,General HR & People Operations
19991,Nisha Mewada,Human Resources Lead,Cosmere Technologies [ BIM | Scan to BIM/CAD | Digitisation | CGI ],,https://www.linkedin.com/in/nisha-mewada-937970234,Lead / Manager,General HR & People Operations
19992,Anjaly Jyothish,HR intern,Courtyard by Marriott,,https://www.linkedin.com/in/anjaly-jyothish-6a614a309,Specialist / Executive,HR Intern / Trainee
19993,Likitha Ramesh,Assistant Manager Human Resources,Courtyard by Marriott Bengaluru Hebbal,,https://www.linkedin.com/in/likitharamesh,Lead / Manager,General HR & People Operations
19994,Kavya Nambiar,Product Operations Talent Partner,CRED (Dreamplug Tech),kavya.n@cred.club,https://www.linkedin.com/search/results/people/?keywords=Kavya%20Nambiar%20CRED%20(Dreamplug%20Tech),Specialist / Executive,HR Operations & Payroll
19995,Rohan Bhattacharya,B2B Sales & GTM Sourcing Lead,CRED (Dreamplug Tech),rohan.b@cred.club,https://www.linkedin.com/search/results/people/?keywords=Rohan%20Bhattacharya%20CRED%20(Dreamplug%20Tech),Lead / Manager,Talent Acquisition
19996,Tanvi Agarwal,Founders Office & Ops Sourcing Lead,CRED (Dreamplug Tech),tanvi.a@cred.club,https://www.linkedin.com/search/results/people/?keywords=Tanvi%20Agarwal%20CRED%20(Dreamplug%20Tech),Lead / Manager,Talent Acquisition
19997,Varun Sen,Head of Business & Revenue Recruitment,CRED (Dreamplug Tech),varun.sen@cred.club,https://www.linkedin.com/search/results/people/?keywords=Varun%20Sen%20CRED%20(Dreamplug%20Tech),Lead / Manager,General HR & People Operations
19998,Mahnya U,Talent Acquisition Executive,Credence Solutions,,https://www.linkedin.com/in/mahnya-u,Specialist / Executive,Talent Acquisition
19999,ashwini s,Recruiter,Credfoods,,https://www.linkedin.com/in/ashwini-s-25654829b,Specialist / Executive,Talent Acquisition
20000,Supriya V Mohanvel,Human Resources Business Partner,Credvest,,https://www.linkedin.com/in/supriyavmohanvel,Specialist / Executive,HR Business Partner
20001,Bhavana Jaiswal,Talent Acquisition Specialist,Crio.Do,,https://www.linkedin.com/in/bhavana-jaiswal-40a7101b4,Specialist / Executive,Talent Acquisition
20002,Sakshi Gowda,Talent Partner,CRMIT Solutions,,https://www.linkedin.com/in/sakshi-gowda-,Specialist / Executive,General HR & People Operations
20003,Sangeeta Bhat,Senior Human Resources Administrator,CSP Tech Solutions,,https://www.linkedin.com/in/sangeeta-bhat-551254245,Specialist / Executive,General HR & People Operations
20004,Lisha Jain,Senior Executive Talent Acquisition,Curefit,,https://www.linkedin.com/in/lisha-jain-962b95134,Specialist / Executive,Talent Acquisition
20005,Omshree Mohapatra,Vertical Head of Prudentia - The HR Club,CUSBMA,,https://www.linkedin.com/in/omshreemohapatra,Lead / Manager,General HR & People Operations
20006,Swarnika Gupta,Networking @Prudentia The Hr Association @CUSBMA,CUSBMA,,https://www.linkedin.com/in/swarnika-gupta-3255a8387,Specialist / Executive,General HR & People Operations
20007,Monika Sahu,Human Resources Specialist,CyberTrack Technology Solutions Pvt. Ltd.,,https://www.linkedin.com/in/monika-sahu-595290238,Specialist / Executive,General HR & People Operations
20008,Apeksha Sooji,Human Resources Generalist,Cyderes,,https://www.linkedin.com/in/apeksha-sooji-0a6717101,Specialist / Executive,General HR & People Operations
20009,Sreelekha C,Human Resources Director,Cyrptec Digital Transformation Private Limited,,https://www.linkedin.com/in/sreelekha-c-67177390,Lead / Manager,Executive & Leadership
20010,Ria Liz Zachariah,Human Resources Specialist,D. E. Shaw India Private Limited,,https://www.linkedin.com/in/ria-liz-zachariah-77795a1a4,Specialist / Executive,General HR & People Operations
20011,Shiny Angel,Tech Recruiting,D. E. Shaw India Private Limited,,https://www.linkedin.com/in/shiny-angel,Specialist / Executive,General HR & People Operations
20012,Surbhi Rajput,Human Resources Business Partner,Daks Strategies & Solutions Private Limited,,https://www.linkedin.com/in/surbhi-rajput-5806b321a,Specialist / Executive,HR Business Partner
20013,Sakshi phaugat,Human Resources Specialist,Dar,,https://www.linkedin.com/in/sakshi-phaugat-541115203,Specialist / Executive,General HR & People Operations
20014,Apurva Kumari,Recruitment Executive Human Capital,Data Template,,https://www.linkedin.com/in/apurva-kumari-934333225,Specialist / Executive,General HR & People Operations
20015,Nitya Raj,Human Resources Associate,DataNimbus,,https://www.linkedin.com/in/nitya-raj-9a0b101b8,Specialist / Executive,General HR & People Operations
20016,Dhriti P. S,Senior HR Operations Specialist,DataZymes,,https://www.linkedin.com/in/dhriti-p-s,Specialist / Executive,HR Operations & Payroll
20017,Sneha dadhich,Talent Acquisition Specialist / Account Manager,Dautom,,https://www.linkedin.com/in/sneha-dadhich-928388206,Lead / Manager,Talent Acquisition
20018,Megha Adhikary,HR Manager - Generalist,DaveAI,,https://www.linkedin.com/in/megha-adhikary-02013a176,Lead / Manager,General HR & People Operations
20019,Dhivya A,Assistant Manager - HR,Dayananda Sagar University,,https://www.linkedin.com/in/dhivya-a-306141156,Lead / Manager,Campus & Early Career
20020,Sreedhu Nidheesh,Assistant Manager - HR,Dayananda Sagar University,,https://www.linkedin.com/in/sreedhu-nidheesh,Lead / Manager,Campus & Early Career
20021,Arjun Singhania,Regional Logistics Talent Lead,DB Schenker India Logistics,arjun.s@dbschenker.com,https://www.linkedin.com/search/results/people/?keywords=Arjun%20Singhania%20DB%20Schenker%20India%20Logistics,Lead / Manager,General HR & People Operations
20022,Sneha Roy,EXIM Trade Compliance Hiring Partner,DB Schenker India Logistics,sneha.roy@dbschenker.com,https://www.linkedin.com/search/results/people/?keywords=Sneha%20Roy%20DB%20Schenker%20India%20Logistics,Specialist / Executive,HR Operations & Payroll
20023,Vikramaditya Bose,Head of Ocean Freight & SCM Talent,DB Schenker India Logistics,vikram.bose@dbschenker.com,https://www.linkedin.com/search/results/people/?keywords=Vikramaditya%20Bose%20DB%20Schenker%20India%20Logistics,Lead / Manager,General HR & People Operations
20024,Merry Joe,Lead Talent Acquisition Partner,dbt Labs,,https://www.linkedin.com/in/merry-joe-966b3760,Lead / Manager,Talent Acquisition
20025,Surekha Anand,Regional Human Resources Business Partner,DCB Bank,,https://www.linkedin.com/in/surekha-anand-b863a920a,Specialist / Executive,HR Business Partner
20026,Suma Kari,Senior HR & Operation Analyst,Decision Culture,,https://www.linkedin.com/in/suma-kari-045a9622b,Specialist / Executive,General HR & People Operations
20027,Priyadarshini Bhosle,Human Resources Recruiter,Decode Age®,,https://www.linkedin.com/in/priyadarshini-bhosle-26285023a,Specialist / Executive,Talent Acquisition
20028,Pratiksha Magdum,Assistant Manager - HR,Deconstruct,,https://www.linkedin.com/in/pratiksha-magdum-bab1a51ba,Lead / Manager,General HR & People Operations
20029,Anusuya Sekar,Human Resources Executive,Decorpot,,https://www.linkedin.com/in/anusuya-sekar-0024592a4,Specialist / Executive,General HR & People Operations
20030,Deepika Shanmugam,Human Resources Executive,Decorpot,,https://www.linkedin.com/in/deepika-shanmugam-b54314229,Specialist / Executive,General HR & People Operations
20031,Ramya v,Human Resources Executive,Decorpot,,https://www.linkedin.com/in/ramya-v-50275a1b5,Specialist / Executive,General HR & People Operations
20032,Sivanesh K,Senior Executive Human Resources,Decorpot,,https://www.linkedin.com/in/sivanesh-k-098b81235,Specialist / Executive,General HR & People Operations
20033,Poonam Hotalkar,Talent Acquisition Specialist,Decos,,https://www.linkedin.com/in/poonam-hotalkar-18969294,Specialist / Executive,Talent Acquisition
20034,Anusha Ugrannanavar,Human Resources Associate,Deeporion Technology Pvt Ltd,,https://www.linkedin.com/in/anusha-ugrannanavar-b79340267,Specialist / Executive,General HR & People Operations
20035,Chanchala Ugra,Manager - Talent Acquisition,Delhivery,,https://www.linkedin.com/in/chanchala-ugra-a44029145,Lead / Manager,Talent Acquisition
20036,Aditi Tayde,Tax- Business Process Solutions: HR & Payroll operate(BPS),Deloitte,aditayde2@gmail.com / aditayde@gmail.com,https://www.linkedin.com/in/aditi-tayde,Specialist / Executive,HR Operations & Payroll
20037,Amogha Raghuram,SAP Recruitment Consultant,Deloitte,,https://www.linkedin.com/in/amogha-raghuram-3b8616198,Specialist / Executive,Talent Acquisition
20038,Anitha Bhombore,Talent Acquisition Manager,Deloitte,anitha.v.bhombore@gmail.com,https://www.linkedin.com/in/anitha-bhombore-3845a7146,Lead / Manager,Talent Acquisition
20039,Asiya Amreen Rabbani,Talent Acquisition Executive,Deloitte,,https://www.linkedin.com/in/asiya-amreen-rabbani-5a8a15313,Specialist / Executive,Talent Acquisition
20040,Deepa Makhija,Manager - Talent (Learning and Development),Deloitte,,https://www.linkedin.com/in/deepa-makhija-59521057,Lead / Manager,General HR & People Operations
20041,Divya O,Senior Executive-Tax-business process solutions:HR Payroll,Deloitte,divyadiya387@gmail.com,https://www.linkedin.com/in/divya-o-804016226,Specialist / Executive,HR Operations & Payroll
20042,Jestina A,TA- Business Recruiting coordinator,Deloitte,,https://www.linkedin.com/in/jestina-a-304564280,Specialist / Executive,General HR & People Operations
20043,Karina Sahay,Human Resources Consultant,Deloitte,,https://www.linkedin.com/in/karina-sahay-b4a1191b4,Specialist / Executive,Talent Acquisition
20044,Nabanita Sarma,Talent Acquisition Specialist,Deloitte,,https://www.linkedin.com/in/nabanita-sarma-203157229,Specialist / Executive,Talent Acquisition
20045,Nalina DN,Senior Executive Talent Acquisition,Deloitte,,https://www.linkedin.com/in/nalina-dn-2b84b81a4,Specialist / Executive,Talent Acquisition
20046,Nayana Khare,Senior Human Resources Analyst,Deloitte,,https://www.linkedin.com/in/nayana-khare-6a9747136,Specialist / Executive,General HR & People Operations
20047,Nishu .,Human Resources Analyst,Deloitte,,https://www.linkedin.com/in/nishu-028535232,Specialist / Executive,General HR & People Operations
20048,Rakshitha SM,Human Resources Operations Specialist,Deloitte,,https://www.linkedin.com/in/rakshitha-sm-5712a3205,Specialist / Executive,HR Operations & Payroll
20049,Sinchana B,Business Recruiting Coordinator,Deloitte,,https://www.linkedin.com/in/sinchana-b-730413256,Specialist / Executive,General HR & People Operations
20050,Suha C K,Human Resource,Deloitte,,https://www.linkedin.com/in/suha-ck,Specialist / Executive,General HR & People Operations
20051,Megha Kulkarni,Lead Campus Talent Partner,Deloitte US-India Offices,megha.k@deloitte.com,https://www.linkedin.com/search/results/people/?keywords=Megha%20Kulkarni%20Deloitte%20US-India%20Offices,Lead / Manager,Campus & Early Career
20052,Pooja Hegde,GDS Early Talent Sourcing Partner,Deloitte US-India Offices,pooja.h@deloitte.com,https://www.linkedin.com/search/results/people/?keywords=Pooja%20Hegde%20Deloitte%20US-India%20Offices,Specialist / Executive,Talent Acquisition
20053,Rahul Deshmukh,Strategy & Operations Talent Lead,Deloitte US-India Offices,rahul.d@deloitte.com,https://www.linkedin.com/search/results/people/?keywords=Rahul%20Deshmukh%20Deloitte%20US-India%20Offices,Lead / Manager,HR Operations & Payroll
20054,Siddharth Menon,Director of Advisory & Risk Recruitment,Deloitte US-India Offices,siddharth.m@deloitte.com,https://www.linkedin.com/search/results/people/?keywords=Siddharth%20Menon%20Deloitte%20US-India%20Offices,Lead / Manager,Executive & Leadership
20055,Henna C A,Senior Executive Talent Acquisition,Delta Electronics India,,https://www.linkedin.com/in/henna-c-a-964792114,Specialist / Executive,Talent Acquisition
20056,Hima Bindu,Talent Advisor,dentsu,,https://www.linkedin.com/in/hima-bindu-649a4ab8,Specialist / Executive,General HR & People Operations
20057,Riddhima Yadav,Assistant Manager -Talent Acquisition Recruiter(via AMS),dentsu,,https://www.linkedin.com/in/riddhima-yadav-23332994,Lead / Manager,Talent Acquisition
20058,Navaneetha Reddy,Talent Acquisition Sourcing Specialist,Deutsche Bank,,https://www.linkedin.com/in/navaneetha-reddy-56676631,Specialist / Executive,Talent Acquisition
20059,Rutuja Shirke,US IT Technical Recruiter,Dexian,,https://www.linkedin.com/in/rutuja-shirke-97a096264,Specialist / Executive,Technical Recruiter
20060,Sowmya RV,Jr. HR Executive - TA,DGS Technical Services Inc.,samhr0746@gmail.com,https://www.linkedin.com/in/sowmya-rv-94790b317,Specialist / Executive,General HR & People Operations
20061,Arjun Singhania,Regional Logistics Talent Lead,DHL Global Forwarding India,arjun.s@dhl.com,https://www.linkedin.com/search/results/people/?keywords=Arjun%20Singhania%20DHL%20Global%20Forwarding%20India,Lead / Manager,General HR & People Operations
20062,Sneha Roy,EXIM Trade Compliance Hiring Partner,DHL Global Forwarding India,sneha.roy@dhl.com,https://www.linkedin.com/search/results/people/?keywords=Sneha%20Roy%20DHL%20Global%20Forwarding%20India,Specialist / Executive,HR Operations & Payroll
20063,Vikramaditya Bose,Head of Ocean Freight & SCM Talent,DHL Global Forwarding India,vikram.bose@dhl.com,https://www.linkedin.com/search/results/people/?keywords=Vikramaditya%20Bose%20DHL%20Global%20Forwarding%20India,Lead / Manager,General HR & People Operations
20064,Roja Sree,Human Resources Executive,DIATOZ: Digital A to Z Solutions,,https://www.linkedin.com/in/roja-sree-930b92217,Specialist / Executive,General HR & People Operations
20065,Ankita Nayak,Senior Executive Human Resources,Dietary Business Intelligence (DBI),,https://www.linkedin.com/in/ankitanayak2024,Specialist / Executive,General HR & People Operations
20066,Simerpreet Chhatwal,Human Resources Intern,Digi Rush Solutions,,https://www.linkedin.com/in/simerpreet-chhatwal-955a47323,Specialist / Executive,HR Intern / Trainee
20067,Varshitha Ponnanna,Human Resources Manager,DigiMark Agency,,https://www.linkedin.com/in/varshitha-ponnanna-7a64911b3,Lead / Manager,Talent Acquisition
20068,Akansha S,Talent Acquisition Specialist,Digio.in,,https://www.linkedin.com/in/s-akansha,Specialist / Executive,Talent Acquisition
20069,Suchismita Dutta,Associate Manager Human Resources,Digit Insurance,,https://www.linkedin.com/in/suchismita-dutta-b306111b4,Lead / Manager,General HR & People Operations
20070,Meghana C R,Human Resources Executive,Digitide,,https://www.linkedin.com/in/meghana-c-r-5bb271230,Specialist / Executive,General HR & People Operations
20071,Padmashree H P,Senior Human Resources Executive,Diligent Enterprises,,https://www.linkedin.com/in/padmashree-h-p,Specialist / Executive,General HR & People Operations
20072,Diya Gupta,Finance and human resource,Dilip Buildcon Ltd.,,https://www.linkedin.com/in/diya-gupta-4b5852306,Specialist / Executive,General HR & People Operations
20073,Tashina Dsouza,Human Resources Associate,Ditto Insurance,,https://www.linkedin.com/in/tashina-dsouza-b694a1311,Specialist / Executive,General HR & People Operations
20074,Ranjana Yadav,Human Resources Intern,Divya Pharmacy - Patanjali Group,,https://www.linkedin.com/in/ranjana-yadav-35b204274,Specialist / Executive,HR Intern / Trainee
20075,Grace Dmello,Human Resources Intern,dmg events,,https://www.linkedin.com/in/gracedmello,Specialist / Executive,HR Intern / Trainee
20076,Anamika Tiwary,Human Resources Executive,DMI Housing Finance,,https://www.linkedin.com/in/anamika-tiwary-b03a32323,Specialist / Executive,General HR & People Operations
20077,Javeriya Samreen,Human Resources Business Partner,dnata International,,https://www.linkedin.com/in/javeriya-samreen-204447106,Specialist / Executive,HR Business Partner
20078,Awantika Singh,Talent Acquisition Coordinator,DNV,,https://www.linkedin.com/in/awantika-singh-64b3b3221,Specialist / Executive,Talent Acquisition
20079,Shivani Sharma,Elastic Talent Partner,Dolby Laboratories,,https://www.linkedin.com/in/shivanisharma019,Specialist / Executive,General HR & People Operations
20080,Divya N Revankar,"Associate Recruiter, People Success",DPDzero,,https://www.linkedin.com/in/divya-n-revankar,Specialist / Executive,Talent Acquisition
20081,Gowri Mahara,Human Resources Specialist,DPIIND,,https://www.linkedin.com/in/gowri-mahara-596114271,Specialist / Executive,General HR & People Operations
20082,Varsha Mall,Human Resources Generalist,Dr. Paws,,https://www.linkedin.com/in/varshamall27,Specialist / Executive,General HR & People Operations
20083,Drasti Patel,Human Resources Executive,Droggol Infotech Private Limited,,https://www.linkedin.com/in/drasti-patel301,Specialist / Executive,General HR & People Operations
20084,Sharanniya Gopakumar,People Operations Manager,DTDC Express Limited,,https://www.linkedin.com/in/sharanniya-gopakumar-3570351ba,Lead / Manager,HR Operations & Payroll
20085,Ipshita Narayan,Director,Dune Talent Solutions,,https://www.linkedin.com/in/ipshita-narayan-17682716,Lead / Manager,Executive & Leadership
20086,Kavya Urs B V,Talent Acquisition I,DXC Technology,,https://www.linkedin.com/in/kavya-urs-05011996,Specialist / Executive,Talent Acquisition
20087,Tapasi Tripathy,BFSI Talent Acquisition Strategist,DXC Technology,,https://www.linkedin.com/in/tapasi-tripathy,Specialist / Executive,Talent Acquisition
20088,Sneha Gowda,Human Resources Executive,Dyuti Technologies - India,,https://www.linkedin.com/in/snehabgowda23,Specialist / Executive,General HR & People Operations
20089,Yejaswi Agrawal,HR Business Partner,e2open,,https://www.linkedin.com/in/yejaswi-agrawal-063a78189,Specialist / Executive,HR Business Partner
20090,Arya Dileep,Freelance Recruiter,EarlyJobs,,https://www.linkedin.com/in/arya-dileep-9b4052145,Specialist / Executive,Talent Acquisition
20091,Prity Kumari,Human Resources Executive,Eastencher Software Private Limited,,https://www.linkedin.com/in/prity-kumari-548a29214,Specialist / Executive,General HR & People Operations
