anchor_id,claim,status,artifact
EXP-001,AERO India 2025 Ground Logistics,VERIFIED FACT,Yelahanka AFS Staging Protocols
EXP-002,"300+ Brand Activations (Puma, Tata, Dyson)",VERIFIED FACT,Client Delivery Manifests
EXP-003,Vendor Rate Card Cost Modeling (~25% savings),VERIFIED FACT,Cost Model Spreadsheet
EXP-004,AI Data Operations & Computational Pipelines,VERIFIED FACT,Python Workspace Code
EXP-005,BBA International Business Degree,VERIFIED FACT,Dayananda Sagar University Official Transcript
EXP-006,Commercial Research Intern,VERIFIED FACT,Pencil Mark Interior Solutions LLP Certificate
EXP-007,Operations & SOP Standardization Specialist,VERIFIED FACT,25-Point Operational SOP Framework
EXP-008,"DSU Summit Logistics Lead (1,000+ delegates)",VERIFIED FACT,University Leadership Commendation
EXP-009,"9,223 LinkedIn Professional Connections",VERIFIED FACT,Processed Network Dataset (DATA_DICTIONARY.md)
