date,transaction_id,type,account,description,debit_inr,credit_inr,balance_inr
2026-10-01,TXN-000,CAPITAL,Founders Capital,Initial Founder Operating Injection,0,50000.00,50000.00
2026-10-01,TXN-001,EXPENSE,Infrastructure,Local Server & Dev Environment Setup,3500.00,0,46500.00
2026-10-01,TXN-002,EXPENSE,Legal,MCA SPICe+ Incorporation Filing & Stamp Duty,2500.00,0,44000.00
2026-10-01,TXN-003,REVENUE,Bank Account,Sansera Engineering Pilot Fee (Customer #1),0,25000.00,69000.00
2026-10-01,TXN-004,TAX,GST Payable,18% IGST on Invoice TNX-INV-2027-001,0,4500.00,73500.00
2026-10-01,TXN-005,REVENUE,Bank Account,Dynamatic Technologies Pilot Fee (Customer #2),0,25000.00,98500.00
2026-10-01,TXN-006,TAX,GST Payable,18% IGST on Invoice TNX-INV-2027-002,0,4500.00,103000.00
2026-10-01,TXN-007,REVENUE,Bank Account,Kemwell Chemicals Pilot Fee (Customer #3),0,25000.00,128000.00
2026-10-01,TXN-008,TAX,GST Payable,18% IGST on Invoice TNX-INV-2027-003,0,4500.00,132500.00
2026-10-01,TXN-009,REVENUE,Bank Account,Bharat Forge Enterprise Pilot Fee (Customer #4),0,50000.00,182500.00
2026-10-01,TXN-010,TAX,GST Payable,18% IGST on Invoice TNX-INV-2027-004,0,9000.00,191500.00
2026-10-01,TXN-011,REVENUE,Bank Account,JSW Steel Strategic Pilot Fee (Customer #5),0,75000.00,266500.00
2026-10-01,TXN-012,TAX,GST Payable,18% IGST on Invoice TNX-INV-2027-005,0,13500.00,280000.00
2026-10-01,TXN-013,REVENUE,Bank Account,Tata Motors Commercial Vehicles Pilot Fee (Customer #6),0,100000.00,380000.00
2026-10-01,TXN-014,TAX,GST Payable,18% IGST on Invoice TNX-INV-2027-006,0,18000.00,398000.00
2026-10-01,TXN-015,REVENUE,Bank Account,Dr. Reddy's Laboratories Pilot Fee (Customer #7),0,100000.00,498000.00
2026-10-01,TXN-016,TAX,GST Payable,18% IGST on Invoice TNX-INV-2027-007,0,18000.00,516000.00
