Question,Answer
Veteran status,
What is your level of proficiency in kan?,None
How many years of BD experience do you currently have?,0
How many years of work experience do you have with Brand Development?,0
How many years of work experience do you have with Enterprise Technology Sales?,0
How many years of work experience do you have with Commercial Cards?,0
How many years of urn:li:industry:110 experience do you currently have?,3
We must fill this position urgently. Can you start immediately?,Yes
How many years of work experience do you have with Call Quality?,0
How many years of HR experience do you currently have?,0
How many years of work experience do you have with Business Development?,3
What is your level of proficiency in hin?,Conversational
How many years of work experience do you have with AI Change Management?,0
How many years of FIN experience do you currently have?,0
How many years of IT experience do you currently have?,0
How many years of work experience do you have with Dashboards?,0
How many years of work experience do you have with SQL?,0
Description,
How many years of work experience do you have with Change Management?,0
How many years of work experience do you have with Microsoft PowerPoint?,0
Major / Field of study,
<strong>Disability</strong>,
What is your level of proficiency in eng?,Conversational
How many years of CUST experience do you currently have?,0
How many years of work experience do you have with Growth Marketing?,0
How many years of MRKT experience do you currently have?,0
How many years of work experience do you have with Marketing?,0
How many years of PRJM experience do you currently have?,0
How many years of work experience do you have with Microsoft Excel?,0
How many years of CNSL experience do you currently have?,0
First name,
How many years of work experience do you have with Event Management?,3
How many years of work experience do you have with Branding?,1
How many years of work experience do you have with Retained Search?,0
How many years of work experience do you have with Jira?,0
How many years of urn:li:industry:11 experience do you currently have?,0
How many years of work experience do you have with Banking?,0
How many years of urn:li:industry:104 experience do you currently have?,0
How many years of ART experience do you currently have?,0
School,
How many years of SALE experience do you currently have?,0
Mobile phone number, +91 7003456624
How many years of work experience do you have with Core Banking?,0
City,
How many years of work experience do you have with Looker (Software)?,0
Have you completed the following level of education: Master of Business Administration?,No
Company,
How many years of work experience do you have with Negotiation?,0
How many years of work experience do you have with Lead Generation?,0
Last name,
Do you have a valid driver's license?,No
Please submit a resume or LinkedIn profile,2079582515.pdf
Degree,
How many years of work experience do you have with Traffic Management?,0
How many years of work experience do you have with Business?,0
Have you completed the following level of education: Master's Degree?,No
Race/Ethnicity,
How many years of work experience do you have with Agile Methodologies?,0
Your title,
How many years of work experience do you have with Data Migration?,0
Location (city),
How many years of work experience do you have with Google BigQuery?,0
How many years of ANLS experience do you currently have?,0
"Are you willing to undergo a background check, in accordance with local law/regulations?",Yes
Gender,
Are you comfortable working in an onsite setting?,Yes
How many years of work experience do you have with Customer Insight?,0
How many years of work experience do you have with Human Resources Information Systems (HRIS)?,0
Have you completed the following level of education: Bachelor's Degree?,Yes
How many years of work experience do you have with Marketing Strategy?,0
How many years of work experience do you have with Microsoft Office?,09
