Date,Status,FullName
2026-08-22 15:37:43,Active,Shraddha Pingale
2026-08-17 14:36:05,Active,Ankita Ghosh
2026-08-17 14:35:23,Active,Aditi Mishra
2026-08-17 14:34:38,Active,Rishita Sharma
2026-08-17 14:34:26,Active,Stefy Mathew
2026-08-17 14:34:04,Active,Inchara N
2026-08-17 14:34:03,Active,Sanjivani Tripathi
2026-08-17 14:28:17,Active,Aarohi Mehrotra
2026-08-13 08:41:11,Active,Darshika  Jain
2026-08-11 08:47:11,Active,neha verma
2026-08-10 12:04:00,Active,Sachi Dhrangadharia
2026-08-03 04:31:50,Active,Barbie Singh
2026-07-28 22:17:59,Active,Khushi Sachin Rane
2026-07-26 12:41:30,Active,Rochana Raghotham
2026-07-18 06:49:04,Active,Bhagyashree Sarma
2026-07-14 22:17:41,Active,Prashansa Chadha
2026-07-14 07:53:15,Active,Praachi Surana
2026-07-14 07:48:56,Active,Srushti GD
2026-07-08 07:34:37,Active,"Yukti Jain, CFA, FRM"
2026-07-01 16:11:48,Active,Megha Bhola
2026-07-01 16:04:17,Active,Nithin Kamath
2026-07-01 15:58:30,Active,Paridhi Jain
2026-07-01 15:58:05,Active,Tushti S Raju
2026-06-25 11:25:36,Active,Makankshi Agrawal
2026-06-23 16:10:27,Active,Shivani .
2026-06-23 11:30:54,Active,Simran Rawat
2026-06-23 11:21:37,Active,Aanya Sharma
2026-06-19 07:26:07,Active,Parkavi A
2026-06-15 09:15:03,Active,Bismita Deka
2026-06-09 09:16:53,Active,Ansheeka Raikwar
2026-06-09 09:16:43,Active,Praniti Mishra
2026-06-09 09:16:39,Active,Shivani Bawa
2026-06-06 08:10:37,Active,Sparitha Gowda
2026-06-01 13:23:41,Active,Sudhamayi Ch.
2026-06-01 13:22:33,Active,Darakshan Naazreen
2026-05-30 01:28:04,Active,Kunal Shah
2026-05-28 13:40:49,Active,Disha A
2026-05-28 13:39:20,Active,Khushi Rungta
2026-05-22 09:49:30,Active,Nayana Sheelavant
2026-05-12 10:26:47,Active,Kinjal Sakariya
2026-05-12 10:19:45,Active,Rakshna Natamai
2026-05-12 10:16:44,Active,Siyana Salim Vaidyar
2026-05-12 10:16:40,Active,Anjali Nair
2026-05-12 10:11:13,Active,Nidhi Karthik
2026-05-05 11:27:15,Active,Lalitha Prativada
2026-05-05 11:02:34,Active,Nibedita Paul
2026-04-27 14:17:39,Active,Navya  Rayi
2026-04-27 14:17:18,Active,Nidhi Anil
2026-04-27 14:15:33,Active,Trayee Joshi
2026-04-27 14:15:27,Active,Dakshayani srinivas
2026-04-27 14:14:06,Active,Deepak Vikram
2026-04-27 06:27:00,Active,Simarpreet Kaur
2026-04-20 19:10:31,Active,Aditi Kadiyan
2026-04-20 19:06:24,Active,Dr. Jayati Pandit
2026-04-20 19:06:18,Active,"Capt. Arakalgud Nagaraj Subbarao, PhD"
2026-04-15 06:31:01,Active,Ashok Elluswamy
2026-04-07 20:57:10,Active,Saania  Ahuja
2026-04-07 12:42:30,Active,Sampriti Chakraborty
2026-04-02 09:47:36,Active,Sarmita  Pal Choudhury
2026-03-24 05:45:22,Active,Abigail Dsouza
2026-03-24 05:44:23,Active,Sunaina Barua
2026-03-23 15:13:11,Active,Aliva Priyadarsini Dhal
2026-03-23 15:12:52,Active,Priyadarshini Behera
2026-03-21 20:46:11,Active,Emaan Momin
2026-03-09 08:09:26,Active,Ushma Meghani
2026-03-09 08:08:40,Active,Aanchal Sharma
2026-03-08 11:10:22,Active,Nisha Keshri
2026-03-08 11:07:22,Active,Gariyashi Debnath
2026-03-08 11:06:57,Active,Priya Singh
2026-03-02 08:33:05,Active,Raccie Ann Licop
2026-03-02 08:32:34,Active,Muskan Jain
2026-03-02 06:19:13,Active,Sreejitha Bs
2026-02-24 11:36:02,Active,Nitya Handa
2026-02-04 09:45:31,Active,Khushi Chadha
2026-02-04 09:43:35,Active,Divyata Ashar
2026-02-04 09:43:22,Active,Srishti dass
2026-02-04 09:38:40,Active,Pratiksha Miranda
2026-01-19 16:24:26,Active,Noshi Babu Sandhya
2026-01-19 16:06:18,Active,Harsha Alex
2026-01-19 16:05:05,Active,Pranjali Pawde
2026-01-15 17:08:54,Active,Rinika Mishra
2026-01-15 11:01:11,Active,Kushi Pal
2026-01-08 11:38:35,Active,Adityavardhan Reddy
2025-12-26 07:52:41,Active,Nisha Karandikar
2025-12-26 07:50:43,Active,Archana J
2025-12-20 04:11:17,Active,Rishika Khator
2025-12-20 04:10:17,Active,B Shrusti
2025-12-20 04:09:36,Active,Tenzin  Wangmo
2025-12-20 04:08:39,Active,Evonne Gomes
2025-12-20 04:04:26,Active,ANKITA VINOD SHANKER
2025-12-08 12:06:03,Active,Riya Katiyar
2025-12-08 12:05:46,Active,Trisha Jha
2025-12-01 19:34:09,Active,Shivi Sharma
2025-12-01 19:33:56,Active,Ayşegül Erdem
2025-12-01 19:31:30,Active,Harini B
2025-12-01 19:31:23,Active,Immaculate Jose Pallikkal
2025-12-01 19:30:11,Active,Vindhya Menon
2025-12-01 19:28:39,Active,Ipshita  Arora
2025-11-27 19:59:52,Active,Maryam Zaib
2025-11-18 17:29:37,Active,Malathi Ramadoss
2025-11-18 17:24:03,Active,Manjari Gupta
2025-11-18 17:21:24,Active,Divyaa .
2025-11-18 17:19:14,Active,Sneha Srivastava
2025-11-18 17:19:08,Active,Mahek Jain
2025-11-18 17:05:46,Active,Nishtha Sethi
2025-11-05 19:03:06,Active,Akansha Srivastava
2025-11-05 19:01:49,Active,Archana Narale
2025-11-05 19:01:28,Active,Archana Vishnu
2025-11-05 18:59:03,Active,Shreya Toby
2025-11-05 18:59:00,Active,Yuvadharshini S U
2025-11-05 18:58:41,Active,GK Mrinal
2025-11-05 18:30:23,Active,Anjali Singh  (SHRM - SCP)
2025-10-25 16:18:54,Active,Puja Sharma
2025-10-23 08:16:21,Active,Aishwarya  Shetty
2025-10-23 08:16:15,Active,Diya Daga
2025-10-23 08:15:23,Active,Kammari Shravani
2025-10-23 08:12:01,Active,Ojjal Sharma
2025-10-23 08:07:53,Active,shikha parewa
2025-10-19 15:17:27,Active,Moumita Sinha Mahapatra
2025-10-12 11:09:19,Active,K V S Dileep
2025-10-11 06:51:06,Active,Ojasvi Verma
2025-10-11 06:50:37,Active,Hiya Dhariwal
2025-10-11 06:25:21,Active,David Solomon
2025-10-11 06:19:37,Active,Devishree  A
2025-10-11 06:19:36,Active,Diksha  D
2025-10-11 06:18:39,Active,Momita Das
2025-10-11 06:18:33,Active,Sheena Alangh
2025-10-11 06:18:27,Active,VARSHA DUTTA
2025-09-16 10:48:55,Active,Gayatri Hundre
2025-09-16 10:48:53,Active,Palle Sai Deepthi
2025-09-16 10:46:02,Active,Zeyana Patel
2025-09-16 10:45:46,Active,Aishwarya R Hegde
2025-09-13 09:32:03,Active,Avanti Kopulwar
2025-09-13 09:30:34,Active,Neha Jain
2025-09-02 11:21:21,Active,Ayushi Doshi
2025-09-02 11:21:16,Active,Pooja Bisht
2025-08-18 08:53:59,Active,Dr. Saadat Saba
2025-08-18 08:53:59,Active,Author Mousumi Kalita
2025-08-14 10:22:33,Active,Jenie Watts
2025-08-14 10:20:56,Active,Sakshi Gauri
2025-08-14 10:20:41,Active,Nikita Batra
2025-08-07 07:27:33,Active,Vishaka Sancheti
2025-08-04 19:12:16,Active,Kouser Dharmavaram
2025-08-02 21:35:42,Active,Pranjal Sharma
2025-08-01 22:00:16,Active,Lipsa Sharma
2025-08-01 04:58:08,Active,Varnika Charya
2025-07-17 09:36:55,Active,Rumela Dey
2025-07-15 16:50:27,Active,Neethy Mohan
2025-07-11 19:25:42,Active,Thanya Uppal
2025-07-01 13:22:46,Active,Shilpi Kulshrestha
2025-07-01 13:13:44,Active,Priyal Motwani
2025-07-01 13:13:30,Active,Shubhangi Agrawal
2025-07-01 13:13:07,Active,Deepika Das Pereira
2025-07-01 13:13:05,Active,Priyanka Bonick (Bhatnagar)
2025-07-01 13:12:58,Active,Saranya Ravi
2025-07-01 13:12:23,Active,Nikhil Kamath
2025-07-01 13:11:54,Active,Shruti Singhal
2025-06-30 08:14:34,Active,Pariniti Sharma
2025-06-30 08:13:33,Active,Mrusha Brahmachari
2025-06-30 08:13:18,Active,Aditi Mangalorkar
2025-06-19 12:40:52,Active,Saloni  Shah
2025-06-19 12:40:44,Active,Apurva Umakant
2025-06-19 12:40:05,Active,Shruti  .
2025-06-18 17:27:50,Active,Yashvi Pandey
2025-06-18 13:49:20,Active,Shraddha Sinha
2025-06-18 13:49:14,Active,Kanitha Shivakumar
2025-06-18 04:16:09,Active,Aishani Manohar
2025-06-11 06:46:45,Active,Tanya Shukla
2025-06-11 06:34:11,Active,Chandrakala .M
2025-06-10 15:08:58,Active,Harshita  Sharma
2025-06-08 17:50:52,Active,Sangeetha K
2025-06-08 17:50:34,Active,Ganga Prasad
2025-06-08 17:49:21,Active,Deena D Sohal
2025-06-04 18:13:34,Active,Tiyas Koley
2025-06-03 10:58:12,Active,Anindita Kundu
2025-06-03 10:54:25,Active,Urmila  Hejib
2025-06-01 09:14:55,Active,Armaan Sandhu
2025-06-01 09:11:56,Active,Sowmya V
2025-06-01 09:08:30,Active,Khushi Raj
2025-06-01 09:08:21,Active,Ralpha Crency C
2025-05-23 15:05:07,Active,Nandika k
2025-05-06 14:23:04,Active,Tejashwini P M
2025-05-06 14:21:38,Active,Shimran Gupta
2025-04-30 12:55:36,Active,APPURVA PODDAR
2025-04-30 12:55:28,Active,Anusha Rao
2025-04-30 12:54:50,Active,Richa Yadav
2025-04-30 12:51:48,Active,Priyanka Dutta
2025-04-30 12:51:35,Active,Sheetal Jangale
2025-04-22 11:49:45,Active,Sanskriti Singh
2025-04-22 11:46:30,Active,Chinmayaa K
2025-04-22 11:43:20,Active,Nuwpur Jain
2025-04-22 11:39:13,Active,Sampriti Mahato
2025-04-22 11:38:29,Active,Ritika Dev
2025-04-13 12:57:19,Active,Riya Sharma
2025-04-13 12:55:51,Active,Bernardine Varghese
2025-04-13 12:55:23,Active,Shikha Ojha
2025-04-13 12:55:20,Active,Nidhi Kejriwal
2025-04-13 05:34:47,Active,Sonal Goel
2025-04-13 05:33:56,Active,Advithi MJ
2025-04-12 21:08:42,Active,Navyaa Sharma
2025-04-11 19:23:38,Active,Samhita Rambhatla
2025-04-11 19:20:17,Active,bhavna Singh
2025-04-11 19:18:52,Active,Adithya Devaraj
2025-03-31 19:57:36,Active,Aditi Singh
2025-03-31 19:53:11,Active,Kunguma meenakshi Somasundaram
2025-03-31 19:52:53,Active,Siji Liz Mathew
2025-03-31 19:51:57,Active,Supriya Kamble
2025-03-31 19:50:34,Active,Atulya Singh
2025-03-31 19:46:55,Active,Nishita Sankhala
2025-02-26 04:28:44,Active,Dr. Dolla Udawat (PT)
2025-02-26 04:27:30,Active,Dr.Urvashi Bhanushali
2025-02-26 04:27:10,Active,Dr. Sanchita Pahari (PT)
2025-02-26 04:26:28,Active,Dr. Aarya Mane
2025-02-26 04:26:12,Active,Dr.Shibalika Dash
2025-02-26 04:26:02,Active,Ritika Satija
2025-02-26 04:25:45,Active,Ayushi Anand
2025-02-24 15:09:02,Active,Mahek Arora
2025-02-01 17:04:39,Active,Shilpa Gupta
2025-02-01 17:02:43,Active,Janhavi Sanjiv Mehta
2025-02-01 16:59:06,Active,Ruchika Mehta
2025-01-17 10:20:29,Active,Khushboo Yadav
2025-01-06 15:04:10,Active,Dharshini  Shivam
2025-01-06 15:01:14,Active,Ananya Srinath
2025-01-06 14:59:03,Active,Gunjan Panda
2025-01-06 14:58:15,Active,Alpana Dubey
2025-01-01 17:11:13,Active,Agamya Singh
2025-01-01 17:09:00,Active,Saniya Verma
2025-01-01 16:57:16,Active,Tripti Choudhary
2025-01-01 16:57:15,Active,Tamanna Pugalia
2025-01-01 16:51:19,Active,Sanjana Kumar
2024-12-24 09:25:18,Active,Shweta Shivani
2024-12-24 09:18:13,Active,Sakshi Singh
2024-12-24 09:17:47,Active,Rakshitha S
2024-12-24 09:17:26,Active,"Nandita Saha, MBA"
2024-12-24 09:13:00,Active,Vidhi Kamerikar
2024-11-20 15:37:35,Active,Divya Sharma
2024-11-20 15:36:31,Active,Nikitha S Kumar
2024-11-17 11:40:12,Active,Rosni Sharma
2024-11-17 11:32:14,Active,Surabhi Jain
2024-11-15 13:21:11,Active,Bhumika Godhwani
2024-11-15 13:06:26,Active,TEKI VEDA SRIVALLI
2024-11-15 13:02:25,Active,Dr. Ishita Maity
2024-11-06 09:22:13,Active,Usha GP
2024-11-02 20:37:35,Active,Sonal Priya
2024-11-02 20:37:34,Active,Rachna Singh
2024-11-02 19:47:41,Active,Sanjana Varghese
2024-11-02 19:47:40,Active,Supriya Verma
2024-11-02 19:47:36,Active,Jyoti Yadav
2024-11-02 19:47:28,Active,Anwesha Dash
2024-11-02 19:47:19,Active,Nancy Raj
2024-10-24 23:00:04,Active,Sonali Chopra
2024-10-14 08:14:00,Active,Tamanna Verma
2024-10-14 08:13:53,Active,Abhilipsa Jena
2024-10-11 21:19:07,Active,preeti mehra
2024-10-07 22:45:59,Active,S Dhrutha
2024-10-07 22:43:57,Active,Anamika Singh
2024-10-07 22:43:33,Active,Ann Christine Benny
2024-10-07 22:43:26,Active,Meenakshi V
2024-10-07 22:42:39,Active,Neha Katti
2024-10-07 22:39:22,Active,Varshitha D S
2024-10-02 11:23:13,Active,Sanjana Garodia
2024-10-02 11:22:55,Active,Rajashree Mondal
2024-10-02 11:21:24,Active,Tanvi Priya
2024-10-02 11:21:04,Active,Srishti Bose
2024-10-02 11:19:43,Active,Ritika Basu
2024-10-02 11:12:27,Active,Meenakshi Nidhi
2024-10-02 11:08:00,Active,Nibedita Deb
2024-10-02 11:07:13,Active,Amita Sharma
2024-10-02 11:06:54,Active,Ankita Bishnoi
2024-10-02 11:06:36,Active,Pragati Lata
2024-10-02 11:05:47,Active,Tanisha Taneja
2024-10-02 11:04:55,Active,Chetna Mahajan
2024-09-23 15:15:27,Active,Reshma S I
2024-09-23 15:15:26,Active,Kavya S
2024-09-23 15:15:13,Active,Kritika Mundra
2024-09-23 15:14:31,Active,SAI NANDINI
2024-09-23 15:11:20,Active,Paulami Banerjee
2024-09-23 14:31:10,Active,Aditi Jain
2024-09-21 09:29:34,Active,Kajal Jaiswal
2024-09-21 09:27:36,Active,Aalia Khan
2024-09-21 09:25:25,Active,Neha Shekar
2024-09-21 09:08:56,Active,Janvi Kapoor
2024-09-19 23:38:08,Active,Swapnalika Singh (She/Her/Hers)
2024-09-18 16:56:05,Active,Sneha Kaur
2024-09-18 16:53:48,Active,Kritee Agarwal
2024-09-16 08:43:41,Active,Disha Mandiratta
2024-09-16 08:40:47,Active,Beck Zhang
2024-09-16 08:40:10,Active,Pallabi Roy
2024-09-16 08:39:07,Active,Dr. Nidhi Bawashe
2024-09-16 08:34:23,Active,Amrisha Mishra
2024-09-14 20:05:43,Active,Riya  Raj
2024-09-14 20:04:16,Active,Ankita Singh
2024-09-14 20:03:31,Active,Dr. Nitu Ghosh
2024-09-14 20:01:53,Active,Himanshu Kumar
2024-09-14 20:01:46,Active,Shradha Sharma
2024-09-14 10:01:08,Active,Ajai Chowdhry
2024-09-10 19:18:04,Active,HH Sheikh Mohamed  bin Zayed Al Nahyan
2024-09-10 19:17:38,Active,Larry Fink
2024-09-10 19:17:36,Active,Satya Nadella
2024-09-10 19:17:23,Active,Rishi Sunak
2024-09-10 19:17:18,Active,Narendra Modi
2024-09-10 19:17:11,Active,Christoph Schweizer
2024-09-10 19:17:09,Active,Seth Berkley
2024-09-10 19:16:53,Active,Neeraj Arora
2024-09-10 19:16:52,Active,CA Shivam Palan
2024-09-10 19:16:50,Active,CA Sakchi Jain
2024-09-10 19:16:48,Active,Raj Shamani
2024-09-10 16:49:42,Active,Jayashree N
2024-09-10 16:48:57,Active,Madhumitha G E
2024-09-01 13:22:17,Active,Simran Kumari
2024-08-30 16:33:40,Active,Shreya Sahore
2024-08-30 16:33:36,Active,Bill Gates
2024-08-30 16:33:31,Unfollow,Rohan Sharma
2024-08-30 16:33:28,Active,Ankit Raj
2024-08-30 16:33:22,Active,Neha Jaiswal
