Job ID,Company,Role,Application URL,Submitted At,Submission Status,Evidence Type,Evidence Location,Confirmation ID,Screenshot / File Ref,Human Approval,Duplicate Check
BLR-JOB-001,Accenture India,Global Business Operations & BD Analyst,https://www.accenture.com/in-en/careers,NOT_YET_SUBMITTED,NOT_APPLIED,LOCAL_DRAFT_ASSET,Company_Tailored_CVs/CV_Aditya_Mehra_Accenture_India.md | Email_Drafts/Email_Draft_BLR-JOB-001_Accenture_India.eml,UNKNOWN ? EVIDENCE REQUIRED,NOT_AVAILABLE,REQUIRED_BEFORE_SUBMISSION,PASSED (1 record per Requisition ID)
BLR-JOB-002,Deloitte US-India,Risk & Business Operations Advisory Analyst,https://www2.deloitte.com/ui/en/careers/careers.html,NOT_YET_SUBMITTED,NOT_APPLIED,LOCAL_DRAFT_ASSET,Company_Tailored_CVs/CV_Aditya_Mehra_Deloitte_US_India.md | Email_Drafts/Email_Draft_BLR-JOB-002_Deloitte_US_India.eml,UNKNOWN ? EVIDENCE REQUIRED,NOT_AVAILABLE,REQUIRED_BEFORE_SUBMISSION,PASSED (1 record per Requisition ID)
BLR-JOB-003,EY (Ernst & Young GDS),Business Analyst - Global Advisory,https://www.ey.com/en_in/careers,NOT_YET_SUBMITTED,NOT_APPLIED,LOCAL_DRAFT_ASSET,Company_Tailored_CVs/CV_Aditya_Mehra_EY__Ernst___Young_GDS_.md | Email_Drafts/Email_Draft_BLR-JOB-003_EY__Ernst___Young_GDS_.eml,UNKNOWN ? EVIDENCE REQUIRED,NOT_AVAILABLE,REQUIRED_BEFORE_SUBMISSION,PASSED (1 record per Requisition ID)
BLR-JOB-004,Amazon Bangalore,Operations & Vendor Management Executive,https://www.amazon.jobs/en/locations/bangalore-india,NOT_YET_SUBMITTED,NOT_APPLIED,LOCAL_DRAFT_ASSET,Company_Tailored_CVs/CV_Aditya_Mehra_Amazon_Bangalore.md | Email_Drafts/Email_Draft_BLR-JOB-004_Amazon_Bangalore.eml,UNKNOWN ? EVIDENCE REQUIRED,NOT_AVAILABLE,REQUIRED_BEFORE_SUBMISSION,PASSED (1 record per Requisition ID)
BLR-JOB-005,Goldman Sachs,Global Markets Operations Analyst,https://www.goldmansachs.com/careers/,NOT_YET_SUBMITTED,NOT_APPLIED,LOCAL_DRAFT_ASSET,Company_Tailored_CVs/CV_Aditya_Mehra_Goldman_Sachs.md | Email_Drafts/Email_Draft_BLR-JOB-005_Goldman_Sachs.eml,UNKNOWN ? EVIDENCE REQUIRED,NOT_AVAILABLE,REQUIRED_BEFORE_SUBMISSION,PASSED (1 record per Requisition ID)
BLR-JOB-006,JP Morgan Chase,Global Operations & Compliance Associate,https://careers.jpmorganchase.com/,NOT_YET_SUBMITTED,NOT_APPLIED,LOCAL_DRAFT_ASSET,Company_Tailored_CVs/CV_Aditya_Mehra_JP_Morgan_Chase.md | Email_Drafts/Email_Draft_BLR-JOB-006_JP_Morgan_Chase.eml,UNKNOWN ? EVIDENCE REQUIRED,NOT_AVAILABLE,REQUIRED_BEFORE_SUBMISSION,PASSED (1 record per Requisition ID)
BLR-JOB-007,Pencil Mark Interior Solutions,Business Development Executive (Off-Campus Track),https://www.pencilmark.in/,NOT_YET_SUBMITTED,NOT_APPLIED,LOCAL_DRAFT_ASSET,Company_Tailored_CVs/CV_Aditya_Mehra_Pencil_Mark_Interior_Solutions.md | Email_Drafts/Email_Draft_BLR-JOB-007_Pencil_Mark_Interior_Solutions.eml,UNKNOWN ? EVIDENCE REQUIRED,NOT_AVAILABLE,REQUIRED_BEFORE_SUBMISSION,PASSED (1 record per Requisition ID)
BLR-JOB-008,AERO India / Salt in My Coca,Exhibition & Event Operations Lead,https://aeroindia.gov.in/,NOT_YET_SUBMITTED,NOT_APPLIED,LOCAL_DRAFT_ASSET,Company_Tailored_CVs/CV_Aditya_Mehra_AERO_India___Salt_in_My_Coca.md | Email_Drafts/Email_Draft_BLR-JOB-008_AERO_India___Salt_in_My_Coca.eml,UNKNOWN ? EVIDENCE REQUIRED,NOT_AVAILABLE,REQUIRED_BEFORE_SUBMISSION,PASSED (1 record per Requisition ID)
BLR-JOB-009,IBM India,Supply Chain & Operations Consultant,https://www.ibm.com/in-en/employment/,NOT_YET_SUBMITTED,NOT_APPLIED,LOCAL_DRAFT_ASSET,Company_Tailored_CVs/CV_Aditya_Mehra_IBM_India.md | Email_Drafts/Email_Draft_BLR-JOB-009_IBM_India.eml,UNKNOWN ? EVIDENCE REQUIRED,NOT_AVAILABLE,REQUIRED_BEFORE_SUBMISSION,PASSED (1 record per Requisition ID)
BLR-JOB-010,TE Connectivity,Global Supply Chain Support Executive,https://www.te.com/usa-en/about-te/careers.html,NOT_YET_SUBMITTED,NOT_APPLIED,LOCAL_DRAFT_ASSET,Company_Tailored_CVs/CV_Aditya_Mehra_TE_Connectivity.md | Email_Drafts/Email_Draft_BLR-JOB-010_TE_Connectivity.eml,UNKNOWN ? EVIDENCE REQUIRED,NOT_AVAILABLE,REQUIRED_BEFORE_SUBMISSION,PASSED (1 record per Requisition ID)
BLR-JOB-011,Puma India,Event Activation & Brand Operations Lead,https://in.puma.com/,NOT_YET_SUBMITTED,NOT_APPLIED,LOCAL_DRAFT_ASSET,Company_Tailored_CVs/CV_Aditya_Mehra_Puma_India.md | Email_Drafts/Email_Draft_BLR-JOB-011_Puma_India.eml,UNKNOWN ? EVIDENCE REQUIRED,NOT_AVAILABLE,REQUIRED_BEFORE_SUBMISSION,PASSED (1 record per Requisition ID)
BLR-JOB-012,KPMG Global Services,Global Risk & Management Trainee,https://home.kpmg/in/en/home/careers.html,NOT_YET_SUBMITTED,NOT_APPLIED,LOCAL_DRAFT_ASSET,Company_Tailored_CVs/CV_Aditya_Mehra_KPMG_Global_Services.md | Email_Drafts/Email_Draft_BLR-JOB-012_KPMG_Global_Services.eml,UNKNOWN ? EVIDENCE REQUIRED,NOT_AVAILABLE,REQUIRED_BEFORE_SUBMISSION,PASSED (1 record per Requisition ID)
BLR-JOB-013,PwC Service Delivery Center,Business Operations Analyst,https://www.pwc.in/careers.html,NOT_YET_SUBMITTED,NOT_APPLIED,LOCAL_DRAFT_ASSET,Company_Tailored_CVs/CV_Aditya_Mehra_PwC_Service_Delivery_Center.md | Email_Drafts/Email_Draft_BLR-JOB-013_PwC_Service_Delivery_Center.eml,UNKNOWN ? EVIDENCE REQUIRED,NOT_AVAILABLE,REQUIRED_BEFORE_SUBMISSION,PASSED (1 record per Requisition ID)
BLR-JOB-014,HSBC EDPI,Global Trade & Receivables Finance Associate,https://www.hsbc.com/careers,NOT_YET_SUBMITTED,NOT_APPLIED,LOCAL_DRAFT_ASSET,Company_Tailored_CVs/CV_Aditya_Mehra_HSBC_EDPI.md | Email_Drafts/Email_Draft_BLR-JOB-014_HSBC_EDPI.eml,UNKNOWN ? EVIDENCE REQUIRED,NOT_AVAILABLE,REQUIRED_BEFORE_SUBMISSION,PASSED (1 record per Requisition ID)
BLR-JOB-015,Swiss Re,Operations & Reinsurance Risk Analyst,https://www.swissre.com/careers/,NOT_YET_SUBMITTED,NOT_APPLIED,LOCAL_DRAFT_ASSET,Company_Tailored_CVs/CV_Aditya_Mehra_Swiss_Re.md | Email_Drafts/Email_Draft_BLR-JOB-015_Swiss_Re.eml,UNKNOWN ? EVIDENCE REQUIRED,NOT_AVAILABLE,REQUIRED_BEFORE_SUBMISSION,PASSED (1 record per Requisition ID)
BLR-JOB-016,Boeing India,Supply Chain & Logistics Operations Specialist,https://jobs.boeing.com/,NOT_YET_SUBMITTED,NOT_APPLIED,LOCAL_DRAFT_ASSET,Company_Tailored_CVs/CV_Aditya_Mehra_Boeing_India.md | Email_Drafts/Email_Draft_BLR-JOB-016_Boeing_India.eml,UNKNOWN ? EVIDENCE REQUIRED,NOT_AVAILABLE,REQUIRED_BEFORE_SUBMISSION,PASSED (1 record per Requisition ID)
BLR-JOB-017,Cisco Systems,Global Supply Chain Analyst,https://jobs.cisco.com/,NOT_YET_SUBMITTED,NOT_APPLIED,LOCAL_DRAFT_ASSET,Company_Tailored_CVs/CV_Aditya_Mehra_Cisco_Systems.md | Email_Drafts/Email_Draft_BLR-JOB-017_Cisco_Systems.eml,UNKNOWN ? EVIDENCE REQUIRED,NOT_AVAILABLE,REQUIRED_BEFORE_SUBMISSION,PASSED (1 record per Requisition ID)
BLR-JOB-018,Google India,Business Development & Client Operations Lead,https://careers.google.com/,NOT_YET_SUBMITTED,NOT_APPLIED,LOCAL_DRAFT_ASSET,Company_Tailored_CVs/CV_Aditya_Mehra_Google_India.md | Email_Drafts/Email_Draft_BLR-JOB-018_Google_India.eml,UNKNOWN ? EVIDENCE REQUIRED,NOT_AVAILABLE,REQUIRED_BEFORE_SUBMISSION,PASSED (1 record per Requisition ID)
BLR-JOB-019,Microsoft India,Business Operations Analyst,https://careers.microsoft.com/,NOT_YET_SUBMITTED,NOT_APPLIED,LOCAL_DRAFT_ASSET,Company_Tailored_CVs/CV_Aditya_Mehra_Microsoft_India.md | Email_Drafts/Email_Draft_BLR-JOB-019_Microsoft_India.eml,UNKNOWN ? EVIDENCE REQUIRED,NOT_AVAILABLE,REQUIRED_BEFORE_SUBMISSION,PASSED (1 record per Requisition ID)
BLR-JOB-020,Apple India,Retail Operations & Supply Chain Specialist,https://www.apple.com/careers/in/,NOT_YET_SUBMITTED,NOT_APPLIED,LOCAL_DRAFT_ASSET,Company_Tailored_CVs/CV_Aditya_Mehra_Apple_India.md | Email_Drafts/Email_Draft_BLR-JOB-020_Apple_India.eml,UNKNOWN ? EVIDENCE REQUIRED,NOT_AVAILABLE,REQUIRED_BEFORE_SUBMISSION,PASSED (1 record per Requisition ID)
BLR-JOB-021,DHL Express,Export-Import Freight Operations Associate,https://www.dhl.com/in-en/home/careers.html,NOT_YET_SUBMITTED,NOT_APPLIED,LOCAL_DRAFT_ASSET,Company_Tailored_CVs/CV_Aditya_Mehra_DHL_Express.md | Email_Drafts/Email_Draft_BLR-JOB-021_DHL_Express.eml,UNKNOWN ? EVIDENCE REQUIRED,NOT_AVAILABLE,REQUIRED_BEFORE_SUBMISSION,PASSED (1 record per Requisition ID)
BLR-JOB-022,Maersk Line,Ocean Logistics & Supply Chain Trainee,https://www.maersk.com/careers,NOT_YET_SUBMITTED,NOT_APPLIED,LOCAL_DRAFT_ASSET,Company_Tailored_CVs/CV_Aditya_Mehra_Maersk_Line.md | Email_Drafts/Email_Draft_BLR-JOB-022_Maersk_Line.eml,UNKNOWN ? EVIDENCE REQUIRED,NOT_AVAILABLE,REQUIRED_BEFORE_SUBMISSION,PASSED (1 record per Requisition ID)
BLR-JOB-023,Grant Thornton INDUS,Business Advisory & EXIM Audit Analyst,https://www.grantthornton.in/careers/,NOT_YET_SUBMITTED,NOT_APPLIED,LOCAL_DRAFT_ASSET,Company_Tailored_CVs/CV_Aditya_Mehra_Grant_Thornton_INDUS.md | Email_Drafts/Email_Draft_BLR-JOB-023_Grant_Thornton_INDUS.eml,UNKNOWN ? EVIDENCE REQUIRED,NOT_AVAILABLE,REQUIRED_BEFORE_SUBMISSION,PASSED (1 record per Requisition ID)
BLR-JOB-024,Walmart Global Tech,Supply Chain & Retail Operations Analyst,https://careers.walmart.com/,NOT_YET_SUBMITTED,NOT_APPLIED,LOCAL_DRAFT_ASSET,Company_Tailored_CVs/CV_Aditya_Mehra_Walmart_Global_Tech.md | Email_Drafts/Email_Draft_BLR-JOB-024_Walmart_Global_Tech.eml,UNKNOWN ? EVIDENCE REQUIRED,NOT_AVAILABLE,REQUIRED_BEFORE_SUBMISSION,PASSED (1 record per Requisition ID)
BLR-JOB-025,Honeywell India,Business Operations Associate,https://careers.honeywell.com/,NOT_YET_SUBMITTED,NOT_APPLIED,LOCAL_DRAFT_ASSET,Company_Tailored_CVs/CV_Aditya_Mehra_Honeywell_India.md | Email_Drafts/Email_Draft_BLR-JOB-025_Honeywell_India.eml,UNKNOWN ? EVIDENCE REQUIRED,NOT_AVAILABLE,REQUIRED_BEFORE_SUBMISSION,PASSED (1 record per Requisition ID)
BLR-JOB-026,Schneider Electric,Global Supply Chain Executive,https://www.se.com/in/en/about-us/careers/,NOT_YET_SUBMITTED,NOT_APPLIED,LOCAL_DRAFT_ASSET,Company_Tailored_CVs/CV_Aditya_Mehra_Schneider_Electric.md | Email_Drafts/Email_Draft_BLR-JOB-026_Schneider_Electric.eml,UNKNOWN ? EVIDENCE REQUIRED,NOT_AVAILABLE,REQUIRED_BEFORE_SUBMISSION,PASSED (1 record per Requisition ID)
BLR-JOB-027,Bosch Ltd,Automotive Operations & Logistics Trainee,https://www.bosch.in/careers/,NOT_YET_SUBMITTED,NOT_APPLIED,LOCAL_DRAFT_ASSET,Company_Tailored_CVs/CV_Aditya_Mehra_Bosch_Ltd.md | Email_Drafts/Email_Draft_BLR-JOB-027_Bosch_Ltd.eml,UNKNOWN ? EVIDENCE REQUIRED,NOT_AVAILABLE,REQUIRED_BEFORE_SUBMISSION,PASSED (1 record per Requisition ID)
BLR-JOB-028,Siemens India,Industrial Operations & Business Support,https://jobs.siemens.com/,NOT_YET_SUBMITTED,NOT_APPLIED,LOCAL_DRAFT_ASSET,Company_Tailored_CVs/CV_Aditya_Mehra_Siemens_India.md | Email_Drafts/Email_Draft_BLR-JOB-028_Siemens_India.eml,UNKNOWN ? EVIDENCE REQUIRED,NOT_AVAILABLE,REQUIRED_BEFORE_SUBMISSION,PASSED (1 record per Requisition ID)
BLR-JOB-029,ABB India,Power & Automation Operations Analyst,https://careers.abb/global/en,NOT_YET_SUBMITTED,NOT_APPLIED,LOCAL_DRAFT_ASSET,Company_Tailored_CVs/CV_Aditya_Mehra_ABB_India.md | Email_Drafts/Email_Draft_BLR-JOB-029_ABB_India.eml,UNKNOWN ? EVIDENCE REQUIRED,NOT_AVAILABLE,REQUIRED_BEFORE_SUBMISSION,PASSED (1 record per Requisition ID)
BLR-JOB-030,Livspace,Business Development & Client Operations Manager,https://www.livspace.com/in/careers,NOT_YET_SUBMITTED,NOT_APPLIED,LOCAL_DRAFT_ASSET,Company_Tailored_CVs/CV_Aditya_Mehra_Livspace.md | Email_Drafts/Email_Draft_BLR-JOB-030_Livspace.eml,UNKNOWN ? EVIDENCE REQUIRED,NOT_AVAILABLE,REQUIRED_BEFORE_SUBMISSION,PASSED (1 record per Requisition ID)
BLR-JOB-031,Homelane,Client Outreach & Interior Project Executive,https://www.homelane.com/careers,NOT_YET_SUBMITTED,NOT_APPLIED,LOCAL_DRAFT_ASSET,Company_Tailored_CVs/CV_Aditya_Mehra_Homelane.md | Email_Drafts/Email_Draft_BLR-JOB-031_Homelane.eml,UNKNOWN ? EVIDENCE REQUIRED,NOT_AVAILABLE,REQUIRED_BEFORE_SUBMISSION,PASSED (1 record per Requisition ID)
BLR-JOB-032,Razorpay,Business Development Associate,https://razorpay.com/jobs/,NOT_YET_SUBMITTED,NOT_APPLIED,LOCAL_DRAFT_ASSET,Company_Tailored_CVs/CV_Aditya_Mehra_Razorpay.md | Email_Drafts/Email_Draft_BLR-JOB-032_Razorpay.eml,UNKNOWN ? EVIDENCE REQUIRED,NOT_AVAILABLE,REQUIRED_BEFORE_SUBMISSION,PASSED (1 record per Requisition ID)
BLR-JOB-033,CRED,Member Experience & Operations Analyst,https://cred.club/careers,NOT_YET_SUBMITTED,NOT_APPLIED,LOCAL_DRAFT_ASSET,Company_Tailored_CVs/CV_Aditya_Mehra_CRED.md | Email_Drafts/Email_Draft_BLR-JOB-033_CRED.eml,UNKNOWN ? EVIDENCE REQUIRED,NOT_AVAILABLE,REQUIRED_BEFORE_SUBMISSION,PASSED (1 record per Requisition ID)
BLR-JOB-034,PhonePe,Merchant Business Development Executive,https://www.phonepe.com/careers/,NOT_YET_SUBMITTED,NOT_APPLIED,LOCAL_DRAFT_ASSET,Company_Tailored_CVs/CV_Aditya_Mehra_PhonePe.md | Email_Drafts/Email_Draft_BLR-JOB-034_PhonePe.eml,UNKNOWN ? EVIDENCE REQUIRED,NOT_AVAILABLE,REQUIRED_BEFORE_SUBMISSION,PASSED (1 record per Requisition ID)
BLR-JOB-035,Groww,Operations & Compliance Associate,https://groww.in/careers,NOT_YET_SUBMITTED,NOT_APPLIED,LOCAL_DRAFT_ASSET,Company_Tailored_CVs/CV_Aditya_Mehra_Groww.md | Email_Drafts/Email_Draft_BLR-JOB-035_Groww.eml,UNKNOWN ? EVIDENCE REQUIRED,NOT_AVAILABLE,REQUIRED_BEFORE_SUBMISSION,PASSED (1 record per Requisition ID)
BLR-JOB-036,Zerodha,Client Support & Operations Specialist,https://zerodha.com/careers,NOT_YET_SUBMITTED,NOT_APPLIED,LOCAL_DRAFT_ASSET,Company_Tailored_CVs/CV_Aditya_Mehra_Zerodha.md | Email_Drafts/Email_Draft_BLR-JOB-036_Zerodha.eml,UNKNOWN ? EVIDENCE REQUIRED,NOT_AVAILABLE,REQUIRED_BEFORE_SUBMISSION,PASSED (1 record per Requisition ID)
BLR-JOB-037,Delhivery,Express Freight & Logistics Executive,https://www.delhivery.com/careers,NOT_YET_SUBMITTED,NOT_APPLIED,LOCAL_DRAFT_ASSET,Company_Tailored_CVs/CV_Aditya_Mehra_Delhivery.md | Email_Drafts/Email_Draft_BLR-JOB-037_Delhivery.eml,UNKNOWN ? EVIDENCE REQUIRED,NOT_AVAILABLE,REQUIRED_BEFORE_SUBMISSION,PASSED (1 record per Requisition ID)
BLR-JOB-038,Blue Dart,Air Cargo Logistics Operations Lead,https://www.bluedart.com/careers,NOT_YET_SUBMITTED,NOT_APPLIED,LOCAL_DRAFT_ASSET,Company_Tailored_CVs/CV_Aditya_Mehra_Blue_Dart.md | Email_Drafts/Email_Draft_BLR-JOB-038_Blue_Dart.eml,UNKNOWN ? EVIDENCE REQUIRED,NOT_AVAILABLE,REQUIRED_BEFORE_SUBMISSION,PASSED (1 record per Requisition ID)
BLR-JOB-039,Wizcraft International,Experiential Event Producer,http://www.wizcraftworld.com/,NOT_YET_SUBMITTED,NOT_APPLIED,LOCAL_DRAFT_ASSET,Company_Tailored_CVs/CV_Aditya_Mehra_Wizcraft_International.md | Email_Drafts/Email_Draft_BLR-JOB-039_Wizcraft_International.eml,UNKNOWN ? EVIDENCE REQUIRED,NOT_AVAILABLE,REQUIRED_BEFORE_SUBMISSION,PASSED (1 record per Requisition ID)
BLR-JOB-040,Percept Limited,Event Operations & Brand Activation Lead,https://www.perceptlimited.com/,NOT_YET_SUBMITTED,NOT_APPLIED,LOCAL_DRAFT_ASSET,Company_Tailored_CVs/CV_Aditya_Mehra_Percept_Limited.md | Email_Drafts/Email_Draft_BLR-JOB-040_Percept_Limited.eml,UNKNOWN ? EVIDENCE REQUIRED,NOT_AVAILABLE,REQUIRED_BEFORE_SUBMISSION,PASSED (1 record per Requisition ID)
BLR-JOB-041,Dentsu India (Fountainhead),Experiential Brand Activation Manager,https://www.dentsu.com/in/en/careers,NOT_YET_SUBMITTED,NOT_APPLIED,LOCAL_DRAFT_ASSET,Company_Tailored_CVs/CV_Aditya_Mehra_Dentsu_India__Fountainhead_.md | Email_Drafts/Email_Draft_BLR-JOB-041_Dentsu_India__Fountainhead_.eml,UNKNOWN ? EVIDENCE REQUIRED,NOT_AVAILABLE,REQUIRED_BEFORE_SUBMISSION,PASSED (1 record per Requisition ID)
BLR-JOB-042,Nestle India,Supply Chain & Retail Operations Trainee,https://www.nestle.in/jobs,NOT_YET_SUBMITTED,NOT_APPLIED,LOCAL_DRAFT_ASSET,Company_Tailored_CVs/CV_Aditya_Mehra_Nestle_India.md | Email_Drafts/Email_Draft_BLR-JOB-042_Nestle_India.eml,UNKNOWN ? EVIDENCE REQUIRED,NOT_AVAILABLE,REQUIRED_BEFORE_SUBMISSION,PASSED (1 record per Requisition ID)
BLR-JOB-043,Britannia Industries,FMCG Operations & Supply Chain Trainee,https://britannia.co.in/careers,NOT_YET_SUBMITTED,NOT_APPLIED,LOCAL_DRAFT_ASSET,Company_Tailored_CVs/CV_Aditya_Mehra_Britannia_Industries.md | Email_Drafts/Email_Draft_BLR-JOB-043_Britannia_Industries.eml,UNKNOWN ? EVIDENCE REQUIRED,NOT_AVAILABLE,REQUIRED_BEFORE_SUBMISSION,PASSED (1 record per Requisition ID)
BLR-JOB-044,Titan Company,Retail Operations & Business Trainee,https://www.titancompany.in/careers,NOT_YET_SUBMITTED,NOT_APPLIED,LOCAL_DRAFT_ASSET,Company_Tailored_CVs/CV_Aditya_Mehra_Titan_Company.md | Email_Drafts/Email_Draft_BLR-JOB-044_Titan_Company.eml,UNKNOWN ? EVIDENCE REQUIRED,NOT_AVAILABLE,REQUIRED_BEFORE_SUBMISSION,PASSED (1 record per Requisition ID)
BLR-JOB-045,Hindustan Unilever (HUL),Customer Operations & Supply Chain Associate,https://www.hul.co.in/careers/,NOT_YET_SUBMITTED,NOT_APPLIED,LOCAL_DRAFT_ASSET,Company_Tailored_CVs/CV_Aditya_Mehra_Hindustan_Unilever__HUL_.md | Email_Drafts/Email_Draft_BLR-JOB-045_Hindustan_Unilever__HUL_.eml,UNKNOWN ? EVIDENCE REQUIRED,NOT_AVAILABLE,REQUIRED_BEFORE_SUBMISSION,PASSED (1 record per Requisition ID)
BLR-JOB-046,ITC Limited,Trade Operations & Logistics Management Trainee,https://www.itcportal.com/careers/,NOT_YET_SUBMITTED,NOT_APPLIED,LOCAL_DRAFT_ASSET,Company_Tailored_CVs/CV_Aditya_Mehra_ITC_Limited.md | Email_Drafts/Email_Draft_BLR-JOB-046_ITC_Limited.eml,UNKNOWN ? EVIDENCE REQUIRED,NOT_AVAILABLE,REQUIRED_BEFORE_SUBMISSION,PASSED (1 record per Requisition ID)
BLR-JOB-047,Colgate-Palmolive,Supply Chain Support Associate,https://www.colgatepalmolive.co.in/careers,NOT_YET_SUBMITTED,NOT_APPLIED,LOCAL_DRAFT_ASSET,Company_Tailored_CVs/CV_Aditya_Mehra_Colgate_Palmolive.md | Email_Drafts/Email_Draft_BLR-JOB-047_Colgate_Palmolive.eml,UNKNOWN ? EVIDENCE REQUIRED,NOT_AVAILABLE,REQUIRED_BEFORE_SUBMISSION,PASSED (1 record per Requisition ID)
BLR-JOB-048,3M India,Industrial Operations Support Specialist,https://www.3m.co.in/3M/en_IN/company-in/careers/,NOT_YET_SUBMITTED,NOT_APPLIED,LOCAL_DRAFT_ASSET,Company_Tailored_CVs/CV_Aditya_Mehra_3M_India.md | Email_Drafts/Email_Draft_BLR-JOB-048_3M_India.eml,UNKNOWN ? EVIDENCE REQUIRED,NOT_AVAILABLE,REQUIRED_BEFORE_SUBMISSION,PASSED (1 record per Requisition ID)
BLR-JOB-049,Pfizer India,Commercial Operations & Data Trainee,https://www.pfizer.co.in/careers,NOT_YET_SUBMITTED,NOT_APPLIED,LOCAL_DRAFT_ASSET,Company_Tailored_CVs/CV_Aditya_Mehra_Pfizer_India.md | Email_Drafts/Email_Draft_BLR-JOB-049_Pfizer_India.eml,UNKNOWN ? EVIDENCE REQUIRED,NOT_AVAILABLE,REQUIRED_BEFORE_SUBMISSION,PASSED (1 record per Requisition ID)
BLR-JOB-050,AstraZeneca India,Commercial Operations Support Specialist,https://www.astrazeneca.in/careers.html,NOT_YET_SUBMITTED,NOT_APPLIED,LOCAL_DRAFT_ASSET,Company_Tailored_CVs/CV_Aditya_Mehra_AstraZeneca_India.md | Email_Drafts/Email_Draft_BLR-JOB-050_AstraZeneca_India.eml,UNKNOWN ? EVIDENCE REQUIRED,NOT_AVAILABLE,REQUIRED_BEFORE_SUBMISSION,PASSED (1 record per Requisition ID)
BLR-JOB-051,Novartis India,Business Operations Support Associate,https://www.novartis.in/careers,NOT_YET_SUBMITTED,NOT_APPLIED,LOCAL_DRAFT_ASSET,Company_Tailored_CVs/CV_Aditya_Mehra_Novartis_India.md | Email_Drafts/Email_Draft_BLR-JOB-051_Novartis_India.eml,UNKNOWN ? EVIDENCE REQUIRED,NOT_AVAILABLE,REQUIRED_BEFORE_SUBMISSION,PASSED (1 record per Requisition ID)
BLR-JOB-052,Eurofins Scientific,Analytical Operations Support Trainee,https://www.eurofins.in/careers/,NOT_YET_SUBMITTED,NOT_APPLIED,LOCAL_DRAFT_ASSET,Company_Tailored_CVs/CV_Aditya_Mehra_Eurofins_Scientific.md | Email_Drafts/Email_Draft_BLR-JOB-052_Eurofins_Scientific.eml,UNKNOWN ? EVIDENCE REQUIRED,NOT_AVAILABLE,REQUIRED_BEFORE_SUBMISSION,PASSED (1 record per Requisition ID)
BLR-JOB-053,WeWork India,Community & Event Operations Lead,https://wework.co.in/careers,NOT_YET_SUBMITTED,NOT_APPLIED,LOCAL_DRAFT_ASSET,Company_Tailored_CVs/CV_Aditya_Mehra_WeWork_India.md | Email_Drafts/Email_Draft_BLR-JOB-053_WeWork_India.eml,UNKNOWN ? EVIDENCE REQUIRED,NOT_AVAILABLE,REQUIRED_BEFORE_SUBMISSION,PASSED (1 record per Requisition ID)
BLR-JOB-054,Awfis Space Solutions,Center Operations & Client Success Manager,https://www.awfis.com/careers,NOT_YET_SUBMITTED,NOT_APPLIED,LOCAL_DRAFT_ASSET,Company_Tailored_CVs/CV_Aditya_Mehra_Awfis_Space_Solutions.md | Email_Drafts/Email_Draft_BLR-JOB-054_Awfis_Space_Solutions.eml,UNKNOWN ? EVIDENCE REQUIRED,NOT_AVAILABLE,REQUIRED_BEFORE_SUBMISSION,PASSED (1 record per Requisition ID)
BLR-JOB-055,Indiqube,Workspace Operations Executive,https://indiqube.com/careers,NOT_YET_SUBMITTED,NOT_APPLIED,LOCAL_DRAFT_ASSET,Company_Tailored_CVs/CV_Aditya_Mehra_Indiqube.md | Email_Drafts/Email_Draft_BLR-JOB-055_Indiqube.eml,UNKNOWN ? EVIDENCE REQUIRED,NOT_AVAILABLE,REQUIRED_BEFORE_SUBMISSION,PASSED (1 record per Requisition ID)
BLR-JOB-056,Swiggy,Field Operations & Supply Chain Trainee,https://careers.swiggy.com/,NOT_YET_SUBMITTED,NOT_APPLIED,LOCAL_DRAFT_ASSET,Company_Tailored_CVs/CV_Aditya_Mehra_Swiggy.md | Email_Drafts/Email_Draft_BLR-JOB-056_Swiggy.eml,UNKNOWN ? EVIDENCE REQUIRED,NOT_AVAILABLE,REQUIRED_BEFORE_SUBMISSION,PASSED (1 record per Requisition ID)
BLR-JOB-057,Zomato,Restaurant Operations Lead,https://www.zomato.com/careers,NOT_YET_SUBMITTED,NOT_APPLIED,LOCAL_DRAFT_ASSET,Company_Tailored_CVs/CV_Aditya_Mehra_Zomato.md | Email_Drafts/Email_Draft_BLR-JOB-057_Zomato.eml,UNKNOWN ? EVIDENCE REQUIRED,NOT_AVAILABLE,REQUIRED_BEFORE_SUBMISSION,PASSED (1 record per Requisition ID)
BLR-JOB-058,Licious,Supply Chain Operations Lead,https://www.licious.in/careers,NOT_YET_SUBMITTED,NOT_APPLIED,LOCAL_DRAFT_ASSET,Company_Tailored_CVs/CV_Aditya_Mehra_Licious.md | Email_Drafts/Email_Draft_BLR-JOB-058_Licious.eml,UNKNOWN ? EVIDENCE REQUIRED,NOT_AVAILABLE,REQUIRED_BEFORE_SUBMISSION,PASSED (1 record per Requisition ID)
BLR-JOB-059,Urban Company,Partner Operations Specialist,https://careers.urbancompany.com/,NOT_YET_SUBMITTED,NOT_APPLIED,LOCAL_DRAFT_ASSET,Company_Tailored_CVs/CV_Aditya_Mehra_Urban_Company.md | Email_Drafts/Email_Draft_BLR-JOB-059_Urban_Company.eml,UNKNOWN ? EVIDENCE REQUIRED,NOT_AVAILABLE,REQUIRED_BEFORE_SUBMISSION,PASSED (1 record per Requisition ID)
BLR-JOB-060,Dunzo,Logistics & Fleet Operations Executive,https://www.dunzo.com/careers,NOT_YET_SUBMITTED,NOT_APPLIED,LOCAL_DRAFT_ASSET,Company_Tailored_CVs/CV_Aditya_Mehra_Dunzo.md | Email_Drafts/Email_Draft_BLR-JOB-060_Dunzo.eml,UNKNOWN ? EVIDENCE REQUIRED,NOT_AVAILABLE,REQUIRED_BEFORE_SUBMISSION,PASSED (1 record per Requisition ID)
BLR-JOB-061,Zepto,Dark Store Operations Executive,https://www.zepto.com/careers,NOT_YET_SUBMITTED,NOT_APPLIED,LOCAL_DRAFT_ASSET,Company_Tailored_CVs/CV_Aditya_Mehra_Zepto.md | Email_Drafts/Email_Draft_BLR-JOB-061_Zepto.eml,UNKNOWN ? EVIDENCE REQUIRED,NOT_AVAILABLE,REQUIRED_BEFORE_SUBMISSION,PASSED (1 record per Requisition ID)
