Company Name,Target Role,Location,Application Portal Link,Status,Candidate Name,Candidate Phone,Candidate Email
Walmart Global Tech,Supply Chain & Retail Operations Analyst,Bangalore (Ecospace ORR / Sarjapur),https://careers.walmart.com/,Applied / Fast-Track Submitted,Aditya Mehra,+91-7003456624,adityamehra799@gmail.com
Amazon India,Operations & Vendor Management Executive,Bangalore (WTC Rajajinagar / RMZ),https://www.amazon.jobs/en/locations/bangalore-india,Applied / Fast-Track Submitted,Aditya Mehra,+91-7003456624,adityamehra799@gmail.com
Accenture India,Global Business Operations & BD Analyst,Bangalore (Manyata Tech Park / Whitefield),https://www.accenture.com/in-en/careers,Applied / Fast-Track Submitted,Aditya Mehra,+91-7003456624,adityamehra799@gmail.com
Deloitte US-India,Risk & Operations Advisory Analyst,Bangalore (RMZ Ecoworld ORR / Yelahanka),https://www2.deloitte.com/ui/en/careers/careers.html,Applied / Fast-Track Submitted,Aditya Mehra,+91-7003456624,adityamehra799@gmail.com
EY GDS (Ernst & Young),Global Business Analyst – Advisory,Bangalore (Bellandur Ecoworld / Manyata),https://www.ey.com/en_in/careers,Applied / Fast-Track Submitted,Aditya Mehra,+91-7003456624,adityamehra799@gmail.com
PwC India (SDC),Business Operations & Risk Analyst,Bangalore (Outer Ring Road / Marathahalli),https://www.pwc.in/careers.html,Applied / Fast-Track Submitted,Aditya Mehra,+91-7003456624,adityamehra799@gmail.com
Siemens India,Industrial Operations & Commercial Trainee,Bangalore (Electronic City Phase 1),https://jobs.siemens.com/,Applied / Fast-Track Submitted,Aditya Mehra,+91-7003456624,adityamehra799@gmail.com
JPMorgan Chase,Global Operations & Compliance Analyst,Bangalore (Cessna Business Park ORR),https://careers.jpmorganchase.com/,Applied / Fast-Track Submitted,Aditya Mehra,+91-7003456624,adityamehra799@gmail.com
IBM India,Supply Chain Operations Consultant,Bangalore (Manyata Tech Park / E-City),https://www.ibm.com/in-en/employment/,Applied / Fast-Track Submitted,Aditya Mehra,+91-7003456624,adityamehra799@gmail.com
Microsoft India,Business Operations & Program Associate,Bangalore (Prestige Ferns Galaxy ORR),https://careers.microsoft.com/,Applied / Fast-Track Submitted,Aditya Mehra,+91-7003456624,adityamehra799@gmail.com
Google India,Client Operations & Scaled Services Lead,Bangalore (RMZ Ecoworld / Old Madras Road),https://careers.google.com/,Applied / Fast-Track Submitted,Aditya Mehra,+91-7003456624,adityamehra799@gmail.com
Boeing India,Aerospace Supply Chain & Procurement Lead,Bangalore (BIETEC Yelahanka Aerospace Park),https://jobs.boeing.com/,Applied / Fast-Track Submitted,Aditya Mehra,+91-7003456624,adityamehra799@gmail.com
Schneider Electric,Global Supply Chain & EXIM Trainee,Bangalore (Whitefield / Attibele),https://www.se.com/in/en/about-us/careers/,Applied / Fast-Track Submitted,Aditya Mehra,+91-7003456624,adityamehra799@gmail.com
Maersk Line,Ocean Logistics & Trade Associate,Bangalore (Brigade Tech Gardens Whitefield),https://www.maersk.com/careers,Applied / Fast-Track Submitted,Aditya Mehra,+91-7003456624,adityamehra799@gmail.com
DHL Group,Export-Import Freight Operations Specialist,Bangalore (International Airport Hub / ORR),https://www.dhl.com/in-en/home/careers.html,Applied / Fast-Track Submitted,Aditya Mehra,+91-7003456624,adityamehra799@gmail.com
