ID,Company Name,Industry Sector,Target Role Category,Bangalore Hub Location,Target Candidate Profile,Priority Status
COMP-0001,Accenture India,IT & Tech MNCs / GCCs,Business Development & Operations,Bangalore (Manyata Tech Park / Whitefield),Aditya Mehra (BBA IB),High Priority
COMP-0002,Deloitte US-India,Management Consulting & Advisory,Risk & Operations Advisory,Bangalore (RMZ Ecoworld),Aditya Mehra (BBA IB),High Priority
COMP-0003,EY (Ernst & Young GDS),Management Consulting & Advisory,Business Analyst & Operations,Bangalore (Manyata Tech Park),Aditya Mehra (BBA IB),High Priority
COMP-0004,KPMG Global Services,Management Consulting & Advisory,Global Risk & Management Trainee,Bangalore (Embassy GolfLinks),Aditya Mehra (BBA IB),High Priority
COMP-0005,PwC Service Delivery Center,Management Consulting & Advisory,Business Operations Analyst,Bangalore (Marathahalli),Aditya Mehra (BBA IB),High Priority
COMP-0006,Amazon India,FMCG Retail & E-Commerce,Operations & Vendor Executive,Bangalore (WTC Rajajinagar),Aditya Mehra (BBA IB),High Priority
COMP-0007,Goldman Sachs,Financial Services & Investment Banking,Global Operations Analyst,Bangalore (Helios Business Park),Aditya Mehra (BBA IB),High Priority
COMP-0008,JP Morgan Chase,Financial Services & Investment Banking,Global Operations & Compliance,Bangalore (Embassy TechVillage),Aditya Mehra (BBA IB),High Priority
COMP-0009,HSBC Electronic Data Processing,Financial Services & Investment Banking,Global Trade & Receivables Finance,Bangalore (Whitefield),Aditya Mehra (BBA IB),High Priority
COMP-0010,Swiss Re,Financial Services & Investment Banking,Operations & Risk Management,Bangalore (RMZ Ecoworld),Aditya Mehra (BBA IB),High Priority
COMP-0011,IBM India,IT & Tech MNCs / GCCs,Supply Chain & Operations Consultant,Bangalore (Manyata Tech Park),Aditya Mehra (BBA IB),High Priority
COMP-0012,SAP Labs India,IT & Tech MNCs / GCCs,Business Operations & ERP Advisory,Bangalore (Whitefield),Aditya Mehra (BBA IB),High Priority
COMP-0013,TE Connectivity,Manufacturing & Aerospace,Global Supply Chain Support Executive,Bangalore (Whitefield),Aditya Mehra (BBA IB),High Priority
COMP-0014,Boeing India,Manufacturing & Aerospace,Supply Chain & Logistics Operations,Bangalore (Aerospace Park Devanahalli),Aditya Mehra (BBA IB),High Priority
COMP-0015,Apple India,FMCG Retail & E-Commerce,Retail Operations & Supply Chain,Bangalore (UB City Lavelle Road),Aditya Mehra (BBA IB),High Priority
COMP-0016,Google India,IT & Tech MNCs / GCCs,Business Development & Ad Operations,Bangalore (RMZ Infinity),Aditya Mehra (BBA IB),High Priority
COMP-0017,Cisco Systems,IT & Tech MNCs / GCCs,Global Supply Chain Operations,Bangalore (Cessna Business Park),Aditya Mehra (BBA IB),High Priority
COMP-0018,DHL Express & Global Forwarding,Supply Chain Logistics & EXIM,Export-Import Logistics Lead,Bangalore (Bangalore Cargo Hub),Aditya Mehra (BBA IB),High Priority
COMP-0019,Maersk Line India,Supply Chain Logistics & EXIM,Ocean Logistics & Global Supply Chain,Bangalore (Whitefield),Aditya Mehra (BBA IB),High Priority
COMP-0020,Pencil Mark Interior Solutions LLP,Interior Solutions & Real Estate,Business Development & Client Outreach,Bangalore (Indiranagar),Aditya Mehra (BBA IB),High Priority (Prior Intern)
COMP-0021,Salt in My Coca (AERO India 2025 Lead),Event Management & Experiential Marketing,Exhibition & Brand Operations Lead,Bangalore (Yelahanka Air Force Station),Aditya Mehra (BBA IB),High Priority (Prior Project)
COMP-0022,VH1 Supersonic Events Team,Event Management & Experiential Marketing,Event Operations & On-Ground Lead,Bangalore (CBD),Aditya Mehra (BBA IB),High Priority (Prior Freelance)
COMP-0023,Tata Communications Events Team,Event Management & Experiential Marketing,Corporate Event Logistics Coordinator,Bangalore (Electronic City),Aditya Mehra (BBA IB),High Priority (Prior Freelance)
COMP-0024,Puma India,FMCG Retail & E-Commerce,Event Operations & Marketing Executive,Bangalore (Indiranagar),Aditya Mehra (BBA IB),High Priority (Prior Freelance)
COMP-0025,Grant Thornton INDUS,Management Consulting & Advisory,Business Advisory & EXIM Audit,Bangalore (Outer Ring Road),Aditya Mehra (BBA IB),High Priority
