company,name,title,work_email,careers_email,desk_phone,corridor,linkedin_url
Goldman Sachs,Syed Sumbul Shahbaz,Senior Executive HR,syed.shahbaz@gs.com,careers.india@goldmansachs.com,+91-80-4000-0161,"Cessna Business Park, ORR",https://www.linkedin.com/in/syed-sumbul-shahbaz-b53210107
Accenture,Samiksha Sharma,Human Resources Associate,samiksha.sharma@accenture.com,careers.india@accenture.com,+91-80-4000-0069,"Pritech Park, Bellandur",https://www.linkedin.com/in/samiksha-sharma1470
TCS,Adithi K,Talent Acquisition Associate,adithi.k@tcs.com,careers.bps@tcs.com,+91-80-6724-0000,"ThinkCampus, Electronic City",https://www.linkedin.com/in/adithi-kazhutholan
Capgemini,Asha K,Human Resources Consultant,asha.k@capgemini.com,careers.india@capgemini.com,+91-80-4000-0320,Whitefield / EPIP Zone,https://www.linkedin.com/in/asha-k1
TCS,Anjana R,Human Resources Business Partner,anjana.r@tcs.com,careers.bps@tcs.com,+91-80-6724-0000,"ThinkCampus, Electronic City",https://www.linkedin.com/in/anjana-r-35ba431b3
Amazon,Sangini Sahay,Sourcing Recruiter,sangini.sahay@amazon.com,university-recruiting@amazon.com,+91-80-4000-0046,WTC Rajajinagar / Manyata,https://www.linkedin.com/in/sangini-sahay-4779b424b
Goldman Sachs,Akshitha R,Senior Human Resources Coordinator,akshitha.r@gs.com,careers.india@goldmansachs.com,+91-80-4000-0161,"Cessna Business Park, ORR",https://www.linkedin.com/in/akshitha-r-737228240
Infosys,Monica Ramesh,Talent Acquisition Associate,monica.ramesh@infosys.com,careers.india@infosys.com,+91-80-2852-0261,Electronic City Campus,https://www.linkedin.com/in/monica-ramesh-048a2b22a
Accenture,Himanshi Sahu,Senior Corporate Recruiter,himanshi.sahu@accenture.com,careers.india@accenture.com,+91-80-4000-0069,"Pritech Park, Bellandur",https://www.linkedin.com/in/himanshi-sahu-b819a6184
Swiss Re,Simi Sarita Kerketta,AVP - Talent Acquisition,simi.kerketta@swissre.com,careers.india@swissre.com,+91-80-4000-0350,Outer Ring Road,https://www.linkedin.com/in/simi-sarita-kerketta
Accenture,Darshana Mahesh,Human Resources Associate,darshana.mahesh@accenture.com,careers.india@accenture.com,+91-80-4000-0069,"Pritech Park, Bellandur",https://www.linkedin.com/in/darshana-mahesh-6906b6104
KPMG India,Kohely Ghosal,Human Resources Intern,kohely.ghosal@kpmg.com,careers.india@kpmg.com,+91-80-4000-0120,"Embassy GolfLinks, Domlur",https://www.linkedin.com/in/kohely-ghosal
IBM,Sandhya B Sriram,Talent Acquisition Manager - Workday/ServiceNow/Salesforce/Adobe,sandhya.sriram@ibm.com,careers.india@ibm.com,+91-80-4000-0300,"Manyata Tech Park, Hebbal",https://www.linkedin.com/in/sandhyabsriram15
Accenture,Vijetha Puthran,Human Resources Manager,vijetha.puthran@accenture.com,careers.india@accenture.com,+91-80-4000-0069,"Pritech Park, Bellandur",https://www.linkedin.com/in/vijetha-puthran-593035269
Goldman Sachs,Priyanka Biradar,Human Resources Analyst,priyanka.biradar@gs.com,careers.india@goldmansachs.com,+91-80-4000-0161,"Cessna Business Park, ORR",https://www.linkedin.com/in/priyanka-biradar-45301628b
Deloitte,Aditi Tayde,Tax- Business Process Solutions: HR & Payroll operate(BPS),aditi.tayde@deloitte.com,careers.india@deloitte.com,+91-80-4000-0092,"Manyata Tech Park, Hebbal",https://www.linkedin.com/in/aditi-tayde
Accenture,Keerthana Venkatesan,HR Operations,keerthana.venkatesan@accenture.com,careers.india@accenture.com,+91-80-4000-0069,"Pritech Park, Bellandur",https://www.linkedin.com/in/keerthana-venkatesan-2765352a7
Accenture,Nisha Sree,HR,nisha.sree@accenture.com,careers.india@accenture.com,+91-80-4000-0069,"Pritech Park, Bellandur",https://www.linkedin.com/in/nisha-sree-6b0700325
KPMG India,Anushka Gupta,Human Resources Intern,anushka.gupta@kpmg.com,careers.india@kpmg.com,+91-80-4000-0120,"Embassy GolfLinks, Domlur",https://www.linkedin.com/in/anushka-gupta-a43661237
HSBC,Archana Rao Sarrgur,Manager - Leadership Hiring,archana.sarrgur@hsbc.co.in,careers.india@hsbc.com,+91-80-4000-0380,Bannerghatta Road,https://www.linkedin.com/in/archana-rakshith
Amazon,Suvarna Bhandary,HR Assistant ll,suvarna.bhandary@amazon.com,university-recruiting@amazon.com,+91-80-4000-0046,WTC Rajajinagar / Manyata,https://www.linkedin.com/in/suvarna-bhandary-75a6a0258
EY (Ernst & Young),Jasmin Shaik,Talent Acquisition Specialist,jasmin.shaik@ey.com,careers.india@ey.com,+91-80-4000-0115,"RMZ Ecoworld, Bellandur",https://www.linkedin.com/in/jasmin-shaik-b7642a190
Capgemini,Jayasree Prakash,Senior Executive Human Resources,jayasree.prakash@capgemini.com,careers.india@capgemini.com,+91-80-4000-0320,Whitefield / EPIP Zone,https://www.linkedin.com/in/jayasree-prakash-9b3b1321b
Capgemini,Richa Bharti,Technical Recruiter,richa.bharti@capgemini.com,careers.india@capgemini.com,+91-80-4000-0320,Whitefield / EPIP Zone,https://www.linkedin.com/in/richa21bharti
PwC India,Nikhitha Simon,HR Business Partner,nikhitha.simon@pwc.com,careers.india@pwc.com,+91-80-4000-0138,Central CBD / Bellandur,https://www.linkedin.com/in/nikhitha-s-68748a49
PwC India,Latha Dhananjay,Technical Recruiter,latha.dhananjay@pwc.com,careers.india@pwc.com,+91-80-4000-0138,Central CBD / Bellandur,https://www.linkedin.com/in/latha-dhananjay-3867a41a4
Amazon,Hitheshwini Gowda,Technical Recruiter,hitheshwini.gowda@amazon.com,university-recruiting@amazon.com,+91-80-4000-0046,WTC Rajajinagar / Manyata,https://www.linkedin.com/in/hitheshwini-gowda
Amazon,Aaliya Neyaz,Senior Human Resources Associate,aaliya.neyaz@amazon.com,university-recruiting@amazon.com,+91-80-4000-0046,WTC Rajajinagar / Manyata,https://www.linkedin.com/in/aaliyaneyazhr
Accenture,Rashmi Kanta Kumari,HR Service Delivery Analyst,rashmi.kumari@accenture.com,careers.india@accenture.com,+91-80-4000-0069,"Pritech Park, Bellandur",https://www.linkedin.com/in/rashmi-kanta-kumari-3577a51a4
Deloitte,Divya O,Senior Executive-Tax-business process solutions:HR Payroll,divya.o@deloitte.com,careers.india@deloitte.com,+91-80-4000-0092,"Manyata Tech Park, Hebbal",https://www.linkedin.com/in/divya-o-804016226
Deloitte,Anitha Bhombore,Talent Acquisition Manager,anitha.bhombore@deloitte.com,careers.india@deloitte.com,+91-80-4000-0092,"Manyata Tech Park, Hebbal",https://www.linkedin.com/in/anitha-bhombore-3845a7146
Accenture,SAHHASRA S,HR Partner Analyst,sahhasra.s@accenture.com,careers.india@accenture.com,+91-80-4000-0069,"Pritech Park, Bellandur",https://www.linkedin.com/in/sahhasra-s
TCS,Sri Sai Akhila Ganti,Human Resources Executive,sri.ganti@tcs.com,careers.bps@tcs.com,+91-80-6724-0000,"ThinkCampus, Electronic City",https://www.linkedin.com/in/akhila-ganti
Amazon,Saloni Udani,Full Lifecycle Recruiter I,saloni.udani@amazon.com,university-recruiting@amazon.com,+91-80-4000-0046,WTC Rajajinagar / Manyata,https://www.linkedin.com/in/saloni-udani
Deloitte,Asiya Amreen Rabbani,Talent Acquisition Executive,asiya.rabbani@deloitte.com,careers.india@deloitte.com,+91-80-4000-0092,"Manyata Tech Park, Hebbal",https://www.linkedin.com/in/asiya-amreen-rabbani-5a8a15313
EY (Ernst & Young),Sushmita Behera,Human Resources Associate,sushmita.behera@ey.com,careers.india@ey.com,+91-80-4000-0115,"RMZ Ecoworld, Bellandur",https://www.linkedin.com/in/sushmita-behera
Deloitte,Nishu .,Human Resources Analyst,nishu@deloitte.com,careers.india@deloitte.com,+91-80-4000-0092,"Manyata Tech Park, Hebbal",https://www.linkedin.com/in/nishu-028535232
Deloitte,Sinchana B,Business Recruiting Coordinator,sinchana.b@deloitte.com,careers.india@deloitte.com,+91-80-4000-0092,"Manyata Tech Park, Hebbal",https://www.linkedin.com/in/sinchana-b-730413256
IBM,Mansi Singh,Senior Analyst HR (TL),mansi.singh@ibm.com,careers.india@ibm.com,+91-80-4000-0300,"Manyata Tech Park, Hebbal",https://www.linkedin.com/in/mansi-singh-6b86851a1
Flipkart,Gudia Sharma,Human Resources Business Partner,gudia.sharma@flipkart.com,careers.india@flipkart.com,+91-80-4000-0400,"Embassy Tech Village, ORR",https://www.linkedin.com/in/gudia-sharma-a63047233
Google,Saumya Mehrotra,Recruiter at Google,saumya.mehrotra@google.com,careers.india@google.com,+91-80-4000-0253,"Bagmane Tech Park, CV Raman Nagar",https://www.linkedin.com/in/saumya-mehrotra-666a26274
TCS,Ishani Chouhan,Human Resources Business Partner,ishani.chouhan@tcs.com,careers.bps@tcs.com,+91-80-6724-0000,"ThinkCampus, Electronic City",https://www.linkedin.com/in/ishani-chouhan-901128179
Infosys,Nisarga Nagaraj,Senior Process Executive - HR Operations,nisarga.nagaraj@infosys.com,careers.india@infosys.com,+91-80-2852-0261,Electronic City Campus,https://www.linkedin.com/in/nisarga-nagaraj5
Accenture,Bharani S,HR service Delivery Associate,bharani.s@accenture.com,careers.india@accenture.com,+91-80-4000-0069,"Pritech Park, Bellandur",https://www.linkedin.com/in/bharani-s-384119263
PwC India,Shalini Jha,Talent Acquisition Specialist,shalini.jha@pwc.com,careers.india@pwc.com,+91-80-4000-0138,Central CBD / Bellandur,https://www.linkedin.com/in/shalini-jha95
KPMG India,Mahalakshmi Iyer,Human Resources Intern,mahalakshmi.iyer@kpmg.com,careers.india@kpmg.com,+91-80-4000-0120,"Embassy GolfLinks, Domlur",https://www.linkedin.com/in/mahalakshmi-iyer-34b16a235
EY (Ernst & Young),Bhavana Vutukuru,Senior Human Resources Analyst,bhavana.vutukuru@ey.com,careers.india@ey.com,+91-80-4000-0115,"RMZ Ecoworld, Bellandur",https://www.linkedin.com/in/bhavana-vutukuru-3a1746298
IBM,Fasmina CK,Human Resources Associate,fasmina.ck@ibm.com,careers.india@ibm.com,+91-80-4000-0300,"Manyata Tech Park, Hebbal",https://www.linkedin.com/in/fasmina-ck-b62961186
HSBC,Kritika Kumari,Human Resources Coordinator,kritika.kumari@hsbc.co.in,careers.india@hsbc.com,+91-80-4000-0380,Bannerghatta Road,https://www.linkedin.com/in/kritika-kumari-91273118a
Accenture,Shruti Gupta,HR Practitioner,shruti.gupta@accenture.com,careers.india@accenture.com,+91-80-4000-0069,"Pritech Park, Bellandur",https://www.linkedin.com/in/shruti-gupta2424
Infosys,Jyoshna Bangera,Associate Lead - BPHR,jyoshna.bangera@infosys.com,careers.india@infosys.com,+91-80-2852-0261,Electronic City Campus,https://www.linkedin.com/in/jyoshna-bangera
Swiggy,Prerna Khedkar,Senior Executive Human Resources,prerna.khedkar@swiggy.in,careers.india@swiggy.in,+91-80-4000-0391,Bellandur ORR,https://www.linkedin.com/in/prernakhedkar
Amazon,Sreeja Govindankutty,Senior Human Resources Business Partner,sreeja.govindankutty@amazon.com,university-recruiting@amazon.com,+91-80-4000-0046,WTC Rajajinagar / Manyata,https://www.linkedin.com/in/sreeja-govindankutty
Microsoft,Ashwini Ramdas,Senior Manager Talent Acquisition,ashwini.ramdas@microsoft.com,careers.india@microsoft.com,+91-80-4000-0276,"Prestige Tech Park, ORR",https://www.linkedin.com/in/ashwini-ramdas-41249a66
TCS,Lavanya salanki,Talent Acquisition Specialist,lavanya.salanki@tcs.com,careers.bps@tcs.com,+91-80-6724-0000,"ThinkCampus, Electronic City",https://www.linkedin.com/in/lavanya-salanki-175150110
TCS,Saivenkat V,HR & TD- AWS Business Unit,saivenkat.v@tcs.com,careers.bps@tcs.com,+91-80-6724-0000,"ThinkCampus, Electronic City",https://www.linkedin.com/in/saivenkat-v
Amazon,Sriya Tarigoppula,"Senior Associate in EPR- HR, Risk and Compliance",sriya.tarigoppula@amazon.com,university-recruiting@amazon.com,+91-80-4000-0046,WTC Rajajinagar / Manyata,https://www.linkedin.com/in/sriya-tarigoppula-790534282
Capgemini,Jyotirmayee Mahanta,Talent Acquisition Specialist,jyotirmayee.mahanta@capgemini.com,careers.india@capgemini.com,+91-80-4000-0320,Whitefield / EPIP Zone,https://www.linkedin.com/in/jyotirmayee-mahanta-0998131b9
TCS,Nanmozhi Govindharaj,Senior Technical Recruiter,nanmozhi.govindharaj@tcs.com,careers.bps@tcs.com,+91-80-6724-0000,"ThinkCampus, Electronic City",https://www.linkedin.com/in/nanmozhi-govindharaj-384634216
TCS,Neha Anandani,HR onboarding specialist,neha.anandani@tcs.com,careers.bps@tcs.com,+91-80-6724-0000,"ThinkCampus, Electronic City",https://www.linkedin.com/in/neha-anandani-756962208
TCS,Akshatha B S,Manager- Talent Acquisition,akshatha.s@tcs.com,careers.bps@tcs.com,+91-80-6724-0000,"ThinkCampus, Electronic City",https://www.linkedin.com/in/akshatha-b-s
Deloitte,Nayana Khare,Senior Human Resources Analyst,nayana.khare@deloitte.com,careers.india@deloitte.com,+91-80-4000-0092,"Manyata Tech Park, Hebbal",https://www.linkedin.com/in/nayana-khare-6a9747136
TCS,Aaliya Khan,Human Resources Executive,aaliya.khan@tcs.com,careers.bps@tcs.com,+91-80-6724-0000,"ThinkCampus, Electronic City",https://www.linkedin.com/in/aaliya-khan1020
TCS,Jyoti Priya Mohanty,Human Resources Business Partner,jyoti.mohanty@tcs.com,careers.bps@tcs.com,+91-80-6724-0000,"ThinkCampus, Electronic City",https://www.linkedin.com/in/jyoti-priya-mohanty-b706341b2
TCS,Shivangi Mohan,Assistant Manager Human Resources,shivangi.mohan@tcs.com,careers.bps@tcs.com,+91-80-6724-0000,"ThinkCampus, Electronic City",https://www.linkedin.com/in/shivangi-mohan-330428a4
TCS,Manjira Deblaskar,Lead HR Operations,manjira.deblaskar@tcs.com,careers.bps@tcs.com,+91-80-6724-0000,"ThinkCampus, Electronic City",https://www.linkedin.com/in/manjiradeblaskar
TCS,supriya reddy,Human Resources Specialist,supriya.reddy@tcs.com,careers.bps@tcs.com,+91-80-6724-0000,"ThinkCampus, Electronic City",https://www.linkedin.com/in/reddy-supriya
TCS,Gopi Sravani Sree Manju,Human Resources Executive,gopi.manju@tcs.com,careers.bps@tcs.com,+91-80-6724-0000,"ThinkCampus, Electronic City",https://www.linkedin.com/in/gopi-sravani-sree-manju-533b4b210
TCS,Akansha Gupta,Senior Human Resources Recruiter,akansha.gupta@tcs.com,careers.bps@tcs.com,+91-80-6724-0000,"ThinkCampus, Electronic City",https://www.linkedin.com/in/akansha0301
TCS,Apoorva gupta,Human Resources Specialist,apoorva.gupta@tcs.com,careers.bps@tcs.com,+91-80-6724-0000,"ThinkCampus, Electronic City",https://www.linkedin.com/in/hiringitprofessional
TCS,Jothilakshmi krishnamoorthy,Talent Acquisition Specialist,jothilakshmi.krishnamoorthy@tcs.com,careers.bps@tcs.com,+91-80-6724-0000,"ThinkCampus, Electronic City",https://www.linkedin.com/in/jothilakshmi-krishnamoorthy-773192208
TCS,Manjima J,Human Resources Business Partner,manjima.j@tcs.com,careers.bps@tcs.com,+91-80-6724-0000,"ThinkCampus, Electronic City",https://www.linkedin.com/in/manjima-j-74ba15258
TCS,Neha Uniyal,Talent Acquisition Specialist,neha.uniyal@tcs.com,careers.bps@tcs.com,+91-80-6724-0000,"ThinkCampus, Electronic City",https://www.linkedin.com/in/neha-uniyal-a5a65886
EY (Ernst & Young),ASHWINI CHANDRASHEKHAR,Manager- Talent Acquisition/Attraction,ashwini.chandrashekhar@ey.com,careers.india@ey.com,+91-80-4000-0115,"RMZ Ecoworld, Bellandur",https://www.linkedin.com/in/ashchandrashekar
TCS,Suryadharshini Mani,HR TAG,suryadharshini.mani@tcs.com,careers.bps@tcs.com,+91-80-6724-0000,"ThinkCampus, Electronic City",https://www.linkedin.com/in/suryadharshini-mani-7349a1225
TCS,Madhusmita Mati,Technical Recruiter,madhusmita.mati@tcs.com,careers.bps@tcs.com,+91-80-6724-0000,"ThinkCampus, Electronic City",https://www.linkedin.com/in/madhusmita-mati-b2870321a
TCS,Lipsamoyee Sahoo,Human Resources Executive,lipsamoyee.sahoo@tcs.com,careers.bps@tcs.com,+91-80-6724-0000,"ThinkCampus, Electronic City",https://www.linkedin.com/in/lipsamoyee-sahoo-751009177
TCS,Ranjitha M.S,Talent acquisition,ranjitha.s@tcs.com,careers.bps@tcs.com,+91-80-6724-0000,"ThinkCampus, Electronic City",https://www.linkedin.com/in/ranjitha-m-s-266301262
TCS,Snigdha Samaptika,Talent Acquisition Specialist,snigdha.samaptika@tcs.com,careers.bps@tcs.com,+91-80-6724-0000,"ThinkCampus, Electronic City",https://www.linkedin.com/in/snigdha-samaptika-5b2b876b
TCS,Shilpi Pandey,Assistant Manager Human Resources,shilpi.pandey@tcs.com,careers.bps@tcs.com,+91-80-6724-0000,"ThinkCampus, Electronic City",https://www.linkedin.com/in/shilpi-pandey-b05a5810a
Deloitte,Ankitha J,Talent Acquisition Specialist,ankitha.j@deloitte.com,careers.india@deloitte.com,+91-80-4000-0092,"Manyata Tech Park, Hebbal",https://www.linkedin.com/in/ankitha-j-5b22b1169
TCS,Prity Kumari,Information Technology Recruiter,prity.kumari@tcs.com,careers.bps@tcs.com,+91-80-6724-0000,"ThinkCampus, Electronic City",https://www.linkedin.com/in/prity-kumari-8aba87195
TCS,Himangi Sharma,Human Resources Executive,himangi.sharma@tcs.com,careers.bps@tcs.com,+91-80-6724-0000,"ThinkCampus, Electronic City",https://www.linkedin.com/in/himangi-sharma-855a6146
Accenture,Kavya Bopaiah,HR Service Delivery Analyst,kavya.bopaiah@accenture.com,careers.india@accenture.com,+91-80-4000-0069,"Pritech Park, Bellandur",https://www.linkedin.com/in/kavya-bopaiah-13a26b25b
Deloitte,Karina Sahay,Human Resources Consultant,karina.sahay@deloitte.com,careers.india@deloitte.com,+91-80-4000-0092,"Manyata Tech Park, Hebbal",https://www.linkedin.com/in/karina-sahay-b4a1191b4
Accenture,Ruhi Taslim M,Human Resources Specialist,ruhi.m@accenture.com,careers.india@accenture.com,+91-80-4000-0069,"Pritech Park, Bellandur",https://www.linkedin.com/in/ruhi-taslim-m-494ba0167
KPMG India,Kamaldeep Kour,Human Resources Specialist,kamaldeep.kour@kpmg.com,careers.india@kpmg.com,+91-80-4000-0120,"Embassy GolfLinks, Domlur",https://www.linkedin.com/in/kamaldeep-kour-84a677191
Accenture,Sai Keerthana K,Senior Recruiting Analyst,sai.k@accenture.com,careers.india@accenture.com,+91-80-4000-0069,"Pritech Park, Bellandur",https://www.linkedin.com/in/sai-keerthana-k-a42472212
Infosys,Ankitha Satbir Singh,Talent Acquisition Associate,ankitha.singh@infosys.com,careers.india@infosys.com,+91-80-2852-0261,Electronic City Campus,https://www.linkedin.com/in/ankitha-satbir-singh-5b90781a5
Accenture,Zulfa Taskeen,Human Resources Associate - Background Verification,zulfa.taskeen@accenture.com,careers.india@accenture.com,+91-80-4000-0069,"Pritech Park, Bellandur",https://www.linkedin.com/in/zulfa-taskeen-91b55521b
Capgemini,Nikita Singh,Human Resources Consultant,nikita.singh@capgemini.com,careers.india@capgemini.com,+91-80-4000-0320,Whitefield / EPIP Zone,https://www.linkedin.com/in/nikita-singh-84256414b
Accenture,Shivangi Tripathi,HR Associate,shivangi.tripathi@accenture.com,careers.india@accenture.com,+91-80-4000-0069,"Pritech Park, Bellandur",https://www.linkedin.com/in/shivangi-tripathi-102a59240
Accenture,Akshata Dharnatti,Human Resources Associate,akshata.dharnatti@accenture.com,careers.india@accenture.com,+91-80-4000-0069,"Pritech Park, Bellandur",https://www.linkedin.com/in/akshata-dharnatti-650a24217
Accenture,Sushma Rani M,Talent Acquisition Specialist,sushma.m@accenture.com,careers.india@accenture.com,+91-80-4000-0069,"Pritech Park, Bellandur",https://www.linkedin.com/in/sushma-rani-m-b5501616b
Capgemini,Sahana J,Human Resources Generalist,sahana.j@capgemini.com,careers.india@capgemini.com,+91-80-4000-0320,Whitefield / EPIP Zone,https://www.linkedin.com/in/sahana-j-892bba22a
Accenture,Fathima Kauser,HR Operations and Service Delivery Associate,fathima.kauser@accenture.com,careers.india@accenture.com,+91-80-4000-0069,"Pritech Park, Bellandur",https://www.linkedin.com/in/fathima-kauser-152462215
Amazon,Rishika gowda,HR Associate II,rishika.gowda@amazon.com,university-recruiting@amazon.com,+91-80-4000-0046,WTC Rajajinagar / Manyata,https://www.linkedin.com/in/rishika-gowda-3ab451209
Capgemini,Dipshree Apte,Senior Consultant - HRBP,dipshree.apte@capgemini.com,careers.india@capgemini.com,+91-80-4000-0320,Whitefield / EPIP Zone,https://www.linkedin.com/in/dipshree-apte-78178159
KPMG India,Rachana S,Human Resources Executive,rachana.s@kpmg.com,careers.india@kpmg.com,+91-80-4000-0120,"Embassy GolfLinks, Domlur",https://www.linkedin.com/in/rachana-s-a4b64516b
Accenture,Poojaa P,Senior Recruiter Talent Acquisition,poojaa.p@accenture.com,careers.india@accenture.com,+91-80-4000-0069,"Pritech Park, Bellandur",https://www.linkedin.com/in/poojaa-p-0b5778243
Accenture,Mageswari N,HR Reporting and Analytics Specialist,mageswari.n@accenture.com,careers.india@accenture.com,+91-80-4000-0069,"Pritech Park, Bellandur",https://www.linkedin.com/in/mageswari-8445b817b
Deloitte,Nabanita Sarma,Talent Acquisition Specialist,nabanita.sarma@deloitte.com,careers.india@deloitte.com,+91-80-4000-0092,"Manyata Tech Park, Hebbal",https://www.linkedin.com/in/nabanita-sarma-203157229
Accenture,Navya L,HR Service Delivery Associate Manager,navya.l@accenture.com,careers.india@accenture.com,+91-80-4000-0069,"Pritech Park, Bellandur",https://www.linkedin.com/in/navya-l-a146a6112
EY (Ernst & Young),Arushi Agarwal,Human Resources Associate,arushi.agarwal@ey.com,careers.india@ey.com,+91-80-4000-0115,"RMZ Ecoworld, Bellandur",https://www.linkedin.com/in/arushi-agarwal-167404231
Deloitte,Jestina A,TA- Business Recruiting coordinator,jestina.a@deloitte.com,careers.india@deloitte.com,+91-80-4000-0092,"Manyata Tech Park, Hebbal",https://www.linkedin.com/in/jestina-a-304564280
Morgan Stanley,Shiny Vandana,Talent Acquisition Specialist,shiny.vandana@morganstanley.com,careers.india@morganstanley.com,+91-80-4000-0200,"Prestige Tech Park, ORR",https://www.linkedin.com/in/shiny-vandana-64ab22186
Accenture,Sowmya C,Human Resources Associate,sowmya.c@accenture.com,careers.india@accenture.com,+91-80-4000-0069,"Pritech Park, Bellandur",https://www.linkedin.com/in/sowmya-c-hr
Deloitte,Rakshitha SM,Human Resources Operations Specialist,rakshitha.sm@deloitte.com,careers.india@deloitte.com,+91-80-4000-0092,"Manyata Tech Park, Hebbal",https://www.linkedin.com/in/rakshitha-sm-5712a3205
Accenture,Tejaswini C,HR Service Delivery Analyst,tejaswini.c@accenture.com,careers.india@accenture.com,+91-80-4000-0069,"Pritech Park, Bellandur",https://www.linkedin.com/in/tejaswini-c-0432851ba
Accenture,Hari Chandana,Recruiting Analyst,hari.chandana@accenture.com,careers.india@accenture.com,+91-80-4000-0069,"Pritech Park, Bellandur",https://www.linkedin.com/in/hari-chandana-0068ba1a3
Morgan Stanley,Monika Pownraj,HR Operations Analyst,monika.pownraj@morganstanley.com,careers.india@morganstanley.com,+91-80-4000-0200,"Prestige Tech Park, ORR",https://www.linkedin.com/in/monikapownraj
IBM,Vaishnavi Pyati,Process Delivery Specialist - HR Operations,vaishnavi.pyati@ibm.com,careers.india@ibm.com,+91-80-4000-0300,"Manyata Tech Park, Hebbal",https://www.linkedin.com/in/vaishnavi-pyati-3a633519b
IBM,Jaffri khatoon,Human Resources Specialist,jaffri.khatoon@ibm.com,careers.india@ibm.com,+91-80-4000-0300,"Manyata Tech Park, Hebbal",https://www.linkedin.com/in/jaffri-khatoon-53749119a
Microsoft,Madhumitha Srinivasan,Recruiter 1 with Microsoft Via Allegis Global solution,madhumitha.srinivasan@microsoft.com,careers.india@microsoft.com,+91-80-4000-0276,"Prestige Tech Park, ORR",https://www.linkedin.com/in/madhumitha-srinivasan-109240237
IBM,Vajreshwari R,Talent Acquisition Specialist,vajreshwari.r@ibm.com,careers.india@ibm.com,+91-80-4000-0300,"Manyata Tech Park, Hebbal",https://www.linkedin.com/in/vajreshwari-r-800765229
IBM,Manisha Suna,Talent Acquisition Operation,manisha.suna@ibm.com,careers.india@ibm.com,+91-80-4000-0300,"Manyata Tech Park, Hebbal",https://www.linkedin.com/in/manisha-suna-9769b2145
IBM,Preethi Bhat,Talent Acquisition Coordinator,preethi.bhat@ibm.com,careers.india@ibm.com,+91-80-4000-0300,"Manyata Tech Park, Hebbal",https://www.linkedin.com/in/preethi-bhat-63600a13b
IBM,Monica Prabhakar,Recruiter - SME,monica.prabhakar@ibm.com,careers.india@ibm.com,+91-80-4000-0300,"Manyata Tech Park, Hebbal",https://www.linkedin.com/in/monica-prabhakar-5a5964207
Deloitte,Nalina DN,Senior Executive Talent Acquisition,nalina.dn@deloitte.com,careers.india@deloitte.com,+91-80-4000-0092,"Manyata Tech Park, Hebbal",https://www.linkedin.com/in/nalina-dn-2b84b81a4
Infosys,Mahal Thilakaraj,Global Talent Acquisition Specialist -SME,mahal.thilakaraj@infosys.com,careers.india@infosys.com,+91-80-2852-0261,Electronic City Campus,https://www.linkedin.com/in/mahal-thilakaraj-5934891a4
EY (Ernst & Young),Jaya Singh,Senior Talent Acquisition Partner,jaya.singh@ey.com,careers.india@ey.com,+91-80-4000-0115,"RMZ Ecoworld, Bellandur",https://www.linkedin.com/in/jaya-singh-1aa347171
Accenture,C Rameswari,Human Resources Executive,c.rameswari@accenture.com,careers.india@accenture.com,+91-80-4000-0069,"Pritech Park, Bellandur",https://www.linkedin.com/in/c-rameswari-1389711b0
Amazon,Ayana Nair,Senior Human Resources Associate,ayana.nair@amazon.com,university-recruiting@amazon.com,+91-80-4000-0046,WTC Rajajinagar / Manyata,https://www.linkedin.com/in/ayana-nair-518393227
KPMG India,Nisha S K,Human Resources Specialist,nisha.k@kpmg.com,careers.india@kpmg.com,+91-80-4000-0120,"Embassy GolfLinks, Domlur",https://www.linkedin.com/in/nisha-sk
KPMG India,Anamika Kumari,Talent Acquisition Specialist,anamika.kumari@kpmg.com,careers.india@kpmg.com,+91-80-4000-0120,"Embassy GolfLinks, Domlur",https://www.linkedin.com/in/anamika-kumari-51a804147
Walmart Global Tech,Ammini Swetha Ravindran,Talent Partner,ammini.ravindran@walmart.com,careers.india@walmart.com,+91-80-4000-0023,"Cessna Tech Park, ORR",https://www.linkedin.com/in/ammini-swetha-ravindran-3a943a9a
JPMorgan Chase,Shruti Singh,Human Resources Specialist,shruti.singh@jpmorgan.com,university-recruiting@jpmorgan.com,+91-80-4000-0184,"Prestige Tech Park, ORR",https://www.linkedin.com/in/shruti-s-016ab9206
Google,Benita Bosco,Technical Recruiter,benita.bosco@google.com,careers.india@google.com,+91-80-4000-0253,"Bagmane Tech Park, CV Raman Nagar",https://www.linkedin.com/in/benita-jbosco
PwC India,Neeraja Rajasekar,Senior Talent Acquisition Specialist,neeraja.rajasekar@pwc.com,careers.india@pwc.com,+91-80-4000-0138,Central CBD / Bellandur,https://www.linkedin.com/in/neeraja-rajasekar-16b694121
