"Company Name","Website","Contact Name","Title","Verified Email","LinkedIn URL","Industry","Company Size","Location","Tech Stack","Recent Trigger Event","Custom AI Icebreaker","Lead Score","Data Verified Date"
"CloudScale AI","https://cloudscaleai.io","Marcus Vance","VP of Sales & Growth","marcus@cloudscaleai.io","https://www.linkedin.com/in/marcus-vance-b2b","B2B SaaS / DevOps","45-60","Austin, TX, USA","HubSpot, Segment, AWS","Raised $8.5M Series A; actively hiring 4 enterprise SDRs","Saw the huge $8.5M Series A news and your active hiring push for enterprise SDRs in Austin—congrats Marcus!","Hot","2026-08-28"
"RevOptima Solutions","https://revoptima.co","Eleanor Wright","Head of Revenue Operations","eleanor@revoptima.co","https://www.linkedin.com/in/eleanor-wright-revops","B2B SaaS / SalesTech","30-50","London, UK","Salesforce, Gong, Apollo","Launched new European localization features and expanded into DACH region","Loved seeing RevOptima's recent rollout of DACH localization features—expanding coverage across Europe is a massive milestone, Eleanor.","Hot","2026-08-29"
"Nexus Digital Media","https://nexusdigital.agency","David Sterling","Managing Director & Founder","david@nexusdigital.agency","https://www.linkedin.com/in/david-sterling-nexus","Performance Marketing Agency","25-35","Manchester, UK","Klaviyo, Meta Ads Manager, Shopify Plus","Won Best UK Performance Agency at 2026 Agency Awards; scaling client roster","Congrats on bringing home the Best UK Performance Agency award this month—Nexus's case study on multi-channel retention was top tier, David.","Hot","2026-08-30"
"CyberGuard Sentinel","https://cyberguardsentinel.com","Sarah Jenkins","Chief Marketing Officer (CMO)","sarah@cyberguardsentinel.com","https://www.linkedin.com/in/sarah-jenkins-cmo","Cybersecurity SaaS","75-100","Boston, MA, USA","Marketo, 6sense, Snowflake","Announced SOC 2 Type II compliance & partnership with AWS Marketplace","Noticed CyberGuard's newly announced AWS Marketplace integration and SOC 2 Type II milestone—huge trust signal for mid-market buyers, Sarah.","Warm","2026-08-29"
"PulseMetrics","https://pulsemetrics.app","Liam Thorne","Co-Founder & CEO","liam@pulsemetrics.app","https://www.linkedin.com/in/liam-thorne-growth","Product Analytics SaaS","15-25","Edinburgh, UK","Mixpanel, Stripe, Intercom","Featured #1 Product of the Day on Product Hunt (v2.0 launch)","Huge congratulations on clinching the #1 Product of the Day on Product Hunt for PulseMetrics 2.0—the real-time funnel visualizer is slick, Liam!","Hot","2026-08-31"
"Velocity Media Group","https://velocitygrowth.io","Brandon Cole","VP of Client Acquisition","brandon@velocitygrowth.io","https://www.linkedin.com/in/brandon-cole-media","B2B Growth Agency","50-70","San Francisco, CA, USA","ActiveCampaign, Webflow, Close.com","Posted on LinkedIn seeking outbound lead generation partners to support Q4 client pipeline","Saw your recent LinkedIn post about scaling outbound pipeline capacity ahead of Q4—really resonate with Velocity's account-based growth framework, Brandon.","Hot","2026-08-30"
"TalentFlow HR","https://talentflowhq.com","Claire Dupont","Director of Demand Generation","claire@talentflowhq.com","https://www.linkedin.com/in/claire-dupont-b2b","HRTech / Recruitment SaaS","80-120","New York, NY, USA","Pardot, ZoomInfo, Chili Piper","Released 2026 State of Tech Hiring Report; keynote speaker at HR Tech Summit","Great insights in TalentFlow's 2026 State of Tech Hiring Report—especially the breakdown on engineering retention metrics, Claire!","Warm","2026-08-27"
"Apex Commerce Labs","https://apexcommercelabs.com","Oliver Hughes","Head of Partnerships & BD","oliver@apexcommercelabs.com","https://www.linkedin.com/in/oliver-hughes-apex","E-commerce Tech Agency","35-50","Bristol, UK","BigCommerce, React, Zapier","Promoted to BigCommerce Elite Partner status; expanding US client outreach","Noticed Apex Commerce Labs just unlocked BigCommerce Elite Partner status—major validation for the technical builds your team is delivering, Oliver.","Warm","2026-08-28"
"FlowState Workflow","https://flowstatetools.io","Rachel Patel","Chief Operating Officer (COO)","rachel@flowstatetools.io","https://www.linkedin.com/in/rachel-patel-ops","Productivity / Workflow SaaS","20-35","Chicago, IL, USA","Notion, Zapier, ClickUp","Crossed 5,000 active team accounts; hiring remote customer onboarding specialists","Inspiring milestone crossing 5,000 active team accounts on FlowState—your automated task dependency feature has been saving teams hours, Rachel.","Cold","2026-08-26"
"Cognita Systems","https://cognitasystems.ai","James Thornton","Head of Enterprise Sales","james@cognitasystems.ai","https://www.linkedin.com/in/james-thornton-enterprisesales","AI & Enterprise SaaS","60-90","London, UK","HubSpot, Outreach, GCP","Secured multi-year enterprise contract with Tier-1 UK bank; expanding commercial sales team","Saw the announcement regarding Cognita's enterprise deal with Tier-1 banking partners—exceptional validation for your document AI model, James!","Hot","2026-08-31"
