Global Fortune 500 Rank,Company Name,Industry Sector,Bangalore Campus Location,Target Role Category,Direct Application Portal Link
#1,Walmart (Walmart Global Tech),Retail & E-Commerce Tech,Bangalore (Ecospace ORR),Operations & Supply Chain Analyst,https://careers.walmart.com/
#2,Amazon,E-Commerce & Cloud Computing,Bangalore (WTC Rajajinagar),Operations & Vendor Executive,https://www.amazon.jobs/en/locations/bangalore-india
#8,Apple,Consumer Tech & Retail,Bangalore (UB City Lavelle Road),Retail Operations & Supply Chain,https://www.apple.com/careers/in/
#17,Alphabet (Google),Search & Cloud Tech,Bangalore (RMZ Infinity),Business Development & Operations,https://careers.google.com/locations/bangalore/
#26,Microsoft,Enterprise Software & Cloud,Bangalore (Prestige Ferns Galaxy),Business Operations Analyst,https://careers.microsoft.com/
#55,Dell Technologies,Hardware & Cloud Infrastructure,Bangalore (Domlur Embassy GolfLinks),Supply Chain & Sales Operations,https://jobs.dell.com/location/bangalore-jobs/375/1277333/2
#82,Cisco Systems,Networking & IT Systems,Bangalore (Cessna Business Park),Global Supply Chain Analyst,https://jobs.cisco.com/
#115,IBM,IT & Global Business Services,Bangalore (Manyata Tech Park),Supply Chain & Business Consultant,https://www.ibm.com/in-en/employment/
#130,Goldman Sachs,Investment Banking & Financial Services,Bangalore (Helios Business Park),Global Operations Analyst,https://www.goldmansachs.com/careers/
#135,JP Morgan Chase,Financial Services & Banking,Bangalore (Embassy TechVillage),Global Operations & Compliance,https://careers.jpmorganchase.com/
#150,Accenture,Management Consulting & GBS,Bangalore (Manyata / Whitefield),Global Operations & BD Analyst,https://www.accenture.com/in-en/careers
#160,Boeing,Aerospace & Defense,Bangalore (Aerospace Park Devanahalli),Supply Chain & Logistics Lead,https://jobs.boeing.com/location/bangalore-jobs/185/1277333/2
#180,Honeywell,Industrial Automation & Aerospace,Bangalore (Devarabeesanahalli),Business Operations Analyst,https://careers.honeywell.com/
#210,Schneider Electric,Energy Management & Automation,Bangalore (Attibele / Whitefield),Global Supply Chain Executive,https://www.se.com/in/en/about-us/careers/
#240,Siemens,Industrial Automation & Tech,Bangalore (Electronic City),Operations & Vendor Coordinator,https://jobs.siemens.com/
#250,Pfizer,Pharmaceuticals & Healthcare,Bangalore (VK Kataria Hub),Operations & Data Associate,https://pfizer.wd1.myworkdayjobs.com/PfizerCareers
#270,Abbott Laboratories,Healthcare & Medical Devices,Bangalore (Regional Hub),Commercial Operations Analyst,https://www.jobs.abbott/
#310,Deloitte,Risk Advisory & Business Services,Bangalore (RMZ Ecoworld),Risk & Operations Advisory Analyst,https://www2.deloitte.com/ui/en/careers/careers.html
#320,EY (Ernst & Young),Tax & Global Business Advisory,Bangalore (Manyata Tech Park),Business Analyst & Operations,https://www.ey.com/en_in/careers
#330,PwC,Assurance & Financial Advisory,Bangalore (Marathahalli),Business Operations Analyst,https://www.pwc.in/careers.html
