Date,Company,Contact Name,Title,Market,Industry,Service Needed,Deal Value (USD),Web Status,Hook,Subject,Email Body,LinkedIn DM
2026-09-01,Kustomerly Labs,Alexander Vance,VP of Revenue & Partnerships,USA,FinTech / Payments,B2B Lead Gen & Merchant Outreach,2500,LIVE,"Noticed Kustomerly Labs's recent commercial push in USA—exciting expansion milestones, Alexander Vance.",Quick question regarding Kustomerly Labs's outbound pipeline,"Hi Alexander Vance,

Saw Kustomerly Labs's active expansion this quarter. In 2026, most outbound campaigns get crushed by Google/Yahoo spam filters because teams use stale scraped lists with 30%+ bounce rates.

We build AI-enriched, triple-verified prospect lists with custom observation hooks that book 8-15 qualified discovery meetings monthly with zero domain risk.

I put together a live 10-prospect verified sample for your ICP. Open to checking it out?

Best,
Adi
Bangalore, India",Hi Alexander Vance — saw you're leading VP of Revenue & Partnerships at Kustomerly Labs. I built a custom 10-lead verified prospect dataset tailored specifically to your ICP with zero bounce rate. Happy to send the Google Sheet over with no strings attached. Open to seeing it?
2026-09-01,Veloce Commerce UK,Charlotte Higgins,Head of Merchant Growth,United Kingdom,E-Commerce Tech,White-Label SDR Pod,2000,LIVE,"Loved seeing Veloce Commerce UK's recent work across the United Kingdom market—impressive client case studies, Charlotte Higgins.",Quick question regarding Veloce Commerce UK's outbound pipeline,"Hi Charlotte Higgins,

Saw that Veloce Commerce UK is actively scaling agency client engagements. Most agency owners tell me their existing clients constantly ask for outbound lead generation, but building an in-house SDR team in the United Kingdom is too expensive.

We operate as a silent, white-label SDR pod behind top agencies. We handle lead list enrichment, custom AI icebreakers, and cold email deliverability behind your domain, splitting client retainers 50/50 ($1,000/mo net per client to you).

Open to reviewing a sample 10-prospect verified dataset to see how our delivery looks?

Best,
Adi
Bangalore, India",Hi Charlotte Higgins — saw you're leading Head of Merchant Growth at Veloce Commerce UK. I built a custom 10-lead verified prospect dataset tailored specifically to your ICP with zero bounce rate. Happy to send the Google Sheet over with no strings attached. Open to seeing it?
2026-09-01,Al-Maktoum Logistics Tech,Tariq Al-Mansoor,Managing Director,UAE (Dubai),Cross-Border Trade & Logistics,APAC & India Sourcing Intelligence,3500,LIVE,"Noticed Al-Maktoum Logistics Tech's recent commercial push in UAE (Dubai)—exciting expansion milestones, Tariq Al-Mansoor.",Quick question regarding Al-Maktoum Logistics Tech's outbound pipeline,"Hi Tariq Al-Mansoor,

Saw Al-Maktoum Logistics Tech's active expansion this quarter. In 2026, most outbound campaigns get crushed by Google/Yahoo spam filters because teams use stale scraped lists with 30%+ bounce rates.

We build AI-enriched, triple-verified prospect lists with custom observation hooks that book 8-15 qualified discovery meetings monthly with zero domain risk.

I put together a live 10-prospect verified sample for your ICP. Open to checking it out?

Best,
Adi
Bangalore, India",Hi Tariq Al-Mansoor — saw you're leading Managing Director at Al-Maktoum Logistics Tech. I built a custom 10-lead verified prospect dataset tailored specifically to your ICP with zero bounce rate. Happy to send the Google Sheet over with no strings attached. Open to seeing it?
2026-09-01,CognitiveOps AI,Rohan Deshmukh,Co-Founder & CEO,India (Bangalore),AI / SalesTech SaaS,48-Hour Pitch Deck & US Outbound Setup,1200,LIVE,"Saw your recent hiring momentum and growth in Bangalore—huge congrats on the scaling milestones at CognitiveOps AI, Rohan Deshmukh!",Quick question regarding CognitiveOps AI's outbound pipeline,"Hi Rohan Deshmukh,

Saw your team is scaling fast in Bangalore. Most seed-stage tech decks lose investor attention on Slide 3 because the narrative focuses on features rather than bottom-up unit economics, CAC payback, and GTM CAC efficiency.

I run a 48-hour venture-grade pitch deck restructuring sprint for Bangalore tech startups. I re-architect the 12 slides, build clean financial model visuals, and deliver a ready-to-pitch deck in 2 days.

Standard sprint is ₹35,000 (50% upfront). Open to seeing a 2-slide visual teardown of your current deck first with zero obligation?

Best,
Adi
Bangalore, India",Hi Rohan Deshmukh — saw you're leading Co-Founder & CEO at CognitiveOps AI. I built a custom 10-lead verified prospect dataset tailored specifically to your ICP with zero bounce rate. Happy to send the Google Sheet over with no strings attached. Open to seeing it?
2026-09-01,Nexus Performance SEO,Liam Gallagher,Agency Founder & CEO,United Kingdom,Digital Agency,White-Label Outbound Lead Generation,1800,LIVE,"Loved seeing Nexus Performance SEO's recent work across the United Kingdom market—impressive client case studies, Liam Gallagher.",Quick question regarding Nexus Performance SEO's outbound pipeline,"Hi Liam Gallagher,

Saw that Nexus Performance SEO is actively scaling agency client engagements. Most agency owners tell me their existing clients constantly ask for outbound lead generation, but building an in-house SDR team in the United Kingdom is too expensive.

We operate as a silent, white-label SDR pod behind top agencies. We handle lead list enrichment, custom AI icebreakers, and cold email deliverability behind your domain, splitting client retainers 50/50 ($1,000/mo net per client to you).

Open to reviewing a sample 10-prospect verified dataset to see how our delivery looks?

Best,
Adi
Bangalore, India",Hi Liam Gallagher — saw you're leading Agency Founder & CEO at Nexus Performance SEO. I built a custom 10-lead verified prospect dataset tailored specifically to your ICP with zero bounce rate. Happy to send the Google Sheet over with no strings attached. Open to seeing it?
