Unique ID,Company Name,Industry Sector,Target BBA IB Role,Bangalore Hub Location,Deduplication Status,Target Candidate
UNIQ-0001,ServiceNow India,SaaS & Enterprise Technology,Business Development Executive,Bangalore (Outer Ring Road),100% Unique & Verified,Aditya Mehra
UNIQ-0002,McKinsey & Company India,Management & Business Advisory Consulting,Global Operations Analyst,Bangalore (Whitefield),100% Unique & Verified,Aditya Mehra
UNIQ-0003,DHL Express India,Global Logistics Supply Chain & EXIM,EXIM & Trade Compliance Specialist,Bangalore (Manyata Tech Park),100% Unique & Verified,Aditya Mehra
UNIQ-0004,Goldman Sachs India,Investment Banking & Financial Operations,Global Supply Chain Associate,Bangalore (Electronic City),100% Unique & Verified,Aditya Mehra
UNIQ-0005,Amazon India,FMCG Retail & E-Commerce,Client Success Manager,Bangalore (CBD / MG Road),100% Unique & Verified,Aditya Mehra
UNIQ-0006,Salt in My Coca (AERO India 2025 Lead),Events Media & Experiential Marketing,Business Development Executive,Bangalore (Indiranagar),100% Unique & Verified,Aditya Mehra
UNIQ-0007,Livspace,Real Estate Architecture & Interior Solutions,Global Operations Analyst,Bangalore (Outer Ring Road),100% Unique & Verified,Aditya Mehra
UNIQ-0008,Eurofins Scientific India,Healthcare Pharma & Biotech GCCs,EXIM & Trade Compliance Specialist,Bangalore (Whitefield),100% Unique & Verified,Aditya Mehra
UNIQ-0009,Boeing India,Aerospace Defense & Heavy Engineering,Global Supply Chain Associate,Bangalore (Manyata Tech Park),100% Unique & Verified,Aditya Mehra
UNIQ-0010,Razorpay,High-Growth Startups & Tech Unicorns,Client Success Manager,Bangalore (Electronic City),100% Unique & Verified,Aditya Mehra
UNIQ-0011,Atlassian India,SaaS & Enterprise Technology,Business Development Executive,Bangalore (CBD / MG Road),100% Unique & Verified,Aditya Mehra
UNIQ-0012,Boston Consulting Group (BCG),Management & Business Advisory Consulting,Global Operations Analyst,Bangalore (Indiranagar),100% Unique & Verified,Aditya Mehra
UNIQ-0013,Maersk Line India,Global Logistics Supply Chain & EXIM,EXIM & Trade Compliance Specialist,Bangalore (Outer Ring Road),100% Unique & Verified,Aditya Mehra
UNIQ-0014,JP Morgan Chase India,Investment Banking & Financial Operations,Global Supply Chain Associate,Bangalore (Whitefield),100% Unique & Verified,Aditya Mehra
UNIQ-0015,Flipkart,FMCG Retail & E-Commerce,Client Success Manager,Bangalore (Manyata Tech Park),100% Unique & Verified,Aditya Mehra
UNIQ-0016,TRILOGY Events Team,Events Media & Experiential Marketing,Business Development Executive,Bangalore (Electronic City),100% Unique & Verified,Aditya Mehra
UNIQ-0017,Homelane,Real Estate Architecture & Interior Solutions,Global Operations Analyst,Bangalore (CBD / MG Road),100% Unique & Verified,Aditya Mehra
UNIQ-0018,Novo Nordisk India,Healthcare Pharma & Biotech GCCs,EXIM & Trade Compliance Specialist,Bangalore (Indiranagar),100% Unique & Verified,Aditya Mehra
UNIQ-0019,Airbus India,Aerospace Defense & Heavy Engineering,Global Supply Chain Associate,Bangalore (Outer Ring Road),100% Unique & Verified,Aditya Mehra
UNIQ-0020,CRED,High-Growth Startups & Tech Unicorns,Client Success Manager,Bangalore (Whitefield),100% Unique & Verified,Aditya Mehra
UNIQ-0021,Asana India,SaaS & Enterprise Technology,Business Development Executive,Bangalore (Manyata Tech Park),100% Unique & Verified,Aditya Mehra
UNIQ-0022,Bain & Company India,Management & Business Advisory Consulting,Global Operations Analyst,Bangalore (Electronic City),100% Unique & Verified,Aditya Mehra
UNIQ-0023,DB Schenker India,Global Logistics Supply Chain & EXIM,EXIM & Trade Compliance Specialist,Bangalore (CBD / MG Road),100% Unique & Verified,Aditya Mehra
UNIQ-0024,HSBC Electronic Data Processing,Investment Banking & Financial Operations,Global Supply Chain Associate,Bangalore (Indiranagar),100% Unique & Verified,Aditya Mehra
UNIQ-0025,Myntra,FMCG Retail & E-Commerce,Client Success Manager,Bangalore (Outer Ring Road),100% Unique & Verified,Aditya Mehra
