Date,Source,Client/Platform,Service/Product,Revenue (USD),Revenue (INR),Cost (USD),Profit (USD),Hours Spent,Profit Per Hour (USD),Payment Status,Payment Method,Recurring?,Notes
2026-08-31,B2B Client,Elevate Talent Partners,Data Research & Lead List Building,600,50100,35,565,10,56.50,Received,Wise,Yes,Delivered 1000 verified executive contacts with zero bounce rate
2026-09-01,Freelance,Upwork (CloudMetrics Inc),Competitor Intelligence Dossier,450,37575,15,435,6,72.50,Pending,Escrow,No,Milestone submitted; client reviewing 48-hour QA report
,,,,,,,,,,,,,
,,,,,,,,,,,,,
,,,,,,,,,,,,,
,,,,,,,,,,,,,
,,,,,,,,,,,,,
,,,,,,,,,,,,,
,,,,,,,,,,,,,
