Stock Symbol,Company Name,Exchange Listing,Market Cap Category,Industry Sector,MNC Status,Bangalore / India Presence,Target Candidate Profile
RELIANCE,Reliance Industries Ltd,NSE / BSE,Large Cap (NIFTY 50),Oil & Gas / Retail / Telecom,Indian Conglomerate MNC,Bangalore Hub & Pan-India,Aditya Mehra (BBA IB)
TCS,Tata Consultancy Services Ltd,NSE / BSE,Large Cap (NIFTY 50),IT & Software Services,Indian IT Giant MNC,Bangalore (Whitefield / Electronic City),Aditya Mehra (BBA IB)
HDFCBANK,HDFC Bank Ltd,NSE / BSE,Large Cap (NIFTY 50),Banking & Financial Services,Indian Private Banking Giant,Bangalore (CBD & Regional Hubs),Aditya Mehra (BBA IB)
INFY,Infosys Ltd,NSE / BSE,Large Cap (NIFTY 50),IT & Software Services,Indian IT Giant MNC,Bangalore HQ (Electronic City),Aditya Mehra (BBA IB)
ICICIBANK,ICICI Bank Ltd,NSE / BSE,Large Cap (NIFTY 50),Banking & Financial Services,Indian Private Banking Giant,Bangalore (CBD & Regional Hubs),Aditya Mehra (BBA IB)
BHARTIARTL,Bharti Airtel Ltd,NSE / BSE,Large Cap (NIFTY 50),Telecommunications,Indian Global Telecom MNC,Bangalore Operations,Aditya Mehra (BBA IB)
ITC,ITC Ltd,NSE / BSE,Large Cap (NIFTY 50),FMCG / Hotels / Paper,Indian Conglomerate MNC,Bangalore Hotels & Operations,Aditya Mehra (BBA IB)
LT,Larsen & Toubro Ltd,NSE / BSE,Large Cap (NIFTY 50),Engineering & Construction,Indian Multinational Conglomerate,Bangalore (Hebbal / Electronic City),Aditya Mehra (BBA IB)
SBIN,State Bank of India,NSE / BSE,Large Cap (NIFTY 50),Banking & Financial Services,State-Owned Global Bank,Bangalore Local Head Office,Aditya Mehra (BBA IB)
TATAMOTORS,Tata Motors Ltd,NSE / BSE,Large Cap (NIFTY 50),Automotive,Global Auto MNC (Jaguar Land Rover),Bangalore R&D & Regional Hub,Aditya Mehra (BBA IB)
SUNPHARMA,Sun Pharmaceutical Industries Ltd,NSE / BSE,Large Cap (NIFTY 50),Pharmaceuticals,Global Pharma MNC,Bangalore R&D & Commercial,Aditya Mehra (BBA IB)
AXISBANK,Axis Bank Ltd,NSE / BSE,Large Cap (NIFTY 50),Banking & Financial Services,Indian Private Banking Giant,Bangalore Regional Offices,Aditya Mehra (BBA IB)
MARUTI,Maruti Suzuki India Ltd,NSE / BSE,Large Cap (NIFTY 50),Automotive,Multinational Auto (Suzuki Motor Japan),Bangalore Regional Sales & Supply Chain,Aditya Mehra (BBA IB)
HCLTECH,HCL Technologies Ltd,NSE / BSE,Large Cap (NIFTY 50),IT & Software Services,Indian IT Giant MNC,Bangalore (Jigani / Electronic City),Aditya Mehra (BBA IB)
NTPC,NTPC Ltd,NSE / BSE,Large Cap (NIFTY 50),Power & Energy,State-Owned Energy Enterprise,Bangalore Regional Office,Aditya Mehra (BBA IB)
POWERGRID,Power Grid Corporation of India,NSE / BSE,Large Cap (NIFTY 50),Power Transmission,State-Owned Enterprise,Bangalore Substation & Hub,Aditya Mehra (BBA IB)
ULTRACEMCO,UltraTech Cement Ltd,NSE / BSE,Large Cap (NIFTY 50),Cement & Building Materials,Indian Global Cement MNC,Bangalore Regional Operations,Aditya Mehra (BBA IB)
BAJFINANCE,Bajaj Finance Ltd,NSE / BSE,Large Cap (NIFTY 50),NBFC / Financial Services,Indian NBFC Leader,Bangalore Regional Hubs,Aditya Mehra (BBA IB)
NESTLEIND,Nestle India Ltd,NSE / BSE,Large Cap (NIFTY 50),FMCG,Global Food & Beverage MNC (Nestle SA),Bangalore Regional Hub,Aditya Mehra (BBA IB)
WIPRO,Wipro Ltd,NSE / BSE,Large Cap (NIFTY 50),IT & Software Services,Indian IT Giant MNC,Bangalore HQ (Sarjapur Campus),Aditya Mehra (BBA IB)
TATASTEEL,Tata Steel Ltd,NSE / BSE,Large Cap (NIFTY 50),Metals & Mining,Global Steel MNC,Bangalore Regional Sales,Aditya Mehra (BBA IB)
M&M,Mahindra & Mahindra Ltd,NSE / BSE,Large Cap (NIFTY 50),Automotive & Farm Equipment,Global Mobility MNC,Bangalore R&D & Operations,Aditya Mehra (BBA IB)
ADANIPORTS,Adani Ports and Special Economic Zone,NSE / BSE,Large Cap (NIFTY 50),Logistics & Port Operations,Global Ports & Logistics MNC,Bangalore Office,Aditya Mehra (BBA IB)
TECHM,Tech Mahindra Ltd,NSE / BSE,Large Cap (NIFTY 50),IT & Software Services,Indian IT Giant MNC,Bangalore (Electronic City),Aditya Mehra (BBA IB)
HINDALCO,Hindalco Industries Ltd,NSE / BSE,Large Cap (NIFTY 50),Metals & Mining (Novelis),Global Aluminum & Copper MNC,Bangalore Regional Hub,Aditya Mehra (BBA IB)
BRITANNIA,Britannia Industries Ltd,NSE / BSE,Large Cap (NIFTY 50),FMCG,Indian Food MNC,Bangalore HQ (Old Airport Road),Aditya Mehra (BBA IB)
GRASIM,Grasim Industries Ltd,NSE / BSE,Large Cap (NIFTY 50),Textiles / Chemicals / Paints,Aditya Birla Group MNC,Bangalore Operations,Aditya Mehra (BBA IB)
CIPLA,Cipla Ltd,NSE / BSE,Large Cap (NIFTY 50),Pharmaceuticals,Global Pharma MNC,Bangalore Operations,Aditya Mehra (BBA IB)
BAJAJFINSV,Bajaj Finserv Ltd,NSE / BSE,Large Cap (NIFTY 50),Financial Services & Insurance,Indian Financial Conglomerate,Bangalore Regional Offices,Aditya Mehra (BBA IB)
INDUSINDBK,IndusInd Bank Ltd,NSE / BSE,Large Cap (NIFTY 50),Banking & Financial Services,Indian Private Bank,Bangalore Branches & Hubs,Aditya Mehra (BBA IB)
EICHERMOT,Eicher Motors Ltd,NSE / BSE,Large Cap (NIFTY 50),Automotive (Royal Enfield),Global Motorcycle MNC,Bangalore Regional Brand Outlets,Aditya Mehra (BBA IB)
APOLLOHOSP,Apollo Hospitals Enterprise Ltd,NSE / BSE,Large Cap (NIFTY 50),Healthcare,Indian Healthcare Leader,Bangalore Hospitals (Bannerghatta/Jayanagar),Aditya Mehra (BBA IB)
HEROMOTOCO,Hero MotoCorp Ltd,NSE / BSE,Large Cap (NIFTY 50),Automotive,Global Two-Wheel Mobility MNC,Bangalore Operations,Aditya Mehra (BBA IB)
DRREDDY,Dr. Reddy's Laboratories Ltd,NSE / BSE,Large Cap (NIFTY 50),Pharmaceuticals,Global Pharma MNC,Bangalore R&D & Operations,Aditya Mehra (BBA IB)
SBILIFE,SBI Life Insurance Company Ltd,NSE / BSE,Large Cap (NIFTY 50),Insurance,Financial Services Giant,Bangalore Regional Offices,Aditya Mehra (BBA IB)
ASIANPAINT,Asian Paints Ltd,NSE / BSE,Large Cap (NIFTY 50),Paints & Home Decor,Global Paints MNC,Bangalore Regional Hub,Aditya Mehra (BBA IB)
TITAN,Titan Company Ltd,NSE / BSE,Large Cap (NIFTY 50),Consumer Goods & Retail,Tata Group Retail Giant,Bangalore HQ (Electronic City),Aditya Mehra (BBA IB)
HINDUNILVR,Hindustan Unilever Ltd,NSE / BSE,Large Cap (NIFTY 50),FMCG,Global FMCG MNC (Unilever),Bangalore Innovation Centre (Whitefield),Aditya Mehra (BBA IB)
SIEMENS,Siemens Ltd,NSE / BSE,Large Cap (NIFTY NEXT 50),Engineering & Technology,Global Tech MNC (Siemens AG Germany),Bangalore Campus (Electronic City),Aditya Mehra (BBA IB)
BOSCHLTD,Bosch Ltd,NSE / BSE,Large Cap (NIFTY NEXT 50),Automotive & Industrial Tech,Global Automotive MNC (Robert Bosch Germany),Bangalore HQ (Adugodi / Naganathapura),Aditya Mehra (BBA IB)
ABB,ABB India Ltd,NSE / BSE,Large Cap (NIFTY NEXT 50),Heavy Electrical & Automation,Global Industrial MNC (ABB Switzerland),Bangalore HQ (Peenya / Electronic City),Aditya Mehra (BBA IB)
HONAUT,Honeywell Automation India Ltd,NSE / BSE,Mid Cap,Industrial Automation & Aerospace,Global Tech MNC (Honeywell USA),Bangalore Campus (Devarabeesanahalli),Aditya Mehra (BBA IB)
CUMMINSIND,Cummins India Ltd,NSE / BSE,Large Cap,Power Generation & Engines,Global Engineering MNC (Cummins USA),Bangalore Regional Hub,Aditya Mehra (BBA IB)
PGHH,Procter & Gamble Hygiene and Health,NSE / BSE,Large Cap,FMCG & Consumer Health,Global FMCG MNC (P&G USA),Bangalore Operations,Aditya Mehra (BBA IB)
COLPAL,Colgate-Palmolive (India) Ltd,NSE / BSE,Large Cap,FMCG & Oral Care,Global Consumer MNC (Colgate USA),Bangalore Operations,Aditya Mehra (BBA IB)
PFIZER,Pfizer Ltd,NSE / BSE,Mid Cap,Pharmaceuticals,Global Pharma MNC (Pfizer USA),Bangalore Operations,Aditya Mehra (BBA IB)
ASTRAZEN,AstraZeneca Pharma India Ltd,NSE / BSE,Mid Cap,Pharmaceuticals,Global Pharma MNC (AstraZeneca UK/Sweden),Bangalore Campus (Hebbal),Aditya Mehra (BBA IB)
GSK,GlaxoSmithKline Pharmaceuticals,NSE / BSE,Mid Cap,Pharmaceuticals,Global Pharma MNC (GSK UK),Bangalore Regional Operations,Aditya Mehra (BBA IB)
SANOFI,Sanofi India Ltd,NSE / BSE,Mid Cap,Pharmaceuticals,Global Pharma MNC (Sanofi France),Bangalore Regional Hub,Aditya Mehra (BBA IB)
3MINDIA,3M India Ltd,NSE / BSE,Mid Cap,Industrial & Consumer Tech,Global Tech MNC (3M USA),Bangalore HQ (Electronic City / UB City),Aditya Mehra (BBA IB)
WHIRLPOOL,Whirlpool of India Ltd,NSE / BSE,Mid Cap,Consumer Durables,Global Appliance MNC (Whirlpool USA),Bangalore Regional Hub,Aditya Mehra (BBA IB)
SCHNEIDER,Schneider Electric Infrastructure,NSE / BSE,Mid Cap,Energy Management,Global Energy MNC (Schneider France),Bangalore Campus (Attibele / Whitefield),Aditya Mehra (BBA IB)
TIMKEN,Timken India Ltd,NSE / BSE,Mid Cap,Engineering & Bearings,Global Bearing MNC (Timken USA),Bangalore Electronics City Campus,Aditya Mehra (BBA IB)
SCHAEFFLER,Schaeffler India Ltd,NSE / BSE,Mid Cap,Automotive & Industrial Bearings,Global Industrial MNC (Schaeffler Germany),Bangalore Office,Aditya Mehra (BBA IB)
SKFINDIA,SKF India Ltd,NSE / BSE,Mid Cap,Engineering & Bearings,Global Bearing MNC (SKF Sweden),Bangalore Regional Hub,Aditya Mehra (BBA IB)
CASTROLIND,Castrol India Ltd,NSE / BSE,Mid Cap,Lubricants & Chemicals,Global Energy MNC (BP UK),Bangalore Regional Hub,Aditya Mehra (BBA IB)
BAYERCROP,Bayer CropScience Ltd,NSE / BSE,Mid Cap,Agrochem & Life Sciences,Global Life Sciences MNC (Bayer Germany),Bangalore R&D & Operations,Aditya Mehra (BBA IB)
LINDEINDIA,Linde India Ltd,NSE / BSE,Mid Cap,Industrial Gases & Engineering,Global Industrial Gas MNC (Linde UK/Germany),Bangalore Operations,Aditya Mehra (BBA IB)
BATAINDIA,Bata India Ltd,NSE / BSE,Mid Cap,Footwear & Retail,Global Footwear MNC (Bata Shoes Switzerland),Bangalore Regional Retail Hub,Aditya Mehra (BBA IB)
GILLETTE,Gillette India Ltd,NSE / BSE,Mid Cap,FMCG & Grooming,Global Consumer MNC (P&G USA),Bangalore Regional Operations,Aditya Mehra (BBA IB)
OFSS,Oracle Financial Services Software,NSE / BSE,Large Cap,Banking Software & IT,Global Tech MNC (Oracle USA),Bangalore Campus (CV Raman Nagar),Aditya Mehra (BBA IB)
