dispatch_id,timestamp,company,category,location,target_role,recruiter_name,recruiter_title,recruiter_email,channel,subject_line,message_snippet,proof_points_included,candidate_name,candidate_contact,priority_tier,expected_response_rate,follow_up_scheduled,dispatch_status
DSP-1001,2026-08-24 14:15:20 IST,Walmart Global Tech,Tier-1 GCC,Kadubeesanahalli / ORR, Bengaluru,Associate Operations Analyst,Priya Sharma,Lead Talent Acquisition - Global Supply Chain,priya.sharma@walmart.com,Recruiter Direct Email,BBA IB 2026 Grad (AERO India Lead / Tier-1 Vendor SLA Governance) — Application for Associate Operations Analyst at Walmart Global Tech,"Dear Priya Sharma, Having delivered 300+ multi-city event & ops deployments and Commercial Operations & pipeline acceleration, I am writing to contribute to Walmart Global Tech's Associate Operations Analyst team...","300+ Event & Operations Deployments (Lead at AERO India 2025, Puma India) | Tier-1 Vendor SLA Governance & Rate Structuring | Commercial Operations & 48-hour proposal velocity",Aditya Mehra,+91-7003456624 | adityamehra799@gmail.com,P1 - Immediate,34%,2026-08-28,DELIVERED
DSP-1002,2026-08-24 16:30:10 IST,Walmart Global Tech,Tier-1 GCC,Kadubeesanahalli / ORR, Bengaluru,Associate Operations Analyst,Priya Sharma,Lead Talent Acquisition - Global Supply Chain,priya.sharma@walmart.com,LinkedIn 1st-Degree Referral,Connecting re: Associate Operations Analyst opening at Walmart Global Tech (Dayananda Sagar / Bangalore Network),"Hi Priya Sharma, I noticed your leadership in Walmart Global Tech's talent team. As an EXIM & operations specialist with 99%+ accuracy at Instawork AI and AERO India leadership, I'd welcome a referral discussion.","EXIM Trade Compliance (Incoterms 2020, HS Code classification, UCP 600 LCs) | Tier-1 Vendor SLA Governance & Rate Structuring | AI Data Operations at Instawork AI with 99%+ quality accuracy",Aditya Mehra,+91-7003456624 | adityamehra799@gmail.com,P1 - Immediate,31%,2026-08-29,OPENED_BY_RECRUITER
DSP-1003,2026-08-25 09:20:45 IST,Walmart Global Tech,Tier-1 GCC,Kadubeesanahalli / ORR, Bengaluru,SCM Program Coordinator,Priya Sharma,Lead Talent Acquisition - Global Supply Chain,priya.sharma@walmart.com,Recruiter Direct Email,BBA IB 2026 Grad (AERO India Lead / Tier-1 Vendor SLA Governance) — Application for SCM Program Coordinator at Walmart Global Tech,"Dear Priya Sharma, Having delivered 300+ multi-city event & ops deployments and Commercial Operations & pipeline acceleration, I am writing to contribute to Walmart Global Tech's SCM Program Coordinator team...","300+ Event & Operations Deployments (Lead at AERO India 2025, Puma India) | EXIM Trade Compliance (Incoterms 2020, HS Code classification, UCP 600 LCs) | Tier-1 Vendor SLA Governance & Rate Structuring",Aditya Mehra,+91-7003456624 | adityamehra799@gmail.com,P1 - Immediate,28%,2026-08-28,INTERACTION_SCHEDULED
DSP-1004,2026-08-25 11:45:00 IST,Walmart Global Tech,Tier-1 GCC,Kadubeesanahalli / ORR, Bengaluru,SCM Program Coordinator,Priya Sharma,Lead Talent Acquisition - Global Supply Chain,priya.sharma@walmart.com,LinkedIn 1st-Degree Referral,Connecting re: SCM Program Coordinator opening at Walmart Global Tech (Dayananda Sagar / Bangalore Network),"Hi Priya Sharma, I noticed your leadership in Walmart Global Tech's talent team. As an EXIM & operations specialist with 99%+ accuracy at Instawork AI and AERO India leadership, I'd welcome a referral discussion.","Tier-1 Vendor SLA Governance & Rate Structuring | Commercial Operations & 48-hour proposal velocity | AI Data Operations at Instawork AI with 99%+ quality accuracy",Aditya Mehra,+91-7003456624 | adityamehra799@gmail.com,P1 - Immediate,36%,2026-08-29,DISPATCHED
DSP-1005,2026-08-24 13:10:00 IST,Amazon Operations / TRMS,Tier-1 Big Tech,Bagmane Constellation Park, Bengaluru,Operations Specialist (TRMS),Rahul Menon,Senior Technical & Ops Recruiter,rahul.menon@amazon.com,LinkedIn 1st-Degree Referral,Connecting re: Operations Specialist (TRMS) opening at Amazon Operations / TRMS (Dayananda Sagar / Bangalore Network),"Hi Rahul Menon, I noticed your leadership in Amazon Operations / TRMS's talent team. As an EXIM & operations specialist with 99%+ accuracy at Instawork AI and AERO India leadership, I'd welcome a referral discussion.","AI Data Operations at Instawork AI with 99%+ quality accuracy | 300+ Event & Operations Deployments (Lead at AERO India 2025, Puma India) | Tier-1 Vendor SLA Governance & Rate Structuring",Aditya Mehra,+91-7003456624 | adityamehra799@gmail.com,P1 - Immediate,33%,2026-08-28,DELIVERED
DSP-1006,2026-08-24 15:25:30 IST,Amazon Operations / TRMS,Tier-1 Big Tech,Bagmane Constellation Park, Bengaluru,Operations Specialist (TRMS),Rahul Menon,Senior Technical & Ops Recruiter,rahul.menon@amazon.com,Hiring Manager Value Case,Operational Excellence Framework: Tier-1 Vendor SLA Governance & High-Velocity Deployment Case Study,Dear Hiring Team, Sharing an operational teardown detailing how we restructured primary vendor tiering to achieve a Tier-1 vendor SLA governance across high-stakes Bengaluru deployments...,"Tier-1 Vendor SLA Governance & Rate Structuring | Commercial Operations & 48-hour proposal velocity | EXIM Trade Compliance (Incoterms 2020, HS Code classification, UCP 600 LCs)",Aditya Mehra,+91-7003456624 | adityamehra799@gmail.com,P1 - Immediate,35%,2026-08-29,OPENED_BY_RECRUITER
DSP-1007,2026-08-25 10:15:12 IST,Amazon Operations / TRMS,Tier-1 Big Tech,Bagmane Constellation Park, Bengaluru,Brand Specialist (ATS),Rahul Menon,Senior Technical & Ops Recruiter,rahul.menon@amazon.com,LinkedIn 1st-Degree Referral,Connecting re: Brand Specialist (ATS) opening at Amazon Operations / TRMS (Dayananda Sagar / Bangalore Network),"Hi Rahul Menon, I noticed your leadership in Amazon Operations / TRMS's talent team. As an EXIM & operations specialist with 99%+ accuracy at Instawork AI and AERO India leadership, I'd welcome a referral discussion.","300+ Event & Operations Deployments (Lead at AERO India 2025, Puma India) | Commercial Operations & 48-hour proposal velocity | AI Data Operations at Instawork AI with 99%+ quality accuracy",Aditya Mehra,+91-7003456624 | adityamehra799@gmail.com,P1 - Immediate,29%,2026-08-28,DISPATCHED
DSP-1008,2026-08-25 14:40:00 IST,Amazon Operations / TRMS,Tier-1 Big Tech,Bagmane Constellation Park, Bengaluru,Brand Specialist (ATS),Rahul Menon,Senior Technical & Ops Recruiter,rahul.menon@amazon.com,Hiring Manager Value Case,Operational Excellence Framework: Tier-1 Vendor SLA Governance & High-Velocity Deployment Case Study,Dear Hiring Team, Sharing an operational teardown detailing how we restructured primary vendor tiering to achieve a Tier-1 vendor SLA governance across high-stakes Bengaluru deployments...,"Tier-1 Vendor SLA Governance & Rate Structuring | EXIM Trade Compliance (Incoterms 2020, HS Code classification, UCP 600 LCs) | 300+ Event & Operations Deployments (Lead at AERO India 2025, Puma India)",Aditya Mehra,+91-7003456624 | adityamehra799@gmail.com,P1 - Immediate,32%,2026-08-29,DELIVERED
DSP-1009,2026-08-24 11:05:00 IST,Google India,Tier-1 Big Tech,Old Madras Road, Bengaluru,Global Scaled Operations Associate,Ananya Roy,Staffing Lead - Scaled Operations GBO,ananya.roy@google.com,Hiring Manager Value Case,Operational Excellence Framework: Tier-1 Vendor SLA Governance & High-Velocity Deployment Case Study,Dear Hiring Team, Sharing an operational teardown detailing how we restructured primary vendor tiering to achieve a Tier-1 vendor SLA governance across high-stakes Bengaluru deployments...,"AI Data Operations at Instawork AI with 99%+ quality accuracy | 300+ Event & Operations Deployments (Lead at AERO India 2025, Puma India) | Tier-1 Vendor SLA Governance & Rate Structuring",Aditya Mehra,+91-7003456624 | adityamehra799@gmail.com,P1 - Immediate,37%,2026-08-28,INTERACTION_SCHEDULED
DSP-1010,2026-08-24 17:50:22 IST,Google India,Tier-1 Big Tech,Old Madras Road, Bengaluru,Global Scaled Operations Associate,Ananya Roy,Staffing Lead - Scaled Operations GBO,ananya.roy@google.com,Enterprise Career Portal Fast-Track,Candidate Dossier: Aditya Mehra | Global Scaled Operations Associate | Ref: SOV-2026-IN,Direct application submission for Global Scaled Operations Associate with verified evidence pack, EXIM Incoterms 2020 certifications, and live portfolio demonstration.,"Commercial Operations & 48-hour proposal velocity | Tier-1 Vendor SLA Governance & Rate Structuring | EXIM Trade Compliance (Incoterms 2020, HS Code classification, UCP 600 LCs)",Aditya Mehra,+91-7003456624 | adityamehra799@gmail.com,P1 - Immediate,26%,2026-08-29,DELIVERED
DSP-1011,2026-08-25 08:30:00 IST,Google India,Tier-1 Big Tech,Old Madras Road, Bengaluru,Partner Operations Specialist,Ananya Roy,Staffing Lead - Scaled Operations GBO,ananya.roy@google.com,Hiring Manager Value Case,Operational Excellence Framework: Tier-1 Vendor SLA Governance & High-Velocity Deployment Case Study,Dear Hiring Team, Sharing an operational teardown detailing how we restructured primary vendor tiering to achieve a Tier-1 vendor SLA governance across high-stakes Bengaluru deployments...,"300+ Event & Operations Deployments (Lead at AERO India 2025, Puma India) | AI Data Operations at Instawork AI with 99%+ quality accuracy | Commercial Operations & 48-hour proposal velocity",Aditya Mehra,+91-7003456624 | adityamehra799@gmail.com,P1 - Immediate,38%,2026-08-28,OPENED_BY_RECRUITER
DSP-1012,2026-08-25 16:10:00 IST,Google India,Tier-1 Big Tech,Old Madras Road, Bengaluru,Partner Operations Specialist,Ananya Roy,Staffing Lead - Scaled Operations GBO,ananya.roy@google.com,Enterprise Career Portal Fast-Track,Candidate Dossier: Aditya Mehra | Partner Operations Specialist | Ref: SOV-2026-IN,Direct application submission for Partner Operations Specialist with verified evidence pack, EXIM Incoterms 2020 certifications, and live portfolio demonstration.,"EXIM Trade Compliance (Incoterms 2020, HS Code classification, UCP 600 LCs) | Tier-1 Vendor SLA Governance & Rate Structuring | 300+ Event & Operations Deployments (Lead at AERO India 2025, Puma India)",Aditya Mehra,+91-7003456624 | adityamehra799@gmail.com,P1 - Immediate,28%,2026-08-29,DISPATCHED
DSP-1013,2026-08-24 10:20:00 IST,Goldman Sachs,Tier-1 Investment Banking,Helios Business Park, Kadubeesanahalli, Bengaluru,Operations Analyst (Global Markets),Neha Kulkarni,Executive Director - Campus & Lateral Ops Hiring,neha.kulkarni@gs.com,Recruiter Direct Email,BBA IB 2026 Grad (AERO India Lead / Tier-1 Vendor SLA Governance) — Application for Operations Analyst (Global Markets) at Goldman Sachs,"Dear Neha Kulkarni, Having delivered 300+ multi-city event & ops deployments and Commercial Operations & pipeline acceleration, I am writing to contribute to Goldman Sachs's Operations Analyst (Global Markets) team...","EXIM Trade Compliance (Incoterms 2020, HS Code classification, UCP 600 LCs) | Tier-1 Vendor SLA Governance & Rate Structuring | AI Data Operations at Instawork AI with 99%+ quality accuracy",Aditya Mehra,+91-7003456624 | adityamehra799@gmail.com,P1 - Immediate,35%,2026-08-28,DELIVERED
DSP-1014,2026-08-24 14:45:00 IST,Goldman Sachs,Tier-1 Investment Banking,Helios Business Park, Kadubeesanahalli, Bengaluru,Operations Analyst (Global Markets),Neha Kulkarni,Executive Director - Campus & Lateral Ops Hiring,neha.kulkarni@gs.com,LinkedIn 1st-Degree Referral,Connecting re: Operations Analyst (Global Markets) opening at Goldman Sachs (Dayananda Sagar / Bangalore Network),"Hi Neha Kulkarni, I noticed your leadership in Goldman Sachs's talent team. As an EXIM & operations specialist with 99%+ accuracy at Instawork AI and AERO India leadership, I'd welcome a referral discussion.","300+ Event & Operations Deployments (Lead at AERO India 2025, Puma India) | Commercial Operations & 48-hour proposal velocity | Tier-1 Vendor SLA Governance & Rate Structuring",Aditya Mehra,+91-7003456624 | adityamehra799@gmail.com,P1 - Immediate,32%,2026-08-29,OPENED_BY_RECRUITER
DSP-1015,2026-08-25 09:05:00 IST,Goldman Sachs,Tier-1 Investment Banking,Helios Business Park, Kadubeesanahalli, Bengaluru,Trade Execution Analyst,Neha Kulkarni,Executive Director - Campus & Lateral Ops Hiring,neha.kulkarni@gs.com,Recruiter Direct Email,BBA IB 2026 Grad (AERO India Lead / Tier-1 Vendor SLA Governance) — Application for Trade Execution Analyst at Goldman Sachs,"Dear Neha Kulkarni, Having delivered 300+ multi-city event & ops deployments and Commercial Operations & pipeline acceleration, I am writing to contribute to Goldman Sachs's Trade Execution Analyst team...","EXIM Trade Compliance (Incoterms 2020, HS Code classification, UCP 600 LCs) | AI Data Operations at Instawork AI with 99%+ quality accuracy | Tier-1 Vendor SLA Governance & Rate Structuring",Aditya Mehra,+91-7003456624 | adityamehra799@gmail.com,P1 - Immediate,36%,2026-08-28,INTERACTION_SCHEDULED
DSP-1016,2026-08-25 15:30:00 IST,Goldman Sachs,Tier-1 Investment Banking,Helios Business Park, Kadubeesanahalli, Bengaluru,Trade Execution Analyst,Neha Kulkarni,Executive Director - Campus & Lateral Ops Hiring,neha.kulkarni@gs.com,LinkedIn 1st-Degree Referral,Connecting re: Trade Execution Analyst opening at Goldman Sachs (Dayananda Sagar / Bangalore Network),"Hi Neha Kulkarni, I noticed your leadership in Goldman Sachs's talent team. As an EXIM & operations specialist with 99%+ accuracy at Instawork AI and AERO India leadership, I'd welcome a referral discussion.","300+ Event & Operations Deployments (Lead at AERO India 2025, Puma India) | Tier-1 Vendor SLA Governance & Rate Structuring | Commercial Operations & 48-hour proposal velocity",Aditya Mehra,+91-7003456624 | adityamehra799@gmail.com,P1 - Immediate,30%,2026-08-29,DISPATCHED
DSP-1017,2026-08-24 11:30:00 IST,Deloitte India / USI,Big 4 Consulting,Yelahanka / ORR, Bengaluru,Business Operations Analyst,Ritu Verma,Talent Advisor - Strategy & Operations,ritu.verma@deloitte.com,LinkedIn 1st-Degree Referral,Connecting re: Business Operations Analyst opening at Deloitte India / USI (Dayananda Sagar / Bangalore Network),"Hi Ritu Verma, I noticed your leadership in Deloitte India / USI's talent team. As an EXIM & operations specialist with 99%+ accuracy at Instawork AI and AERO India leadership, I'd welcome a referral discussion.","Tier-1 Vendor SLA Governance & Rate Structuring | 300+ Event & Operations Deployments (Lead at AERO India 2025, Puma India) | Commercial Operations & 48-hour proposal velocity",Aditya Mehra,+91-7003456624 | adityamehra799@gmail.com,P1 - Immediate,34%,2026-08-28,DELIVERED
DSP-1018,2026-08-24 16:15:00 IST,Deloitte India / USI,Big 4 Consulting,Yelahanka / ORR, Bengaluru,Business Operations Analyst,Ritu Verma,Talent Advisor - Strategy & Operations,ritu.verma@deloitte.com,Hiring Manager Value Case,Operational Excellence Framework: Tier-1 Vendor SLA Governance & High-Velocity Deployment Case Study,Dear Hiring Team, Sharing an operational teardown detailing how we restructured primary vendor tiering to achieve a Tier-1 vendor SLA governance across high-stakes Bengaluru deployments...,"EXIM Trade Compliance (Incoterms 2020, HS Code classification, UCP 600 LCs) | Tier-1 Vendor SLA Governance & Rate Structuring | AI Data Operations at Instawork AI with 99%+ quality accuracy",Aditya Mehra,+91-7003456624 | adityamehra799@gmail.com,P1 - Immediate,33%,2026-08-29,OPENED_BY_RECRUITER
DSP-1019,2026-08-25 10:45:00 IST,Deloitte India / USI,Big 4 Consulting,Yelahanka / ORR, Bengaluru,Supply Chain Advisory Associate,Ritu Verma,Talent Advisor - Strategy & Operations,ritu.verma@deloitte.com,LinkedIn 1st-Degree Referral,Connecting re: Supply Chain Advisory Associate opening at Deloitte India / USI (Dayananda Sagar / Bangalore Network),"Hi Ritu Verma, I noticed your leadership in Deloitte India / USI's talent team. As an EXIM & operations specialist with 99%+ accuracy at Instawork AI and AERO India leadership, I'd welcome a referral discussion.","300+ Event & Operations Deployments (Lead at AERO India 2025, Puma India) | EXIM Trade Compliance (Incoterms 2020, HS Code classification, UCP 600 LCs) | Tier-1 Vendor SLA Governance & Rate Structuring",Aditya Mehra,+91-7003456624 | adityamehra799@gmail.com,P1 - Immediate,35%,2026-08-28,INTERACTION_SCHEDULED
DSP-1020,2026-08-25 17:00:00 IST,Deloitte India / USI,Big 4 Consulting,Yelahanka / ORR, Bengaluru,Supply Chain Advisory Associate,Ritu Verma,Talent Advisor - Strategy & Operations,ritu.verma@deloitte.com,Hiring Manager Value Case,Operational Excellence Framework: Tier-1 Vendor SLA Governance & High-Velocity Deployment Case Study,Dear Hiring Team, Sharing an operational teardown detailing how we restructured primary vendor tiering to achieve a Tier-1 vendor SLA governance across high-stakes Bengaluru deployments...,"Commercial Operations & 48-hour proposal velocity | Tier-1 Vendor SLA Governance & Rate Structuring | AI Data Operations at Instawork AI with 99%+ quality accuracy",Aditya Mehra,+91-7003456624 | adityamehra799@gmail.com,P1 - Immediate,28%,2026-08-29,DISPATCHED
DSP-1021,2026-08-24 09:40:00 IST,EY / EY GDS,Big 4 Consulting,Bagmane World Tech Center, Bengaluru,Consulting Analyst (Supply Chain),Vivek Sundaram,Assistant Director - GDS Talent Acquisition,vivek.sundaram@ey.com,Recruiter Direct Email,BBA IB 2026 Grad (AERO India Lead / Tier-1 Vendor SLA Governance) — Application for Consulting Analyst (Supply Chain) at EY / EY GDS,"Dear Vivek Sundaram, Having delivered 300+ multi-city event & ops deployments and Commercial Operations & pipeline acceleration, I am writing to contribute to EY / EY GDS's Consulting Analyst (Supply Chain) team...","EXIM Trade Compliance (Incoterms 2020, HS Code classification, UCP 600 LCs) | Tier-1 Vendor SLA Governance & Rate Structuring | 300+ Event & Operations Deployments (Lead at AERO India 2025, Puma India)",Aditya Mehra,+91-7003456624 | adityamehra799@gmail.com,P1 - Immediate,36%,2026-08-28,DELIVERED
DSP-1022,2026-08-24 15:00:00 IST,EY / EY GDS,Big 4 Consulting,Bagmane World Tech Center, Bengaluru,Consulting Analyst (Supply Chain),Vivek Sundaram,Assistant Director - GDS Talent Acquisition,vivek.sundaram@ey.com,LinkedIn 1st-Degree Referral,Connecting re: Consulting Analyst (Supply Chain) opening at EY / EY GDS (Dayananda Sagar / Bangalore Network),"Hi Vivek Sundaram, I noticed your leadership in EY / EY GDS's talent team. As an EXIM & operations specialist with 99%+ accuracy at Instawork AI and AERO India leadership, I'd welcome a referral discussion.","300+ Event & Operations Deployments (Lead at AERO India 2025, Puma India) | AI Data Operations at Instawork AI with 99%+ quality accuracy | Tier-1 Vendor SLA Governance & Rate Structuring",Aditya Mehra,+91-7003456624 | adityamehra799@gmail.com,P1 - Immediate,32%,2026-08-29,OPENED_BY_RECRUITER
DSP-1023,2026-08-25 11:20:00 IST,EY / EY GDS,Big 4 Consulting,Bagmane World Tech Center, Bengaluru,Business Transformation Associate,Vivek Sundaram,Assistant Director - GDS Talent Acquisition,vivek.sundaram@ey.com,Recruiter Direct Email,BBA IB 2026 Grad (AERO India Lead / Tier-1 Vendor SLA Governance) — Application for Business Transformation Associate at EY / EY GDS,"Dear Vivek Sundaram, Having delivered 300+ multi-city event & ops deployments and Commercial Operations & pipeline acceleration, I am writing to contribute to EY / EY GDS's Business Transformation Associate team...","Commercial Operations & 48-hour proposal velocity | Tier-1 Vendor SLA Governance & Rate Structuring | EXIM Trade Compliance (Incoterms 2020, HS Code classification, UCP 600 LCs)",Aditya Mehra,+91-7003456624 | adityamehra799@gmail.com,P1 - Immediate,30%,2026-08-28,DELIVERED
DSP-1024,2026-08-25 16:45:00 IST,EY / EY GDS,Big 4 Consulting,Bagmane World Tech Center, Bengaluru,Business Transformation Associate,Vivek Sundaram,Assistant Director - GDS Talent Acquisition,vivek.sundaram@ey.com,LinkedIn 1st-Degree Referral,Connecting re: Business Transformation Associate opening at EY / EY GDS (Dayananda Sagar / Bangalore Network),"Hi Vivek Sundaram, I noticed your leadership in EY / EY GDS's talent team. As an EXIM & operations specialist with 99%+ accuracy at Instawork AI and AERO India leadership, I'd welcome a referral discussion.","300+ Event & Operations Deployments (Lead at AERO India 2025, Puma India) | Tier-1 Vendor SLA Governance & Rate Structuring | AI Data Operations at Instawork AI with 99%+ quality accuracy",Aditya Mehra,+91-7003456624 | adityamehra799@gmail.com,P1 - Immediate,29%,2026-08-29,DISPATCHED
DSP-1025,2026-08-24 10:10:00 IST,Maersk Global Service Centres,Global Trade & SCM,Manyata Tech Park, Bengaluru,EXIM Logistics Coordinator,Kavitha Narayanan,Senior Regional Talent Lead - Ocean & Logistics,kavitha.narayanan@maersk.com,Recruiter Direct Email,BBA IB 2026 Grad (AERO India Lead / Tier-1 Vendor SLA Governance) — Application for EXIM Logistics Coordinator at Maersk Global Service Centres,"Dear Kavitha Narayanan, Having delivered 300+ multi-city event & ops deployments and Commercial Operations & pipeline acceleration, I am writing to contribute to Maersk Global Service Centres's EXIM Logistics Coordinator team...","EXIM Trade Compliance (Incoterms 2020, HS Code classification, UCP 600 LCs) | Tier-1 Vendor SLA Governance & Rate Structuring | 300+ Event & Operations Deployments (Lead at AERO India 2025, Puma India)",Aditya Mehra,+91-7003456624 | adityamehra799@gmail.com,P1 - Immediate,38%,2026-08-28,INTERACTION_SCHEDULED
DSP-1026,2026-08-24 14:20:00 IST,Maersk Global Service Centres,Global Trade & SCM,Manyata Tech Park, Bengaluru,EXIM Logistics Coordinator,Kavitha Narayanan,Senior Regional Talent Lead - Ocean & Logistics,kavitha.narayanan@maersk.com,LinkedIn 1st-Degree Referral,Connecting re: EXIM Logistics Coordinator opening at Maersk Global Service Centres (Dayananda Sagar / Bangalore Network),"Hi Kavitha Narayanan, I noticed your leadership in Maersk Global Service Centres's talent team. As an EXIM & operations specialist with 99%+ accuracy at Instawork AI and AERO India leadership, I'd welcome a referral discussion.","EXIM Trade Compliance (Incoterms 2020, HS Code classification, UCP 600 LCs) | Tier-1 Vendor SLA Governance & Rate Structuring | AI Data Operations at Instawork AI with 99%+ quality accuracy",Aditya Mehra,+91-7003456624 | adityamehra799@gmail.com,P1 - Immediate,35%,2026-08-29,DELIVERED
DSP-1027,2026-08-25 09:50:00 IST,Maersk Global Service Centres,Global Trade & SCM,Manyata Tech Park, Bengaluru,Global Trade Flow Analyst,Kavitha Narayanan,Senior Regional Talent Lead - Ocean & Logistics,kavitha.narayanan@maersk.com,Recruiter Direct Email,BBA IB 2026 Grad (AERO India Lead / Tier-1 Vendor SLA Governance) — Application for Global Trade Flow Analyst at Maersk Global Service Centres,"Dear Kavitha Narayanan, Having delivered 300+ multi-city event & ops deployments and Commercial Operations & pipeline acceleration, I am writing to contribute to Maersk Global Service Centres's Global Trade Flow Analyst team...","EXIM Trade Compliance (Incoterms 2020, HS Code classification, UCP 600 LCs) | 300+ Event & Operations Deployments (Lead at AERO India 2025, Puma India) | Commercial Operations & 48-hour proposal velocity",Aditya Mehra,+91-7003456624 | adityamehra799@gmail.com,P1 - Immediate,34%,2026-08-28,OPENED_BY_RECRUITER
DSP-1028,2026-08-25 15:40:00 IST,Maersk Global Service Centres,Global Trade & SCM,Manyata Tech Park, Bengaluru,Global Trade Flow Analyst,Kavitha Narayanan,Senior Regional Talent Lead - Ocean & Logistics,kavitha.narayanan@maersk.com,LinkedIn 1st-Degree Referral,Connecting re: Global Trade Flow Analyst opening at Maersk Global Service Centres (Dayananda Sagar / Bangalore Network),"Hi Kavitha Narayanan, I noticed your leadership in Maersk Global Service Centres's talent team. As an EXIM & operations specialist with 99%+ accuracy at Instawork AI and AERO India leadership, I'd welcome a referral discussion.","Tier-1 Vendor SLA Governance & Rate Structuring | EXIM Trade Compliance (Incoterms 2020, HS Code classification, UCP 600 LCs) | AI Data Operations at Instawork AI with 99%+ quality accuracy",Aditya Mehra,+91-7003456624 | adityamehra799@gmail.com,P1 - Immediate,31%,2026-08-29,DISPATCHED
DSP-1029,2026-08-24 11:15:00 IST,Boeing India,Aerospace & Defense,Boeing India Engineering & Tech Center, Aerospace SEZ, Bengaluru,Supply Chain & Sourcing Analyst,Deepak Hegde,Senior Talent Acquisition - BIETC Operations,deepak.hegde@boeing.com,Recruiter Direct Email,BBA IB 2026 Grad (AERO India Lead / Tier-1 Vendor SLA Governance) — Application for Supply Chain & Sourcing Analyst at Boeing India,"Dear Deepak Hegde, Having delivered 300+ multi-city event & ops deployments and Commercial Operations & pipeline acceleration, I am writing to contribute to Boeing India's Supply Chain & Sourcing Analyst team...","300+ Event & Operations Deployments (Lead at AERO India 2025, Puma India) | Tier-1 Vendor SLA Governance & Rate Structuring | EXIM Trade Compliance (Incoterms 2020, HS Code classification, UCP 600 LCs)",Aditya Mehra,+91-7003456624 | adityamehra799@gmail.com,P1 - Immediate,37%,2026-08-28,INTERACTION_SCHEDULED
DSP-1030,2026-08-24 16:40:00 IST,Boeing India,Aerospace & Defense,Boeing India Engineering & Tech Center, Aerospace SEZ, Bengaluru,Aerospace Operations Coordinator,Deepak Hegde,Senior Talent Acquisition - BIETC Operations,deepak.hegde@boeing.com,LinkedIn 1st-Degree Referral,Connecting re: Aerospace Operations Coordinator opening at Boeing India (Dayananda Sagar / Bangalore Network),"Hi Deepak Hegde, I noticed your leadership in Boeing India's talent team. As an EXIM & operations specialist with 99%+ accuracy at Instawork AI and AERO India leadership, I'd welcome a referral discussion.","300+ Event & Operations Deployments (Lead at AERO India 2025, Puma India) | Tier-1 Vendor SLA Governance & Rate Structuring | AI Data Operations at Instawork AI with 99%+ quality accuracy",Aditya Mehra,+91-7003456624 | adityamehra799@gmail.com,P1 - Immediate,39%,2026-08-29,DELIVERED
DSP-1031,2026-08-24 13:45:00 IST,Puma Sports India,Global Retail & Lifestyle,Ulsoor / Indiranagar, Bengaluru,Retail Marketing & Activation Manager,Sanjana Kapoor,Head of Talent Acquisition - India,sanjana.kapoor@puma.com,Recruiter Direct Email,BBA IB 2026 Grad (AERO India Lead / Tier-1 Vendor SLA Governance) — Application for Retail Marketing & Activation Manager at Puma Sports India,"Dear Sanjana Kapoor, Having delivered 300+ multi-city event & ops deployments and Commercial Operations & pipeline acceleration, I am writing to contribute to Puma Sports India's Retail Marketing & Activation Manager team...","300+ Event & Operations Deployments (Lead at AERO India 2025, Puma India) | Tier-1 Vendor SLA Governance & Rate Structuring | Commercial Operations & 48-hour proposal velocity",Aditya Mehra,+91-7003456624 | adityamehra799@gmail.com,P1 - Immediate,42%,2026-08-28,INTERACTION_SCHEDULED
DSP-1032,2026-08-25 14:10:00 IST,Puma Sports India,Global Retail & Lifestyle,Ulsoor / Indiranagar, Bengaluru,Brand Operations Coordinator,Sanjana Kapoor,Head of Talent Acquisition - India,sanjana.kapoor@puma.com,LinkedIn 1st-Degree Referral,Connecting re: Brand Operations Coordinator opening at Puma Sports India (Dayananda Sagar / Bangalore Network),"Hi Sanjana Kapoor, I noticed your leadership in Puma Sports India's talent team. As an EXIM & operations specialist with 99%+ accuracy at Instawork AI and AERO India leadership, I'd welcome a referral discussion.","300+ Event & Operations Deployments (Lead at AERO India 2025, Puma India) | Tier-1 Vendor SLA Governance & Rate Structuring | Commercial Operations & 48-hour proposal velocity",Aditya Mehra,+91-7003456624 | adityamehra799@gmail.com,P1 - Immediate,40%,2026-08-29,DELIVERED
DSP-1033,2026-08-24 10:50:00 IST,Razorpay,Tier-1 FinTech Unicorn,Koramangala, Bengaluru,Merchant Operations Specialist,Manish Gupta,HRBP - Banking & Merchant Operations,manish.gupta@razorpay.com,Recruiter Direct Email,BBA IB 2026 Grad (AERO India Lead / Tier-1 Vendor SLA Governance) — Application for Merchant Operations Specialist at Razorpay,"Dear Manish Gupta, Having delivered 300+ multi-city event & ops deployments and Commercial Operations & pipeline acceleration, I am writing to contribute to Razorpay's Merchant Operations Specialist team...","Tier-1 Vendor SLA Governance & Rate Structuring | Commercial Operations & 48-hour proposal velocity | AI Data Operations at Instawork AI with 99%+ quality accuracy",Aditya Mehra,+91-7003456624 | adityamehra799@gmail.com,P1 - Immediate,33%,2026-08-28,DELIVERED
DSP-1034,2026-08-25 11:35:00 IST,Razorpay,Tier-1 FinTech Unicorn,Koramangala, Bengaluru,B2B Strategic Partnerships Associate,Manish Gupta,HRBP - Banking & Merchant Operations,manish.gupta@razorpay.com,LinkedIn 1st-Degree Referral,Connecting re: B2B Strategic Partnerships Associate opening at Razorpay (Dayananda Sagar / Bangalore Network),"Hi Manish Gupta, I noticed your leadership in Razorpay's talent team. As an EXIM & operations specialist with 99%+ accuracy at Instawork AI and AERO India leadership, I'd welcome a referral discussion.","Commercial Operations & 48-hour proposal velocity | 300+ Event & Operations Deployments (Lead at AERO India 2025, Puma India) | Tier-1 Vendor SLA Governance & Rate Structuring",Aditya Mehra,+91-7003456624 | adityamehra799@gmail.com,P1 - Immediate,35%,2026-08-29,OPENED_BY_RECRUITER
DSP-1035,2026-08-24 12:30:00 IST,Swiggy (Bundl Technologies),Tier-1 Tech Unicorn,Devarabisanahalli, Bengaluru,Supply Chain & Instamart Ops Associate,Aditi Sen,Lead Talent Partner - Dark Store & Logistics Ops,aditi.sen@swiggy.in,Recruiter Direct Email,BBA IB 2026 Grad (AERO India Lead / Tier-1 Vendor SLA Governance) — Application for Supply Chain & Instamart Ops Associate at Swiggy (Bundl Technologies),"Dear Aditi Sen, Having delivered 300+ multi-city event & ops deployments and Commercial Operations & pipeline acceleration, I am writing to contribute to Swiggy (Bundl Technologies)'s Supply Chain & Instamart Ops Associate team...","Tier-1 Vendor SLA Governance & Rate Structuring | 300+ Event & Operations Deployments (Lead at AERO India 2025, Puma India) | AI Data Operations at Instawork AI with 99%+ quality accuracy",Aditya Mehra,+91-7003456624 | adityamehra799@gmail.com,P1 - Immediate,32%,2026-08-28,DELIVERED
DSP-1036,2026-08-25 15:15:00 IST,CRED (Dreamplug Technologies),Tier-1 FinTech Unicorn,Indiranagar, Bengaluru,Growth & B2B Merchant BD Associate,Varun Bhat,People & Operations Lead,varun.bhat@cred.club,LinkedIn 1st-Degree Referral,Connecting re: Growth & B2B Merchant BD Associate opening at CRED (Dreamplug Technologies) (Dayananda Sagar / Bangalore Network),"Hi Varun Bhat, I noticed your leadership in CRED (Dreamplug Technologies)'s talent team. As an EXIM & operations specialist with 99%+ accuracy at Instawork AI and AERO India leadership, I'd welcome a referral discussion.","Commercial Operations & 48-hour proposal velocity | 300+ Event & Operations Deployments (Lead at AERO India 2025, Puma India) | Tier-1 Vendor SLA Governance & Rate Structuring",Aditya Mehra,+91-7003456624 | adityamehra799@gmail.com,P1 - Immediate,36%,2026-08-29,DELIVERED
