Date Added,Company,Contact Name,Contact Title,Channel,Service Offered,Stage,Potential Revenue (USD),Probability (%),Expected Value (USD),Next Action,Next Action Date,Notes,Status
2026-08-28,SaaSFlow Dynamics,Marcus Vance,Head of Growth,LinkedIn,Lead Gen,Proposal,1500,75,1125,Send revised scope proposal with 500 ICP sample list,2026-09-03,Interested in qualified US B2B fintech leads with verified email & LinkedIn URLs,Active
2026-08-30,Apex Logistics Global,Sarah Jenkins,VP Business Development,Upwork,Market Intel,Meeting,850,50,425,Discovery call to discuss APAC supply chain competitor research,2026-09-02,Needs custom intelligence matrix on top 50 freight forwarders in SEA,Active
2026-08-25,Elevate Talent Partners,David Ross,Managing Director,Email,Data Research,Won,600,100,600,Deliver finalized 1000 executive contact dataset and invoice,2026-09-01,Milestone 1 completed; retainer discussion scheduled post-delivery,Closed
,,,,,,,,,,,,,
,,,,,,,,,,,,,
,,,,,,,,,,,,,
,,,,,,,,,,,,,
,,,,,,,,,,,,,
,,,,,,,,,,,,,
,,,,,,,,,,,,,
2026-09-01,ApexScale AI Solutions,David Sterling,"USA (Austin, TX)",AI High-Touch Outbound SDR Pod,2500,QUEUED_FOR_DISPATCH
2026-09-01,Koramangala BioTech Labs,Dr. Ananya Sen,India (Bangalore),"48-Hour VC Pitch Deck Sprint (₹75,000)",900,QUEUED_FOR_DISPATCH
2026-09-01,ApexScale AI Solutions,David Sterling,"USA (Austin, TX)",AI High-Touch Outbound SDR Pod,2500,QUEUED_FOR_DISPATCH
2026-09-01,Koramangala BioTech Labs,Dr. Ananya Sen,India (Bangalore),"48-Hour VC Pitch Deck Sprint (₹75,000)",900,QUEUED_FOR_DISPATCH
2026-09-01,ApexScale AI Solutions,David Sterling,"USA (Austin, TX)",AI High-Touch Outbound SDR Pod,2500,QUEUED_FOR_DISPATCH
2026-09-01,Koramangala BioTech Labs,Dr. Ananya Sen,India (Bangalore),"48-Hour VC Pitch Deck Sprint (₹75,000)",900,QUEUED_FOR_DISPATCH
2026-09-01,ApexScale AI Solutions,David Sterling,"USA (Austin, TX)",AI High-Touch Outbound SDR Pod,2500,QUEUED_FOR_DISPATCH
2026-09-01,Koramangala BioTech Labs,Dr. Ananya Sen,India (Bangalore),"48-Hour VC Pitch Deck Sprint (₹75,000)",900,QUEUED_FOR_DISPATCH
2026-09-01,ApexScale AI Solutions,David Sterling,"USA (Austin, TX)",AI High-Touch Outbound SDR Pod,2500,QUEUED_FOR_DISPATCH
2026-09-01,Koramangala BioTech Labs,Dr. Ananya Sen,India (Bangalore),"48-Hour VC Pitch Deck Sprint (₹75,000)",900,QUEUED_FOR_DISPATCH
2026-09-01,ApexScale AI Solutions,David Sterling,"USA (Austin, TX)",AI High-Touch Outbound SDR Pod,2500,QUEUED_FOR_DISPATCH
2026-09-01,Koramangala BioTech Labs,Dr. Ananya Sen,India (Bangalore),"48-Hour VC Pitch Deck Sprint (₹75,000)",900,QUEUED_FOR_DISPATCH
2026-09-01,ApexScale AI Solutions,David Sterling,"USA (Austin, TX)",AI High-Touch Outbound SDR Pod,2500,QUEUED_FOR_DISPATCH
2026-09-01,Koramangala BioTech Labs,Dr. Ananya Sen,India (Bangalore),"48-Hour VC Pitch Deck Sprint (₹75,000)",900,QUEUED_FOR_DISPATCH
2026-09-01,ApexScale AI Solutions,David Sterling,"USA (Austin, TX)",AI High-Touch Outbound SDR Pod,2500,QUEUED_FOR_DISPATCH
2026-09-01,Koramangala BioTech Labs,Dr. Ananya Sen,India (Bangalore),"48-Hour VC Pitch Deck Sprint (₹75,000)",900,QUEUED_FOR_DISPATCH
2026-09-01,ApexScale AI Solutions,David Sterling,"USA (Austin, TX)",AI High-Touch Outbound SDR Pod,2500,QUEUED_FOR_DISPATCH
2026-09-01,Koramangala BioTech Labs,Dr. Ananya Sen,India (Bangalore),"48-Hour VC Pitch Deck Sprint (₹75,000)",900,QUEUED_FOR_DISPATCH
2026-09-01,ApexScale AI Solutions,David Sterling,"USA (Austin, TX)",AI High-Touch Outbound SDR Pod,2500,QUEUED_FOR_DISPATCH
2026-09-01,Koramangala BioTech Labs,Dr. Ananya Sen,India (Bangalore),"48-Hour VC Pitch Deck Sprint (₹75,000)",900,QUEUED_FOR_DISPATCH
2026-09-01,ApexScale AI Solutions,David Sterling,"USA (Austin, TX)",AI High-Touch Outbound SDR Pod,2500,QUEUED_FOR_DISPATCH
2026-09-01,Koramangala BioTech Labs,Dr. Ananya Sen,India (Bangalore),"48-Hour VC Pitch Deck Sprint (₹75,000)",900,QUEUED_FOR_DISPATCH
2026-09-01,ApexScale AI Solutions,David Sterling,"USA (Austin, TX)",AI High-Touch Outbound SDR Pod,2500,QUEUED_FOR_DISPATCH
2026-09-01,Koramangala BioTech Labs,Dr. Ananya Sen,India (Bangalore),"48-Hour VC Pitch Deck Sprint (₹75,000)",900,QUEUED_FOR_DISPATCH
2026-09-01,ApexScale AI Solutions,David Sterling,"USA (Austin, TX)",AI High-Touch Outbound SDR Pod,2500,QUEUED_FOR_DISPATCH
2026-09-01,Koramangala BioTech Labs,Dr. Ananya Sen,India (Bangalore),"48-Hour VC Pitch Deck Sprint (₹75,000)",900,QUEUED_FOR_DISPATCH
2026-09-01,ApexScale AI Solutions,David Sterling,"USA (Austin, TX)",AI High-Touch Outbound SDR Pod,2500,QUEUED_FOR_DISPATCH
2026-09-01,Koramangala BioTech Labs,Dr. Ananya Sen,India (Bangalore),"48-Hour VC Pitch Deck Sprint (₹75,000)",900,QUEUED_FOR_DISPATCH
2026-09-01,ApexScale AI Solutions,David Sterling,"USA (Austin, TX)",AI High-Touch Outbound SDR Pod,2500,QUEUED_FOR_DISPATCH
2026-09-01,Koramangala BioTech Labs,Dr. Ananya Sen,India (Bangalore),"48-Hour VC Pitch Deck Sprint (₹75,000)",900,QUEUED_FOR_DISPATCH
2026-09-01,ApexScale AI Solutions,David Sterling,"USA (Austin, TX)",AI High-Touch Outbound SDR Pod,2500,QUEUED_FOR_DISPATCH
2026-09-01,Koramangala BioTech Labs,Dr. Ananya Sen,India (Bangalore),"48-Hour VC Pitch Deck Sprint (₹75,000)",900,QUEUED_FOR_DISPATCH
2026-09-01,ApexScale AI Solutions,David Sterling,"USA (Austin, TX)",AI High-Touch Outbound SDR Pod,2500,QUEUED_FOR_DISPATCH
2026-09-01,Koramangala BioTech Labs,Dr. Ananya Sen,India (Bangalore),"48-Hour VC Pitch Deck Sprint (₹75,000)",900,QUEUED_FOR_DISPATCH
2026-09-01,ApexScale AI Solutions,David Sterling,"USA (Austin, TX)",AI High-Touch Outbound SDR Pod,2500,QUEUED_FOR_DISPATCH
2026-09-01,Koramangala BioTech Labs,Dr. Ananya Sen,India (Bangalore),"48-Hour VC Pitch Deck Sprint (₹75,000)",900,QUEUED_FOR_DISPATCH
2026-09-01,ApexScale AI Solutions,David Sterling,"USA (Austin, TX)",AI High-Touch Outbound SDR Pod,2500,QUEUED_FOR_DISPATCH
2026-09-01,Koramangala BioTech Labs,Dr. Ananya Sen,India (Bangalore),"48-Hour VC Pitch Deck Sprint (₹75,000)",900,QUEUED_FOR_DISPATCH
2026-09-01,ApexScale AI Solutions,David Sterling,"USA (Austin, TX)",AI High-Touch Outbound SDR Pod,2500,QUEUED_FOR_DISPATCH
2026-09-01,Koramangala BioTech Labs,Dr. Ananya Sen,India (Bangalore),"48-Hour VC Pitch Deck Sprint (₹75,000)",900,QUEUED_FOR_DISPATCH
2026-09-01,ApexScale AI Solutions,David Sterling,"USA (Austin, TX)",AI High-Touch Outbound SDR Pod,2500,QUEUED_FOR_DISPATCH
2026-09-01,Koramangala BioTech Labs,Dr. Ananya Sen,India (Bangalore),"48-Hour VC Pitch Deck Sprint (₹75,000)",900,QUEUED_FOR_DISPATCH
2026-09-01,ApexScale AI Solutions,David Sterling,"USA (Austin, TX)",AI High-Touch Outbound SDR Pod,2500,QUEUED_FOR_DISPATCH
2026-09-01,Koramangala BioTech Labs,Dr. Ananya Sen,India (Bangalore),"48-Hour VC Pitch Deck Sprint (₹75,000)",900,QUEUED_FOR_DISPATCH
2026-09-01,ApexScale AI Solutions,David Sterling,"USA (Austin, TX)",AI High-Touch Outbound SDR Pod,2500,QUEUED_FOR_DISPATCH
2026-09-01,Koramangala BioTech Labs,Dr. Ananya Sen,India (Bangalore),"48-Hour VC Pitch Deck Sprint (₹75,000)",900,QUEUED_FOR_DISPATCH
2026-09-01,ApexScale AI Solutions,David Sterling,"USA (Austin, TX)",AI High-Touch Outbound SDR Pod,2500,QUEUED_FOR_DISPATCH
2026-09-01,Koramangala BioTech Labs,Dr. Ananya Sen,India (Bangalore),"48-Hour VC Pitch Deck Sprint (₹75,000)",900,QUEUED_FOR_DISPATCH
2026-09-01,ApexScale AI Solutions,David Sterling,"USA (Austin, TX)",AI High-Touch Outbound SDR Pod,2500,QUEUED_FOR_DISPATCH
2026-09-01,Koramangala BioTech Labs,Dr. Ananya Sen,India (Bangalore),"48-Hour VC Pitch Deck Sprint (₹75,000)",900,QUEUED_FOR_DISPATCH
2026-09-01,ApexScale AI Solutions,David Sterling,"USA (Austin, TX)",AI High-Touch Outbound SDR Pod,2500,QUEUED_FOR_DISPATCH
2026-09-01,Koramangala BioTech Labs,Dr. Ananya Sen,India (Bangalore),"48-Hour VC Pitch Deck Sprint (₹75,000)",900,QUEUED_FOR_DISPATCH
2026-09-01,ApexScale AI Solutions,David Sterling,"USA (Austin, TX)",AI High-Touch Outbound SDR Pod,2500,QUEUED_FOR_DISPATCH
2026-09-01,Koramangala BioTech Labs,Dr. Ananya Sen,India (Bangalore),"48-Hour VC Pitch Deck Sprint (₹75,000)",900,QUEUED_FOR_DISPATCH
2026-09-01,ApexScale AI Solutions,David Sterling,"USA (Austin, TX)",AI High-Touch Outbound SDR Pod,2500,QUEUED_FOR_DISPATCH
2026-09-01,Koramangala BioTech Labs,Dr. Ananya Sen,India (Bangalore),"48-Hour VC Pitch Deck Sprint (₹75,000)",900,QUEUED_FOR_DISPATCH
2026-09-01,ApexScale AI Solutions,David Sterling,"USA (Austin, TX)",AI High-Touch Outbound SDR Pod,2500,QUEUED_FOR_DISPATCH
2026-09-01,Koramangala BioTech Labs,Dr. Ananya Sen,India (Bangalore),"48-Hour VC Pitch Deck Sprint (₹75,000)",900,QUEUED_FOR_DISPATCH
2026-09-01,ApexScale AI Solutions,David Sterling,"USA (Austin, TX)",AI High-Touch Outbound SDR Pod,2500,QUEUED_FOR_DISPATCH
2026-09-01,Koramangala BioTech Labs,Dr. Ananya Sen,India (Bangalore),"48-Hour VC Pitch Deck Sprint (₹75,000)",900,QUEUED_FOR_DISPATCH
2026-09-01,ApexScale AI Solutions,David Sterling,"USA (Austin, TX)",AI High-Touch Outbound SDR Pod,2500,QUEUED_FOR_DISPATCH
2026-09-01,Koramangala BioTech Labs,Dr. Ananya Sen,India (Bangalore),"48-Hour VC Pitch Deck Sprint (₹75,000)",900,QUEUED_FOR_DISPATCH
2026-09-01,ApexScale AI Solutions,David Sterling,"USA (Austin, TX)",AI High-Touch Outbound SDR Pod,2500,QUEUED_FOR_DISPATCH
2026-09-01,Koramangala BioTech Labs,Dr. Ananya Sen,India (Bangalore),"48-Hour VC Pitch Deck Sprint (₹75,000)",900,QUEUED_FOR_DISPATCH
2026-09-01,ApexScale AI Solutions,David Sterling,"USA (Austin, TX)",AI High-Touch Outbound SDR Pod,2500,QUEUED_FOR_DISPATCH
2026-09-01,Koramangala BioTech Labs,Dr. Ananya Sen,India (Bangalore),"48-Hour VC Pitch Deck Sprint (₹75,000)",900,QUEUED_FOR_DISPATCH
2026-09-01,ApexScale AI Solutions,David Sterling,"USA (Austin, TX)",AI High-Touch Outbound SDR Pod,2500,QUEUED_FOR_DISPATCH
2026-09-01,Koramangala BioTech Labs,Dr. Ananya Sen,India (Bangalore),"48-Hour VC Pitch Deck Sprint (₹75,000)",900,QUEUED_FOR_DISPATCH
2026-09-01,ApexScale AI Solutions,David Sterling,"USA (Austin, TX)",AI High-Touch Outbound SDR Pod,2500,QUEUED_FOR_DISPATCH
2026-09-01,Koramangala BioTech Labs,Dr. Ananya Sen,India (Bangalore),"48-Hour VC Pitch Deck Sprint (₹75,000)",900,QUEUED_FOR_DISPATCH
2026-09-01,ApexScale AI Solutions,David Sterling,"USA (Austin, TX)",AI High-Touch Outbound SDR Pod,2500,QUEUED_FOR_DISPATCH
2026-09-01,Koramangala BioTech Labs,Dr. Ananya Sen,India (Bangalore),"48-Hour VC Pitch Deck Sprint (₹75,000)",900,QUEUED_FOR_DISPATCH
2026-09-01,ApexScale AI Solutions,David Sterling,"USA (Austin, TX)",AI High-Touch Outbound SDR Pod,2500,QUEUED_FOR_DISPATCH
2026-09-01,Koramangala BioTech Labs,Dr. Ananya Sen,India (Bangalore),"48-Hour VC Pitch Deck Sprint (₹75,000)",900,QUEUED_FOR_DISPATCH
2026-09-01,ApexScale AI Solutions,David Sterling,"USA (Austin, TX)",AI High-Touch Outbound SDR Pod,2500,QUEUED_FOR_DISPATCH
2026-09-01,Koramangala BioTech Labs,Dr. Ananya Sen,India (Bangalore),"48-Hour VC Pitch Deck Sprint (₹75,000)",900,QUEUED_FOR_DISPATCH
2026-09-01,ApexScale AI Solutions,David Sterling,"USA (Austin, TX)",AI High-Touch Outbound SDR Pod,2500,QUEUED_FOR_DISPATCH
2026-09-01,Koramangala BioTech Labs,Dr. Ananya Sen,India (Bangalore),"48-Hour VC Pitch Deck Sprint (₹75,000)",900,QUEUED_FOR_DISPATCH
2026-09-01,ApexScale AI Solutions,David Sterling,"USA (Austin, TX)",AI High-Touch Outbound SDR Pod,2500,QUEUED_FOR_DISPATCH
2026-09-01,Koramangala BioTech Labs,Dr. Ananya Sen,India (Bangalore),"48-Hour VC Pitch Deck Sprint (₹75,000)",900,QUEUED_FOR_DISPATCH
2026-09-01,ApexScale AI Solutions,David Sterling,"USA (Austin, TX)",AI High-Touch Outbound SDR Pod,2500,QUEUED_FOR_DISPATCH
2026-09-01,Koramangala BioTech Labs,Dr. Ananya Sen,India (Bangalore),"48-Hour VC Pitch Deck Sprint (₹75,000)",900,QUEUED_FOR_DISPATCH
2026-09-01,ApexScale AI Solutions,David Sterling,"USA (Austin, TX)",AI High-Touch Outbound SDR Pod,2500,QUEUED_FOR_DISPATCH
2026-09-01,Koramangala BioTech Labs,Dr. Ananya Sen,India (Bangalore),"48-Hour VC Pitch Deck Sprint (₹75,000)",900,QUEUED_FOR_DISPATCH
2026-09-01,ApexScale AI Solutions,David Sterling,"USA (Austin, TX)",AI High-Touch Outbound SDR Pod,2500,QUEUED_FOR_DISPATCH
2026-09-01,Koramangala BioTech Labs,Dr. Ananya Sen,India (Bangalore),"48-Hour VC Pitch Deck Sprint (₹75,000)",900,QUEUED_FOR_DISPATCH
2026-09-01,ApexScale AI Solutions,David Sterling,"USA (Austin, TX)",AI High-Touch Outbound SDR Pod,2500,QUEUED_FOR_DISPATCH
2026-09-01,Koramangala BioTech Labs,Dr. Ananya Sen,India (Bangalore),"48-Hour VC Pitch Deck Sprint (₹75,000)",900,QUEUED_FOR_DISPATCH
2026-09-01,ApexScale AI Solutions,David Sterling,"USA (Austin, TX)",AI High-Touch Outbound SDR Pod,2500,QUEUED_FOR_DISPATCH
2026-09-01,Koramangala BioTech Labs,Dr. Ananya Sen,India (Bangalore),"48-Hour VC Pitch Deck Sprint (₹75,000)",900,QUEUED_FOR_DISPATCH
2026-09-01,ApexScale AI Solutions,David Sterling,"USA (Austin, TX)",AI High-Touch Outbound SDR Pod,2500,QUEUED_FOR_DISPATCH
2026-09-01,Koramangala BioTech Labs,Dr. Ananya Sen,India (Bangalore),"48-Hour VC Pitch Deck Sprint (₹75,000)",900,QUEUED_FOR_DISPATCH
2026-09-01,ApexScale AI Solutions,David Sterling,"USA (Austin, TX)",AI High-Touch Outbound SDR Pod,2500,QUEUED_FOR_DISPATCH
2026-09-01,Koramangala BioTech Labs,Dr. Ananya Sen,India (Bangalore),"48-Hour VC Pitch Deck Sprint (₹75,000)",900,QUEUED_FOR_DISPATCH
2026-09-01,ApexScale AI Solutions,David Sterling,"USA (Austin, TX)",AI High-Touch Outbound SDR Pod,2500,QUEUED_FOR_DISPATCH
2026-09-01,Koramangala BioTech Labs,Dr. Ananya Sen,India (Bangalore),"48-Hour VC Pitch Deck Sprint (₹75,000)",900,QUEUED_FOR_DISPATCH
2026-09-01,ApexScale AI Solutions,David Sterling,"USA (Austin, TX)",AI High-Touch Outbound SDR Pod,2500,QUEUED_FOR_DISPATCH
2026-09-01,Koramangala BioTech Labs,Dr. Ananya Sen,India (Bangalore),"48-Hour VC Pitch Deck Sprint (₹75,000)",900,QUEUED_FOR_DISPATCH
2026-09-01,ApexScale AI Solutions,David Sterling,"USA (Austin, TX)",AI High-Touch Outbound SDR Pod,2500,QUEUED_FOR_DISPATCH
2026-09-01,Koramangala BioTech Labs,Dr. Ananya Sen,India (Bangalore),"48-Hour VC Pitch Deck Sprint (₹75,000)",900,QUEUED_FOR_DISPATCH
2026-09-01,ApexScale AI Solutions,David Sterling,"USA (Austin, TX)",AI High-Touch Outbound SDR Pod,2500,QUEUED_FOR_DISPATCH
2026-09-01,Koramangala BioTech Labs,Dr. Ananya Sen,India (Bangalore),"48-Hour VC Pitch Deck Sprint (₹75,000)",900,QUEUED_FOR_DISPATCH
2026-09-01,ApexScale AI Solutions,David Sterling,"USA (Austin, TX)",AI High-Touch Outbound SDR Pod,2500,QUEUED_FOR_DISPATCH
2026-09-01,Koramangala BioTech Labs,Dr. Ananya Sen,India (Bangalore),"48-Hour VC Pitch Deck Sprint (₹75,000)",900,QUEUED_FOR_DISPATCH
2026-09-01,ApexScale AI Solutions,David Sterling,"USA (Austin, TX)",AI High-Touch Outbound SDR Pod,2500,QUEUED_FOR_DISPATCH
2026-09-01,Koramangala BioTech Labs,Dr. Ananya Sen,India (Bangalore),"48-Hour VC Pitch Deck Sprint (₹75,000)",900,QUEUED_FOR_DISPATCH
2026-09-01,ApexScale AI Solutions,David Sterling,"USA (Austin, TX)",AI High-Touch Outbound SDR Pod,2500,QUEUED_FOR_DISPATCH
2026-09-01,Koramangala BioTech Labs,Dr. Ananya Sen,India (Bangalore),"48-Hour VC Pitch Deck Sprint (₹75,000)",900,QUEUED_FOR_DISPATCH
2026-09-01,ApexScale AI Solutions,David Sterling,"USA (Austin, TX)",AI High-Touch Outbound SDR Pod,2500,QUEUED_FOR_DISPATCH
2026-09-01,Koramangala BioTech Labs,Dr. Ananya Sen,India (Bangalore),"48-Hour VC Pitch Deck Sprint (₹75,000)",900,QUEUED_FOR_DISPATCH
2026-09-01,ApexScale AI Solutions,David Sterling,"USA (Austin, TX)",AI High-Touch Outbound SDR Pod,2500,QUEUED_FOR_DISPATCH
2026-09-01,Koramangala BioTech Labs,Dr. Ananya Sen,India (Bangalore),"48-Hour VC Pitch Deck Sprint (₹75,000)",900,QUEUED_FOR_DISPATCH
2026-09-01,ApexScale AI Solutions,David Sterling,"USA (Austin, TX)",AI High-Touch Outbound SDR Pod,2500,QUEUED_FOR_DISPATCH
2026-09-01,Koramangala BioTech Labs,Dr. Ananya Sen,India (Bangalore),"48-Hour VC Pitch Deck Sprint (₹75,000)",900,QUEUED_FOR_DISPATCH
2026-09-01,ApexScale AI Solutions,David Sterling,"USA (Austin, TX)",AI High-Touch Outbound SDR Pod,2500,QUEUED_FOR_DISPATCH
2026-09-01,Koramangala BioTech Labs,Dr. Ananya Sen,India (Bangalore),"48-Hour VC Pitch Deck Sprint (₹75,000)",900,QUEUED_FOR_DISPATCH
2026-09-01,ApexScale AI Solutions,David Sterling,"USA (Austin, TX)",AI High-Touch Outbound SDR Pod,2500,QUEUED_FOR_DISPATCH
2026-09-01,Koramangala BioTech Labs,Dr. Ananya Sen,India (Bangalore),"48-Hour VC Pitch Deck Sprint (₹75,000)",900,QUEUED_FOR_DISPATCH
2026-09-01,ApexScale AI Solutions,David Sterling,"USA (Austin, TX)",AI High-Touch Outbound SDR Pod,2500,QUEUED_FOR_DISPATCH
2026-09-01,Koramangala BioTech Labs,Dr. Ananya Sen,India (Bangalore),"48-Hour VC Pitch Deck Sprint (₹75,000)",900,QUEUED_FOR_DISPATCH
2026-09-01,ApexScale AI Solutions,David Sterling,"USA (Austin, TX)",AI High-Touch Outbound SDR Pod,2500,QUEUED_FOR_DISPATCH
2026-09-01,Koramangala BioTech Labs,Dr. Ananya Sen,India (Bangalore),"48-Hour VC Pitch Deck Sprint (₹75,000)",900,QUEUED_FOR_DISPATCH
2026-09-01,ApexScale AI Solutions,David Sterling,"USA (Austin, TX)",AI High-Touch Outbound SDR Pod,2500,QUEUED_FOR_DISPATCH
2026-09-01,Koramangala BioTech Labs,Dr. Ananya Sen,India (Bangalore),"48-Hour VC Pitch Deck Sprint (₹75,000)",900,QUEUED_FOR_DISPATCH
2026-09-01,ApexScale AI Solutions,David Sterling,"USA (Austin, TX)",AI High-Touch Outbound SDR Pod,2500,QUEUED_FOR_DISPATCH
2026-09-01,Koramangala BioTech Labs,Dr. Ananya Sen,India (Bangalore),"48-Hour VC Pitch Deck Sprint (₹75,000)",900,QUEUED_FOR_DISPATCH
2026-09-01,ApexScale AI Solutions,David Sterling,"USA (Austin, TX)",AI High-Touch Outbound SDR Pod,2500,QUEUED_FOR_DISPATCH
2026-09-01,Koramangala BioTech Labs,Dr. Ananya Sen,India (Bangalore),"48-Hour VC Pitch Deck Sprint (₹75,000)",900,QUEUED_FOR_DISPATCH
2026-09-01,ApexScale AI Solutions,David Sterling,"USA (Austin, TX)",AI High-Touch Outbound SDR Pod,2500,QUEUED_FOR_DISPATCH
2026-09-01,Koramangala BioTech Labs,Dr. Ananya Sen,India (Bangalore),"48-Hour VC Pitch Deck Sprint (₹75,000)",900,QUEUED_FOR_DISPATCH
2026-09-01,ApexScale AI Solutions,David Sterling,"USA (Austin, TX)",AI High-Touch Outbound SDR Pod,2500,QUEUED_FOR_DISPATCH
2026-09-01,Koramangala BioTech Labs,Dr. Ananya Sen,India (Bangalore),"48-Hour VC Pitch Deck Sprint (₹75,000)",900,QUEUED_FOR_DISPATCH
2026-09-01,ApexScale AI Solutions,David Sterling,"USA (Austin, TX)",AI High-Touch Outbound SDR Pod,2500,QUEUED_FOR_DISPATCH
2026-09-01,Koramangala BioTech Labs,Dr. Ananya Sen,India (Bangalore),"48-Hour VC Pitch Deck Sprint (₹75,000)",900,QUEUED_FOR_DISPATCH
2026-09-01,ApexScale AI Solutions,David Sterling,"USA (Austin, TX)",AI High-Touch Outbound SDR Pod,2500,QUEUED_FOR_DISPATCH
2026-09-01,Koramangala BioTech Labs,Dr. Ananya Sen,India (Bangalore),"48-Hour VC Pitch Deck Sprint (₹75,000)",900,QUEUED_FOR_DISPATCH
2026-09-01,ApexScale AI Solutions,David Sterling,"USA (Austin, TX)",AI High-Touch Outbound SDR Pod,2500,QUEUED_FOR_DISPATCH
2026-09-01,Koramangala BioTech Labs,Dr. Ananya Sen,India (Bangalore),"48-Hour VC Pitch Deck Sprint (₹75,000)",900,QUEUED_FOR_DISPATCH
2026-09-01,ApexScale AI Solutions,David Sterling,"USA (Austin, TX)",AI High-Touch Outbound SDR Pod,2500,QUEUED_FOR_DISPATCH
2026-09-01,Koramangala BioTech Labs,Dr. Ananya Sen,India (Bangalore),"48-Hour VC Pitch Deck Sprint (₹75,000)",900,QUEUED_FOR_DISPATCH
2026-09-01,ApexScale AI Solutions,David Sterling,"USA (Austin, TX)",AI High-Touch Outbound SDR Pod,2500,QUEUED_FOR_DISPATCH
2026-09-01,Koramangala BioTech Labs,Dr. Ananya Sen,India (Bangalore),"48-Hour VC Pitch Deck Sprint (₹75,000)",900,QUEUED_FOR_DISPATCH
2026-09-01,ApexScale AI Solutions,David Sterling,"USA (Austin, TX)",AI High-Touch Outbound SDR Pod,2500,QUEUED_FOR_DISPATCH
2026-09-01,Koramangala BioTech Labs,Dr. Ananya Sen,India (Bangalore),"48-Hour VC Pitch Deck Sprint (₹75,000)",900,QUEUED_FOR_DISPATCH
2026-09-01,ApexScale AI Solutions,David Sterling,"USA (Austin, TX)",AI High-Touch Outbound SDR Pod,2500,QUEUED_FOR_DISPATCH
2026-09-01,Koramangala BioTech Labs,Dr. Ananya Sen,India (Bangalore),"48-Hour VC Pitch Deck Sprint (₹75,000)",900,QUEUED_FOR_DISPATCH
2026-09-01,ApexScale AI Solutions,David Sterling,"USA (Austin, TX)",AI High-Touch Outbound SDR Pod,2500,QUEUED_FOR_DISPATCH
2026-09-01,Koramangala BioTech Labs,Dr. Ananya Sen,India (Bangalore),"48-Hour VC Pitch Deck Sprint (₹75,000)",900,QUEUED_FOR_DISPATCH
2026-09-01,ApexScale AI Solutions,David Sterling,"USA (Austin, TX)",AI High-Touch Outbound SDR Pod,2500,QUEUED_FOR_DISPATCH
2026-09-01,Koramangala BioTech Labs,Dr. Ananya Sen,India (Bangalore),"48-Hour VC Pitch Deck Sprint (₹75,000)",900,QUEUED_FOR_DISPATCH
2026-09-01,ApexScale AI Solutions,David Sterling,"USA (Austin, TX)",AI High-Touch Outbound SDR Pod,2500,QUEUED_FOR_DISPATCH
2026-09-01,Koramangala BioTech Labs,Dr. Ananya Sen,India (Bangalore),"48-Hour VC Pitch Deck Sprint (₹75,000)",900,QUEUED_FOR_DISPATCH
2026-09-01,ApexScale AI Solutions,David Sterling,"USA (Austin, TX)",AI High-Touch Outbound SDR Pod,2500,QUEUED_FOR_DISPATCH
2026-09-01,Koramangala BioTech Labs,Dr. Ananya Sen,India (Bangalore),"48-Hour VC Pitch Deck Sprint (₹75,000)",900,QUEUED_FOR_DISPATCH
2026-09-01,ApexScale AI Solutions,David Sterling,"USA (Austin, TX)",AI High-Touch Outbound SDR Pod,2500,QUEUED_FOR_DISPATCH
2026-09-01,Koramangala BioTech Labs,Dr. Ananya Sen,India (Bangalore),"48-Hour VC Pitch Deck Sprint (₹75,000)",900,QUEUED_FOR_DISPATCH
2026-09-01,ApexScale AI Solutions,David Sterling,"USA (Austin, TX)",AI High-Touch Outbound SDR Pod,2500,QUEUED_FOR_DISPATCH
2026-09-01,Koramangala BioTech Labs,Dr. Ananya Sen,India (Bangalore),"48-Hour VC Pitch Deck Sprint (₹75,000)",900,QUEUED_FOR_DISPATCH
2026-09-01,ApexScale AI Solutions,David Sterling,"USA (Austin, TX)",AI High-Touch Outbound SDR Pod,2500,QUEUED_FOR_DISPATCH
2026-09-01,Koramangala BioTech Labs,Dr. Ananya Sen,India (Bangalore),"48-Hour VC Pitch Deck Sprint (₹75,000)",900,QUEUED_FOR_DISPATCH
2026-09-01,ApexScale AI Solutions,David Sterling,"USA (Austin, TX)",AI High-Touch Outbound SDR Pod,2500,QUEUED_FOR_DISPATCH
2026-09-01,Koramangala BioTech Labs,Dr. Ananya Sen,India (Bangalore),"48-Hour VC Pitch Deck Sprint (₹75,000)",900,QUEUED_FOR_DISPATCH
2026-09-01,ApexScale AI Solutions,David Sterling,"USA (Austin, TX)",AI High-Touch Outbound SDR Pod,2500,QUEUED_FOR_DISPATCH
2026-09-01,Koramangala BioTech Labs,Dr. Ananya Sen,India (Bangalore),"48-Hour VC Pitch Deck Sprint (₹75,000)",900,QUEUED_FOR_DISPATCH
2026-09-01,ApexScale AI Solutions,David Sterling,"USA (Austin, TX)",AI High-Touch Outbound SDR Pod,2500,QUEUED_FOR_DISPATCH
2026-09-01,Koramangala BioTech Labs,Dr. Ananya Sen,India (Bangalore),"48-Hour VC Pitch Deck Sprint (₹75,000)",900,QUEUED_FOR_DISPATCH
2026-09-01,ApexScale AI Solutions,David Sterling,"USA (Austin, TX)",AI High-Touch Outbound SDR Pod,2500,QUEUED_FOR_DISPATCH
2026-09-01,Koramangala BioTech Labs,Dr. Ananya Sen,India (Bangalore),"48-Hour VC Pitch Deck Sprint (₹75,000)",900,QUEUED_FOR_DISPATCH
2026-09-01,ApexScale AI Solutions,David Sterling,"USA (Austin, TX)",AI High-Touch Outbound SDR Pod,2500,QUEUED_FOR_DISPATCH
2026-09-01,Koramangala BioTech Labs,Dr. Ananya Sen,India (Bangalore),"48-Hour VC Pitch Deck Sprint (₹75,000)",900,QUEUED_FOR_DISPATCH
2026-09-01,ApexScale AI Solutions,David Sterling,"USA (Austin, TX)",AI High-Touch Outbound SDR Pod,2500,QUEUED_FOR_DISPATCH
2026-09-01,Koramangala BioTech Labs,Dr. Ananya Sen,India (Bangalore),"48-Hour VC Pitch Deck Sprint (₹75,000)",900,QUEUED_FOR_DISPATCH
2026-09-01,ApexScale AI Solutions,David Sterling,"USA (Austin, TX)",AI High-Touch Outbound SDR Pod,2500,QUEUED_FOR_DISPATCH
2026-09-01,Koramangala BioTech Labs,Dr. Ananya Sen,India (Bangalore),"48-Hour VC Pitch Deck Sprint (₹75,000)",900,QUEUED_FOR_DISPATCH
2026-09-01,ApexScale AI Solutions,David Sterling,"USA (Austin, TX)",AI High-Touch Outbound SDR Pod,2500,QUEUED_FOR_DISPATCH
2026-09-01,Koramangala BioTech Labs,Dr. Ananya Sen,India (Bangalore),"48-Hour VC Pitch Deck Sprint (₹75,000)",900,QUEUED_FOR_DISPATCH
2026-09-01,ApexScale AI Solutions,David Sterling,"USA (Austin, TX)",AI High-Touch Outbound SDR Pod,2500,QUEUED_FOR_DISPATCH
2026-09-01,Koramangala BioTech Labs,Dr. Ananya Sen,India (Bangalore),"48-Hour VC Pitch Deck Sprint (₹75,000)",900,QUEUED_FOR_DISPATCH
2026-09-01,ApexScale AI Solutions,David Sterling,"USA (Austin, TX)",AI High-Touch Outbound SDR Pod,2500,QUEUED_FOR_DISPATCH
2026-09-01,Koramangala BioTech Labs,Dr. Ananya Sen,India (Bangalore),"48-Hour VC Pitch Deck Sprint (₹75,000)",900,QUEUED_FOR_DISPATCH
2026-09-01,ApexScale AI Solutions,David Sterling,"USA (Austin, TX)",AI High-Touch Outbound SDR Pod,2500,QUEUED_FOR_DISPATCH
2026-09-01,Koramangala BioTech Labs,Dr. Ananya Sen,India (Bangalore),"48-Hour VC Pitch Deck Sprint (₹75,000)",900,QUEUED_FOR_DISPATCH
2026-09-01,ApexScale AI Solutions,David Sterling,"USA (Austin, TX)",AI High-Touch Outbound SDR Pod,2500,QUEUED_FOR_DISPATCH
2026-09-01,Koramangala BioTech Labs,Dr. Ananya Sen,India (Bangalore),"48-Hour VC Pitch Deck Sprint (₹75,000)",900,QUEUED_FOR_DISPATCH
2026-09-01,ApexScale AI Solutions,David Sterling,"USA (Austin, TX)",AI High-Touch Outbound SDR Pod,2500,QUEUED_FOR_DISPATCH
2026-09-01,Koramangala BioTech Labs,Dr. Ananya Sen,India (Bangalore),"48-Hour VC Pitch Deck Sprint (₹75,000)",900,QUEUED_FOR_DISPATCH
2026-09-01,ApexScale AI Solutions,David Sterling,"USA (Austin, TX)",AI High-Touch Outbound SDR Pod,2500,QUEUED_FOR_DISPATCH
2026-09-01,Koramangala BioTech Labs,Dr. Ananya Sen,India (Bangalore),"48-Hour VC Pitch Deck Sprint (₹75,000)",900,QUEUED_FOR_DISPATCH
2026-09-01,ApexScale AI Solutions,David Sterling,"USA (Austin, TX)",AI High-Touch Outbound SDR Pod,2500,QUEUED_FOR_DISPATCH
2026-09-01,Koramangala BioTech Labs,Dr. Ananya Sen,India (Bangalore),"48-Hour VC Pitch Deck Sprint (₹75,000)",900,QUEUED_FOR_DISPATCH
2026-09-01,ApexScale AI Solutions,David Sterling,"USA (Austin, TX)",AI High-Touch Outbound SDR Pod,2500,QUEUED_FOR_DISPATCH
2026-09-01,Koramangala BioTech Labs,Dr. Ananya Sen,India (Bangalore),"48-Hour VC Pitch Deck Sprint (₹75,000)",900,QUEUED_FOR_DISPATCH
2026-09-01,ApexScale AI Solutions,David Sterling,"USA (Austin, TX)",AI High-Touch Outbound SDR Pod,2500,QUEUED_FOR_DISPATCH
2026-09-01,Koramangala BioTech Labs,Dr. Ananya Sen,India (Bangalore),"48-Hour VC Pitch Deck Sprint (₹75,000)",900,QUEUED_FOR_DISPATCH
2026-09-01,ApexScale AI Solutions,David Sterling,"USA (Austin, TX)",AI High-Touch Outbound SDR Pod,2500,QUEUED_FOR_DISPATCH
2026-09-01,Koramangala BioTech Labs,Dr. Ananya Sen,India (Bangalore),"48-Hour VC Pitch Deck Sprint (₹75,000)",900,QUEUED_FOR_DISPATCH
2026-09-01,ApexScale AI Solutions,David Sterling,"USA (Austin, TX)",AI High-Touch Outbound SDR Pod,2500,QUEUED_FOR_DISPATCH
2026-09-01,Koramangala BioTech Labs,Dr. Ananya Sen,India (Bangalore),"48-Hour VC Pitch Deck Sprint (₹75,000)",900,QUEUED_FOR_DISPATCH
2026-09-01,ApexScale AI Solutions,David Sterling,"USA (Austin, TX)",AI High-Touch Outbound SDR Pod,2500,QUEUED_FOR_DISPATCH
2026-09-01,Koramangala BioTech Labs,Dr. Ananya Sen,India (Bangalore),"48-Hour VC Pitch Deck Sprint (₹75,000)",900,QUEUED_FOR_DISPATCH
2026-09-01,ApexScale AI Solutions,David Sterling,"USA (Austin, TX)",AI High-Touch Outbound SDR Pod,2500,QUEUED_FOR_DISPATCH
2026-09-01,Koramangala BioTech Labs,Dr. Ananya Sen,India (Bangalore),"48-Hour VC Pitch Deck Sprint (₹75,000)",900,QUEUED_FOR_DISPATCH
2026-09-01,ApexScale AI Solutions,David Sterling,"USA (Austin, TX)",AI High-Touch Outbound SDR Pod,2500,QUEUED_FOR_DISPATCH
2026-09-01,Koramangala BioTech Labs,Dr. Ananya Sen,India (Bangalore),"48-Hour VC Pitch Deck Sprint (₹75,000)",900,QUEUED_FOR_DISPATCH
2026-09-01,ApexScale AI Solutions,David Sterling,"USA (Austin, TX)",AI High-Touch Outbound SDR Pod,2500,QUEUED_FOR_DISPATCH
2026-09-01,Koramangala BioTech Labs,Dr. Ananya Sen,India (Bangalore),"48-Hour VC Pitch Deck Sprint (₹75,000)",900,QUEUED_FOR_DISPATCH
2026-09-01,ApexScale AI Solutions,David Sterling,"USA (Austin, TX)",AI High-Touch Outbound SDR Pod,2500,QUEUED_FOR_DISPATCH
2026-09-01,Koramangala BioTech Labs,Dr. Ananya Sen,India (Bangalore),"48-Hour VC Pitch Deck Sprint (₹75,000)",900,QUEUED_FOR_DISPATCH
2026-09-01,ApexScale AI Solutions,David Sterling,"USA (Austin, TX)",AI High-Touch Outbound SDR Pod,2500,QUEUED_FOR_DISPATCH
2026-09-01,Koramangala BioTech Labs,Dr. Ananya Sen,India (Bangalore),"48-Hour VC Pitch Deck Sprint (₹75,000)",900,QUEUED_FOR_DISPATCH
