Company Name,Website URL,Careers URL,Tags,Description,Extra Links
10up,https://10up.com/careers/,,Async/Remote-First,10up makes the web better by finely crafting websites & tools for content creators.,
15Five,https://www.15five.com/about/careers/,,Async/Remote-First,"Join our mission to create the spaces where people become their greatest selves, by joining some of the greatest employees around.",
1Password,https://1password.com/careers,,Async/Remote-First,The world’s most-loved password manager.,
Adeva,https://adevait.com,,"Async/Remote-First, Design/UI/UX",An exclusive remote developers network. Adeva partners with companies to scale engineering teams on-demand.,
AgentFire,https://agentfire.com/,,Async/Remote-First,Hyper local real estate websites powered by Wordpress.,
Affirm,https://www.affirm.com/careers,,Async/Remote-First,financial technology company that offers point-of-sale financing options to consumers.,
Aha!,https://www.aha.io/company/careers/current-openings,,Async/Remote-First,Aha! is roadmapping software for PMs who want their mojo back.,
AirTreks,https://airtreks.com/about/,,Async/Remote-First,Multi-stop international flight planner with a distributed team.,
Alley,https://alley.com/careers/,,"Async/Remote-First, Design/UI/UX","Digital Agency. We are strategists, researchers, designers, and developers who craft custom digital experiences for publishers, nonprofit institutions, museums, and brands.",
amazee.io,https://www.amazee.io/careers/,,"Async/Remote-First, DevOps/Cloud, Frontend","Open source container hosting - high-performance flexible solutions. Kubernetes, TypeScript (Node.js and React), Go, GraphQL.",
Arkency,https://arkency.com/join-our-team/,,"Async/Remote-First, Frontend","Rails and React.js experts, fully remote/async.",
Array.com,https://array.com/company/careers,,Async/Remote-First,"Financial, identity, and privacy protection tools.",
Articulate,https://www.articulate.com/about/careers/,,"Async/Remote-First, Backend, Design/UI/UX","EdTech. Makes software that helps teachers make e-learning courses. Ruby, Node, C#, and .NET for Windows app.",
AT&T,https://www.att.jobs,,Async/Remote-First,Nearly [20% of the eligible workforce](https://www.att.com/Common/about_us/files/csr_2012/worklife_balance.pdf) works remotely.,20% of the eligible workforce: https://www.att.com/Common/about_us/files/csr_2012/worklife_balance.pdf
Aurora Solar,https://aurorasolar.com/careers/,,Async/Remote-First,solar permitting.,
Auth0,https://www.okta.com/company/careers/,,Async/Remote-First,Zero-friction authentication and authorization for developers.,
Authentic F & F,https://authenticff.com/,,"Async/Remote-First, Design/UI/UX",Independent design and technology studio based in Denver and Minnesota,
Aurity,https://aurity.co/,,"Async/Remote-First, Frontend","100% remote company, specializing in React and React Native.",
Automattic,https://automattic.com/work-with-us/,,Async/Remote-First,Makers of WordPress.com and Gravatar.,
AssemblyAI,https://www.assemblyai.com/careers,,"AI/ML, Async/Remote-First",AI models to transcribe and understand speech.,
Avallain,https://www.avallain.com/,,Async/Remote-First,Education Technology and Digital Publishing. We have the tools and processes to achieve the positive impact on human potential that technology enhanced education can provide,
AvantStay,https://apply.workable.com/avantstay/,,Async/Remote-First,"Short-term rental company based in Los Angeles, with remote dev team.",
Axelerant,https://www.axelerant.com/careers,,Async/Remote-First,,
BandLab,https://www.bandlab.com/careers,,"Async/Remote-First, Design/UI/UX",Social music platform that enables creators to make music and share the creative process with musicians and fans.,
Baremetrics,https://baremetrics.com/about,,Async/Remote-First,"Analytics and insights for Stripe, Braintree, Recurly and Chargify.",
BaseCamp,https://basecamp.com/about,,Async/Remote-First,Project management software.,
Baselayer,https://www.baselayer.com/,,"Async/Remote-First, DevOps/Cloud",Data center and infrastructure management software.,
BeBanjo,https://www.bebanjo.com/company/careers,,"Async/Remote-First, Backend","Software as a service for managing video on-demand. Ruby / Rails, Elasticsearch, Sidekiq.",
Bilsteingroup,https://bilsteingroup.com/en/career/,,"Async/Remote-First, Backend, Design/UI/UX, Europe, Python","Automotive spare parts. Python, Java, Postgres. Teams accross Europe. HQ in Germany.",
Binti,https://binti.com/current-openings/,,Async/Remote-First,Foster care.,
Bluespark Labs,https://www.bluespark.com/careers,,Async/Remote-First,"WebDev Consulting and makers of Roomify. Remote team with HQs in Raleigh, NC and Italy. Drupal.",
Blend,https://blend.com/company/careers/,,Async/Remote-First,Fintech.,
BookingSync,https://www.smily.com/company/jobs,,"Async/Remote-First, Backend","Vacation Rental Software for professionals. Fully distributed team, we work remotely and try to make a company retreat each year. Proud Ember.js official sponsor, Ruby / Rails",
Brave,https://brave.com,,"Async/Remote-First, Web3/Crypto",Web browser with built-in ad blocker and crypto-token micro-payments.,
Buffer,https://buffer.com/journey,,"Async/Remote-First, Frontend, Python","Tools to help manage social media. PHP, CodeIgniter, MongoDB, Memcache, Backbone.js, React.js, Grunt.js, LESS, and Python.",
Bugfender,https://bugfender.com/,,Async/Remote-First,"Bugfender is a remote logger for multiple platforms including iOS and Android. It stores logs created by your application and sends them to our server, creating a remote console where you can see logs in real time. Remote company based in Barcelona.",
ButterCloud,https://www.buttercloud.com/,,"Async/Remote-First, Design/UI/UX, DevOps/Cloud","A small team of web & app developers. We help startups & small to medium-sized businesses build, maintain, and grow their products.",
Calm,https://www.calm.com/careers,,Async/Remote-First,improve your health and happiness.,
Cadasta,https://cadasta.org/,,"Async/Remote-First, Backend, Frontend, Python","Secure platform for mapping global land & resource rights. 100% remote team; Python, Django, JavaScript, PostgreSQL.",
Canonical,https://canonical.com/careers/all,,Async/Remote-First,Ubuntu.,
Ceros,https://labs.ceros.com/jobs/#/,,Async/Remote-First,.,
Chef,https://www.chef.io/careers,,"Async/Remote-First, Backend, Frontend","We are all about IT automation for speed and awesomeness. Ruby, JavaScript & shell scripting. HQ in Seattle but we have employees all around US.",
Ciao Bambino,https://ciaobambino.com/,,Async/Remote-First,Family destinations and hotel reviews.,
Circonus,https://www.apica.io,,"Async/Remote-First, Backend","SaaS and on-prem monitoring, analytics, alerting, and more.  C, Go, Java, Perl.  HQ in Fulton MD, most employees are remote.",
Clevertech,https://lumenalta.com/remote-jobs,,Async/Remote-First,"We build incredible, game-changing technology.",
Codeship,https://www.cloudbees.com/products/codeship,,Async/Remote-First,SaaS Continuous Delivery,
CodeWeavers,https://www.codeweavers.com/about/jobs,,Async/Remote-First,Wine-based open source software.,
Collabora,https://www.collabora.com/careers.html,,Async/Remote-First,Open source software-based consulting.,
ConsenSys,https://consensys.io/careers,,"Async/Remote-First, Web3/Crypto","Blockchain software technology company with offices all around the world, and independent employees in even more locations.",
Continu,https://www.continu.com/,,Async/Remote-First,Continuous learning software for modern teams.,
Coursera,https://careers.coursera.com/jobs/search,,Async/Remote-First,online courses.,
CRO Metrics,https://crometrics.com/careers/,,Async/Remote-First,Data-driven expirementation and growth programs.,
Crosscan,https://crosscan.com/jobs/,,"Async/Remote-First, Frontend","Retail Analytics, IoT (PHP, React, Web, Mobile, Rust)",
Crossover,https://app.crossover.com/x/marketplace/available-jobs,,"Async/Remote-First, Backend, DevOps/Cloud","Project-based Java, .Net and DevOps positions.",
Customer.io,https://customer.io/careers,,"Async/Remote-First, Frontend","Customer engagement platform. 100% remote and globally distributed team. Go, MySQL, Typescript, Ember, React, etc",
DataCose,https://www.datacose.com,,"Async/Remote-First, Frontend, Python","Custome web development and custom automations. Python, Vue.Js, TypeScript",
Datadog,https://careers.datadoghq.com,,"Async/Remote-First, DevOps/Cloud","Easy to use and scalable monitoring systems for modern and dynamic infrastructure.  Distributed team with offices in New York, Boston and Paris.  Engineers based all around the world.",
DataStax,https://www.datastax.com/company/careers,,Async/Remote-First,Consulting based on Apache Cassandra.,
Deeson,https://manifesto.co.uk/,,"Async/Remote-First, Backend, Europe","UK-based with European team. Digital agency specialising in Drupal, Symfony and Laravel",
DigitalOcean,https://www.digitalocean.com/careers,,"Async/Remote-First, DevOps/Cloud","Simple Cloud Hosting, Built for Developers",
Discourse,https://www.discourse.org/team,,Async/Remote-First,Civilized discussion for your community.,
DNSimple,https://dnsimple.com/,,Async/Remote-First,Small 100% remote and globally distributed team working to make domain management an afterthought.,
Docker,https://www.docker.com/career-openings/,,Async/Remote-First,,
Doist,https://doist.com/careers,,Async/Remote-First,Redefining productivity since 2007.,
DoIT,https://careers.doit.com/,,"Async/Remote-First, DevOps/Cloud",technology and cloud expertise.,
Dotnetos,https://dotnetos.org/,,Async/Remote-First,"Dotnet performance conferences, meetups and courses.",
Doximity,https://workat.doximity.com,,"Async/Remote-First, Backend, Frontend","Largest online medical network of US physicians. Ruby, Rails, Go, JavaScript, MySQL.",
Drupal Association,https://assoc.drupal.org/jobs,,Async/Remote-First,Non-profit supporting the Drupal project.,
DuckDuckGo,https://duckduckgo.com/duckduckgo-help-pages/,,Async/Remote-First,Search engine.,
EasyCommunicationTechnology,https://www.easycomtec.com/homeoffice/developer,,"Async/Remote-First, Backend",".NET development using C#, Angular, Azure. Remote-first company.",
Elastic,https://www.elastic.co/,,Async/Remote-First,Open source search & analytics,
Eloquentix,https://www.eloquentix.com/,,Async/Remote-First,All remote company across 3 continents and 9 timezones.,
Envato,https://www.envato.com/about/careers/,,"Async/Remote-First, Backend, Frontend","Maker of ThemeForest and other online marketplaces. MySQL, Ruby, Rails, JavaScript. Distributed team with HQ in Melbourne, Australia.",
Ergeon,https://www.ergeon.com/careers/,,Async/Remote-First,"Home Services and construction company. An all-remote company with HQ in Palo Alto, California, but hiring worldwide.",
Etsy,https://careers.etsy.com,,"Async/Remote-First, Design/UI/UX","Marketplace for artists. MySQL, Memcache, PHP. Offices in Dublin, Paris, San Francisco, New York, London and Melbourne.",
ExportData,https://www.exportdata.io/,,"Async/Remote-First, Backend, Frontend","Export, search & analyse Twitter data. Ruby, Rails, React.JS, Terraform, AWS.",
Factorial,https://factorialhr.com/,,Async/Remote-First,A Human Resources management platform for SMEs,
Feeld,https://feeld.co/,,Async/Remote-First,Dating app for couples and singles.,
Findify,https://findify.io/,,"AI/ML, Async/Remote-First, Europe",E-commerce search powered by machine learning and big data. Team distributed across Europe.,
General Assembly,https://generalassemb.ly/careers,,"Async/Remote-First, Design/UI/UX","Physical and on-line education for technology, business, and design.",
Ghost,https://ghost.org/about/#careers,,Async/Remote-First,Publishing platform.,
Giant Swarm,https://www.giantswarm.io/,,"Async/Remote-First, DevOps/Cloud","Giant Swarm’s managed microservices infrastructure enables enterprises to run agile, resilient, distributed systems at scale, while removing the tasks related to managing the complex underlying infrastructure",
Gigster,https://gigster.com/,,Async/Remote-First,"vetted network of top 5% freelancers worldwide. PM, Dev, Sales positions available.",
TestGrid,https://testgrid.io/,,"Async/Remote-First, DevOps/Cloud","TestGrid is a leading provider of end-to-end automation cloud and on-premise testing solutions. With a focus on simplifying the testing process, TestGrid's innovative AI-powered technology allows organizations to streamline their end to end testing process. Hiring developers, sales & marketing folks worldwide.",
HeadSpin,https://www.headspin.io/,,"AI/ML, Async/Remote-First, DevOps/Cloud","world’s first Digital Experience AI Platform that combines cloud-hosted and on-prem global device infrastructure, test automation, and ML-driven performance & quality of experience analytics for mobile, web, audio, and video.",
Gitbook,https://gitbook.gitbook.io/join-gitbook,,"Async/Remote-First, Backend, Frontend","Publishing toolchain based on git. JavaScript, node.js, Go.",
GitHub,https://www.github.careers/careers-home,,Async/Remote-First,,
GitLab,https://about.gitlab.com/jobs/,,Async/Remote-First,Competitor to GitHub.,
Gitee,https://gitee.com,,Async/Remote-First,GitHub alternative in China.,
Gradle,https://gradle.com/careers/,,"Async/Remote-First, Backend","Open Source Build Tool ; Enterprise SaaS and on-premise. Fully remote. Java, Groovy, Kotlin.",
GrooveHQ,https://www.groovehq.com/about,,Async/Remote-First,Help desk software.,
GoGuardian,https://www.goguardian.com/careers,,Async/Remote-First,K-12 digital learning environments.,
Harvest,https://www.getharvest.com/careers,,Async/Remote-First,Time tracking software.,
HashiCorp,https://www.hashicorp.com/careers,,"Async/Remote-First, Backend, Frontend","Open source tools for automating the modern data center. Go, Ruby, Rails, Ember, JavaScript.",
Hatica,https://www.hatica.io,,Async/Remote-First,"Work analytics for engineering teams: Hatica equips engineering leaders and managers with actionable insights to promote effort alignment, accelerate delivery, drive team engagement, and promote team well-being.",
Heap,https://www.heap.io/careers/jobs,,Async/Remote-First,"Web & Mobile Analytics, 2 of our 8 teammates are remote.",
Heetch,https://www.heetch.com/jobs,,"Async/Remote-First, Europe","Ride Hailing service, operating in Europe and Africa. Fully Remote across Europe or similar timezones. Go, AWS.",
Help Scout,https://www.helpscout.com/company/careers/,,Async/Remote-First,A help desk for teams that insist on a delightful customer experience.,
Heroku,https://www.heroku.com/careers,,"Async/Remote-First, Backend, DevOps/Cloud, Frontend, Python","PaaS Cloud, makes devs' experience awesome, Ruby, Erlang, JavaScript, Golang, Python.",
Honeybadger,https://www.honeybadger.io/,,"Async/Remote-First, Backend",Ruby. 100% remote.,
Hotjar,https://www.hotjar.com/careers/,,Async/Remote-First,Analytics & Feedback tool.,
Igalia,https://www.igalia.com/about/,,"Async/Remote-First, Europe",Open source consultancy. HQ in Spain.,
Incsub,https://incsub.com/careers/,,Async/Remote-First,Remote team that builds WordPress projects.,
Inpsyde GmbH,https://syde.com/,,"Async/Remote-First, Europe",WordPress Agency in Germany.,
Institute for Nonprofit News,https://inn.users.membersuite.com/community/career-center/browse-jobs/allJobs/allCities/allStates,,Async/Remote-First,Nonprofit news organization.,
Instructure,https://www.instructure.com/about/careers,,"Async/Remote-First, Design/UI/UX",We make software that makes people smarter.,
Intellum,https://www.intellum.com/,,"Async/Remote-First, Backend","We build employee collaboration, performance and learning tools. Ruby, iOS, Android, AWS, GCS.",
Intevity,https://www.intevity.com/,,Async/Remote-First,,
Innostax Tech LLC,https://innostax.com,,"Async/Remote-First, Design/UI/UX",Full-stack software engineering partner specializing in AI-native managed pods and rigorous development guardrails.,
"Intuition Machines, Inc.",https://apply.workable.com/imachines/,,"AI/ML, Async/Remote-First, Backend, DevOps/Cloud, Frontend, Python","Intuition Machines specializes in deep learning and visual domain ML at scale. Python, JavaScript, Kubernetes, Kafka, Dask/Spark, ML/Computer Vision",
InVision,https://www.invisionapp.com/company#jobs,,Async/Remote-First,"prototyping, collaboration & workflow platform.",
Iterative,https://iterative.notion.site/Iterative-ai-is-Hiring-852cb978129645e1906e2c9a878a4d22,,Async/Remote-First,ML Model Development for teams. Remotely worldwide,
iRonin.IT,https://careers.ironin.it,,"Async/Remote-First, Backend, Frontend","software house. Polish language. Ruby on Rails, Node.js, JavaScript, React, Angular, Vue.js.",
Isos Technology,https://careers.isostech.com/,,"Async/Remote-First, Design/UI/UX","premier Atlassian Platinum & Enterprise Solution Partner, helping organizations solve complex development and business problems with the Atlassian tools.",
Jackson River,https://www.jacksonriver.com/about,,Async/Remote-First,Digital-first technology and strategy for nonprofits.,
Jibble Group,https://careers.jibblegroup.com/,,Async/Remote-First,Remote team across 15 different countries building the next world-class workforce management and payroll Software-as-a-Service.,
journy.io,https://www.journy.io/about-us,,Async/Remote-First,Customer Data Platform.,
Judge.me,https://judge.me/,,Async/Remote-First,A review platform for ecommerces. Our company is fully remote across 4 continents.,
Keepsafe,https://www.getkeepsafe.com,,Async/Remote-First,"Mobile-first privacy products, making privacy easy for the world to opt into.",
Khan Academy,https://www.khanacademy.org/careers,,"Async/Remote-First, Frontend, Python","EdTech. Non-profit focusing on K-12 STEM. Less, React, Flux, Backbone, jQuery, Python, Google App Engine, Swift, and Objective-C.",
Knack,https://www.knack.com/careers/,,Async/Remote-First,The easy online database helping customers streamline their business processes and automate workflow. The product is DIY with no-code/low-code. The company is 100% remote.,
LaunchPotato,https://launchpotato.com/careers,,"Async/Remote-First, Design/UI/UX","Startup studio based in Delray Beach, Florida.",
Librato,https://jobs.solarwinds.com/,,"Async/Remote-First, DevOps/Cloud",Cloud Monitoring.,
Linaro,https://www.linaro.org/careers/,,Async/Remote-First,OpenSource Engineering on ARM.,
Lincoln Loop,https://lincolnloop.com,,Async/Remote-First,WebDev shop.,
LiveChat,https://www.livechat.com/careers/,,Async/Remote-First,"online customer service software with online chat, help desk software, and web analytics",
LivingSocial,https://www.grouponcareers.com/,,Async/Remote-First,"Company-wide support for teams of experienced, remote developers. Lots of autonomy.",
log.dog,https://log.dog,,Async/Remote-First,Remote debugging and logging tool for iOS and Android apps. No offices - fully remote.,
Logit.io,https://logit.io/about-us/#careers,,Async/Remote-First,Fully remote first logging and metrics management company with 100% of operations and development based remotely,
Lullabot,https://www.lullabot.com/jobs,,"Async/Remote-First, Design/UI/UX","Strategy, design and development using Drupal.",
madewithlove,https://madewithlove.com/careers/,,Async/Remote-First,We help companies build digital products and bring new juice to teams that seem to jam.,
Maintainer Mountaineer,https://maintainer.io,,Async/Remote-First,Open source community management as a service.,
MailerLite,https://www.mailerlite.com/,,Async/Remote-First,"Email marketing tool with a remote-first team that's scattered all over the world. Twice a year, they go on workation to places like Bali, Panama and Miami.",
MariaDB,https://mariadb.com/about-us/careers/,,Async/Remote-First,Open source database.,
MarsBased,https://marsbased.com,,"Async/Remote-First, Backend, Frontend","MarsBased is a development consultancy from Barcelona offering end‑to‑end web & mobile apps based on Ruby on Rails, Angular and other JavaScript frameworks.",
Mapbox,https://www.mapbox.com/careers,,Async/Remote-First,Map integration tools for various platforms.,
Maxim,https://www.getmaxim.ai,,"AI/ML, Async/Remote-First","AI Agent Simulation, Evaluation & Observability Platform",
MeetEdgar,https://meetedgar.com/careers,,Async/Remote-First,Automated social sharing. US remote.,
Meta,https://www.metacareers.com/jobs/,,"Async/Remote-First, Design/UI/UX","Partent company of Facebook, Instagram. Filter by remote.",
Merico,https://www.devinsight.ai/,,Async/Remote-First,Code deep analysis engine.,
Mixmax,https://www.mixmax.com/,,Async/Remote-First,Email with superpowers.,
Modern Tribe,https://tri.be/careers/,,Async/Remote-First,A digital agency with a modern twist. All freelancers. All experts.,
MODLR,https://modlr.co/au/home,,Async/Remote-First,MODLR is business modelling and collaborative planning tool for connected financial planning process,
Modus Create,https://moduscreate.com/,,"Async/Remote-First, Backend, Design/UI/UX, Frontend","Modus is a digital design-build agency driven by world-class talent. PHP, JavaScript.",
Mode Analytic,https://www.thoughtspot.com/careers,,Async/Remote-First,BI.,
Mosalingua,https://www.mosalingua.com/en/jobs/,,Async/Remote-First,"Learn words, enjoy the world.",
Mozilla,https://www.mozilla.org/en-US/careers/listings/,,Async/Remote-First,Firefox has a 'Remote' option under it's location searchbar,
NearForm,https://www.nearform.com/careers/,,Async/Remote-First,"NearForm evolves enterprises by building high-performance, open software. Our global team uses modern processes and tools to help clients innovate at speed.",
Netlandish,https://www.netlandish.com/,,"Async/Remote-First, DevOps/Cloud, Python","Software development for businesses of all sizes. Python, Django, DevOps. 100% Remote.",
Netsparker,https://www.invicti.com/careers/,,"Async/Remote-First, Security",Web Application Security Scanner.,
NinjaCat,https://www.ninjacat.io/company/about-us,,Async/Remote-First,"Reporting, Monitoring & Call Tracking Platform for Leading Digital Agencies.",
Niteo,https://niteo.co/careers,,"Async/Remote-First, Design/UI/UX","A decade old SaaS studio full of bright ideas, building smart solutions to empower small businesses online.",
NodeSource,https://nodesource.com/about,,Async/Remote-First,NodeSource is dedicated to creating a sustainable ecosystem for Node.js.,
Nozbe,https://nozbe.com/careers,,Async/Remote-First,"GTD app for Mac, Windows, Linux, Android, iPad and iPhone.",
Neon Postgres Database,https://neon.tech/careers,,"Async/Remote-First, DevOps/Cloud","Neon is a distributed fully remote team building open-source, cloud-native Postgres and Neon is an open-source alternative to AWS Aurora or Google's Cloud SQL for Postgres.",
Olark,https://www.olark.com/jobs,,Async/Remote-First,Chat support funnel.,
onTheGo Systems,https://onthegosystems.com:443/jobs/,,Async/Remote-First,"WordPress Developer, Supporter and Marketing Jobs.",
OpenCraft,https://opencraft.com/,,Async/Remote-First,Open edX development (Free Software MOOC project).,
Parknav,https://parknav.com,,"AI/ML, Async/Remote-First",Intelligent parking using AI,
Parsely,https://www.parse.ly/careers/,,Async/Remote-First,Analytics solutions,
Particular Software (NServiceBus),https://particular.net/careers,,"Async/Remote-First, Backend, Design/UI/UX","Enterprise Service Bus, Messaging, C#, Open Source",
Patients Know Best,https://apply.workable.com/patients/,,Async/Remote-First,"Empowering patients to manage their care, enabling professionals to share information while improving efficiencies for payers.",
Paylocity,https://www.paylocity.com/careers/,,Async/Remote-First,HR and payroll solutions,
Peakforce,https://www.peakforce.dev,,"Async/Remote-First, Design/UI/UX","Atlassian (Jira, Confluence) and Splunk (SIEM, Observability) Partner helping with licenses, implementation, migrations and consulting.",
Pilot,https://plane.com,,"Async/Remote-First, Design/UI/UX","Pilot is a software platform that removes all the pain from contract work. We find work, negotiate contracts, send invoices and chase payments for hundreds of forward-looking engineers and designers around the world.",
Pleo,https://www.pleo.io/en/careers,,Async/Remote-First,Pleo is a company payment card solution that automates expense reports and simplifies company spending.,
Precision Nutrition,https://www.precisionnutrition.com/,,Async/Remote-First,Online Nutrition Coaching and Certification.,
PreviousNext,https://www.previousnext.com.au,,Async/Remote-First,Australian based Drupal agency.,
Prezly,https://www.prezly.com/,,"Async/Remote-First, Frontend","SaaS PR platform. PHP, React, JS, Postgres. 100% remote.",
Prodperfect,https://prodperfect.com/,,Async/Remote-First,Automated QA testing from live user data. Remote-first org with workplaces in Boston and San Fran.,
ProFinda,https://www.profinda.com/,,"Async/Remote-First, Backend, Europe, Frontend, Python","Workforce planning & optimization. 100% remote dev team. Ruby on Rails, React.js and Python. Company based in UK.",
Prosopo,https://prosopo.io/,,"Async/Remote-First, Europe, Frontend, Security","Bot protection & web security company. Fully remote team based in UK. Typescript, Rust, Open Source.",
Recurly,https://recurly.com/careers/,,Async/Remote-First,recurring billing management for subscription-based businesses,
Red Hat,https://www.redhat.com/en/jobs,,Async/Remote-First,,
Redox,https://redoxengine.com/company/careers/,,Async/Remote-First,Healthcare API platform. Proudly remote-first team.,
Relevant Bits,https://relevantbits.com,,"Async/Remote-First, Canada, Design/UI/UX","Relevant Bits positively influences customer experiences and outcomes with data, design, technology, and critical thinking. Based out of Ontario Canada, Relevant Bits is 100% remote.",
RenoFi,https://www.renofi.com/careers/,,"Async/Remote-First, Backend, Frontend","100% remote from day 1. Ruby, React.js, GraphQL, k8s.",
Riak,https://riak.com/careers/,,"Async/Remote-First, DevOps/Cloud",An open source platform and k/v database. We code in Erlang and hang out on clouds. Everyone works remote and gets together a few times a year at HQ in Seattle.,
RightScale,https://www.flexera.com/about-us/careers,,Async/Remote-First,,
Sangoma,https://sangoma.com/,,"Async/Remote-First, Backend, DevOps/Cloud, Frontend, Python","Trusted leader in delivering globally scalable Voice-Over-IP telephony systems, both on-site and cloud-based. C, PHP, Python, JavaScript, Linux, FreePBX, VoIP.",
SearchApi,https://www.searchapi.io/,,"Async/Remote-First, Backend","Real-time API to access structured search results of Google, Bing, Baidu, Amazon, Youtube, and other search engines. Ruby, Rails, Hotwire, TailwindCSS, PostgreSQL, Redis, Sidekiq, Terraform.",
Sketch,https://www.sketch.com/about-us/#careers-at-sketch,,"Async/Remote-First, Design/UI/UX",design tool for Mac.,
SerpApi,https://serpapi.com/team,,"Async/Remote-First, Backend, Frontend","Real-time API to access structured search results of Google, Youtube, eBay and other search engines. Ruby, Rails, React.js.",
ServiceNow,https://www.jobvite.com/support/job-seeker-support/?invalid=1,,"Async/Remote-First, DevOps/Cloud","Enterprise cloud computing to improve service levels, energize employees, and change the way your enterprise works. Work at lightspeed.",
ShakaCode,https://www.shakacode.com/career/,,Async/Remote-First,A global web development software consultancy and product company.,
Shiphero,https://shiphero.breezy.hr/?&remote=remote#positions,,Async/Remote-First,ShipHero builds a fully featured Warehouse Management System. 100% remote.,
Shogun,https://getshogun.com/,,"Async/Remote-First, Backend, Frontend","Build and optimize eCommerce landing pages. Ruby / Rails, Go, JavaScript, React. 100% remote.",
Signal,https://signal.org/workworkwork/,,Async/Remote-First,These people make the fantastic Signal app. US Only.,
SoftwareMill,https://softwaremill.com/join-us/,,Async/Remote-First,,
Soshace,https://soshace.com/,,"Async/Remote-First, Backend, Frontend, Python",Angular/React/Vue.js/Java/Python remote development company,
Songspace,https://songspace.com,,Async/Remote-First,"Helps music creators collaborate, catalog, and share work with their professional team",
Sourcegraph,https://github.com/sourcegraph/careers,,Async/Remote-First,"Code search and navigation for teams (self-hosted, OSS). Fully remote (across time zones).",
Spreaker,https://careers.spreaker.com/opportunities/,,"Async/Remote-First, Backend, Frontend","Create, host, distribute and monetize your podcasts. All engineers are remote. Tech stack: Javascript (React, Node.js), PHP (Symfony), iOS, Android. All hosted on AWS..",
StackExchange,https://stackoverflow.co/company/work-here/,,Async/Remote-First,,
Stream Native,https://streamnative.io,,"Async/Remote-First, DevOps/Cloud",Cloud-Native messaging and event streaming powered by Apache Pulsar,
Stripe,https://stripe.com/blog/remote-hub,,"Async/Remote-First, DevOps/Cloud",Stripe builds financial tools and economic infrastructure for the internet,
StyleSeat,http://static.styleseat.com/jobs/index.html,,"Async/Remote-First, Python","we love high-impact remote engineers, collaboration, creativity, python, angularjs",
SuperOrbital,https://superorbital.io/,,"Async/Remote-First, DevOps/Cloud",Kubernetes engineering and training.,
Surevine,https://surevine.com/careers,,Async/Remote-First,,
Surge,https://catalyte.wd1.myworkdayjobs.com/catalyte,,"Async/Remote-First, Backend","100% remote consulting company working primarily in Node.JS, iOS, .NET, PHP, and Android",
Square,https://block.xyz/careers/jobs?businessUnits[]=square,,Async/Remote-First,Square helps millions of sellers run their business-from secure credit card processing to point of sale solutions. Products: Square and Cash App.,
Svix,https://www.svix.com/careers/,,Async/Remote-First,"Open source and hosted webhook service so you can launch webhooks in days, not months.",
Sysdig Cloud,https://sysdig.com/careers/open-positions/,,"Async/Remote-First, DevOps/Cloud",,
Taskade,https://www.taskade.com/contact,,Async/Remote-First,Remote team building real-time collaboration & collaborative editing for teams.,
TaxJar,https://www.taxjar.com,,Async/Remote-First,Eliminate sales tax headaches.,
Teamed.io,https://www.teamed.io/,,Async/Remote-First,,
TeamSnap,https://www.teamsnap.com/company/careers,,Async/Remote-First,TeamSnap is the No. 1 online sports team management software. 80% remote employees,
TED,https://www.ted.com/about/our-organization/jobs-at-ted,,"Async/Remote-First, Backend, Frontend","Technology team supports ted.com and internal tools. All engineers are remote. Ruby on Rails, JavaScript, Ember.js",
Tesera,https://www.tesera.com/,,Async/Remote-First,We disrupt conventional thinking to expand what is possible. We ignite change in the future we share.,
The Grid,https://thegrid.io/,,"AI/ML, Async/Remote-First",AI website builder. 100% distributed team.,
Thermeon,https://thermeon.com/vacancies/,,Async/Remote-First,Car rental software - 100% remote technical team,
Thorn,https://thorn.org/careers,,Async/Remote-First,"100% remote company, building technology to fight child sexual abuse & trafficking online.",
TimeDoctor,https://www.timedoctor.com/about,,Async/Remote-First,"Time tracking with screenshots, web and app usage monitoring, and integrations.",
Toggl,https://toggl.com/jobs/,,Async/Remote-First,,
Toptal,https://www.toptal.com/careers,,Async/Remote-First,"100% remote development company, solving worldwide talent shortage",
Tortuga Backpacks,https://www.tortugabackpacks.com/pages/careers,,Async/Remote-First,Backpacks for city travel.,
Transloadit,https://transloadit.com/jobs/,,Async/Remote-First,"The world's most versatile file uploading & encoding service, since 2009, by devs for devs",
Trello,https://trello.com/jobs,,Async/Remote-First,,
Tribe,https://www.tribexyz.com/careers,,"Async/Remote-First, Europe",Embedded recruiting for European tech companies. Fully remote team of 100+ across Europe.,
TRM labs,https://www.trmlabs.com/careers,,Async/Remote-First,,
Truelogic,https://www.truelogic.io/careers,,"Async/Remote-First, LATAM",Outsourcing company focused on Latin America talent for US companies,
Tyk,https://tyk.io/current-vacancies/,,Async/Remote-First,"API Gateway and API Management. Built with Go, open source.",
Vidalingua,https://www.vidalingua.com/amaze.php,,Async/Remote-First,Bringing language apps to life.,
Water Lily Pond,https://waterlilypond.co.uk/,,Async/Remote-First,Advertising and marketing communication services.,
wemake.services,https://wemake.services/meta/,,"Async/Remote-First, Backend, Frontend, Python","We sell repeatable software development process. Fully remote. Python, JavaScript, Vue",
Wheel,https://www.wheel.com/careers,,"Async/Remote-First, Design/UI/UX",healthcare startup.,
Wikimedia,https://wikimediafoundation.org/about/jobs/,,Async/Remote-First,,
You Need a Budget,https://www.ynab.com/careers,,Async/Remote-First,Bank syncing and goals and debt management.,
Quora,https://www.careers.quora.com/,,Async/Remote-First,Q&A site.,
Zamphyr,https://zamphyr.com/,,"Async/Remote-First, Backend, Frontend","School 2.0 for learning computer science. Remote-first, 100% JavaScript mostly Meteor.",
Zapier,https://zapier.com/about,,Async/Remote-First,,
ZipRecruiter,https://www.ziprecruiter.com/careers,,Async/Remote-First,Perl/Catalyst shop that has some of the best Perl devs working remotely.,
